startTime,logId,activityName,activityTypeId,originalStartTime,duration,durationMinutes,calories,steps,distance,distanceUnit,logType,hasGps,hasStartTime,averageHeartRate,heartRateZones,activeZoneMinutes
2025-12-03 06:54:37+09:00,5667773472718017992,Bike,90001,2025-12-03T06:54:37.000+09:00,1060000,17,154,,3.047329,Mile,tracker,True,,134.0,"[{'minutes': 1, 'caloriesOut': 18.696314, 'name': 'Out of Range', 'min': 30, 'max': 102}, {'minutes': 2, 'caloriesOut': 16.230866, 'name': 'Fat Burn', 'min': 103, 'max': 128}, {'minutes': 14, 'caloriesOut': 119.985136, 'name': 'Cardio', 'min': 129, 'max': 160}, {'minutes': 0, 'caloriesOut': 0.0, 'name': 'Peak', 'min': 161, 'max': 220}]","{'totalMinutes': 30, 'minutesInHeartRateZones': [{'minutes': 0, 'zoneName': 'Out of Range', 'order': 0, 'type': 'OUT_OF_ZONE', 'minuteMultiplier': 0}, {'minutes': 2, 'zoneName': 'Fat Burn', 'order': 1, 'type': 'FAT_BURN', 'minuteMultiplier': 1}, {'minutes': 14, 'zoneName': 'Cardio', 'order': 2, 'type': 'CARDIO', 'minuteMultiplier': 2}, {'minutes': 0, 'zoneName': 'Peak', 'order': 3, 'type': 'PEAK', 'minuteMultiplier': 2}]}"
2025-12-03 15:30:45+09:00,8694685614035756360,Walk,90013,2025-12-03T15:30:45.000+09:00,820000,13,74,1129.0,0.484172,Mile,auto_detected,,,79.0,"[{'minutes': 13, 'caloriesOut': 74.271621, 'name': 'Out of Range', 'min': 30, 'max': 102}, {'minutes': 0, 'caloriesOut': 0.0, 'name': 'Fat Burn', 'min': 103, 'max': 128}, {'minutes': 0, 'caloriesOut': 0.0, 'name': 'Cardio', 'min': 129, 'max': 160}, {'minutes': 0, 'caloriesOut': 0.0, 'name': 'Peak', 'min': 161, 'max': 220}]","{'totalMinutes': 0, 'minutesInHeartRateZones': [{'minutes': 0, 'zoneName': 'Out of Range', 'order': 0, 'type': 'OUT_OF_ZONE', 'minuteMultiplier': 0}, {'minutes': 0, 'zoneName': 'Fat Burn', 'order': 1, 'type': 'FAT_BURN', 'minuteMultiplier': 1}, {'minutes': 0, 'zoneName': 'Cardio', 'order': 2, 'type': 'CARDIO', 'minuteMultiplier': 2}, {'minutes': 0, 'zoneName': 'Peak', 'order': 3, 'type': 'PEAK', 'minuteMultiplier': 2}]}"
2025-12-03 20:08:08+09:00,2595987105288998592,Outdoor Bike,1071,2025-12-03T20:08:08.000+09:00,1536000,25,94,,0.276324,Mile,auto_detected,,,93.0,"[{'minutes': 22, 'caloriesOut': 82.695235, 'name': 'Out of Range', 'min': 30, 'max': 102}, {'minutes': 3, 'caloriesOut': 11.916332, 'name': 'Fat Burn', 'min': 103, 'max': 128}, {'minutes': 0, 'caloriesOut': 0.0, 'name': 'Cardio', 'min': 129, 'max': 160}, {'minutes': 0, 'caloriesOut': 0.0, 'name': 'Peak', 'min': 161, 'max': 220}]","{'totalMinutes': 3, 'minutesInHeartRateZones': [{'minutes': 0, 'zoneName': 'Out of Range', 'order': 0, 'type': 'OUT_OF_ZONE', 'minuteMultiplier': 0}, {'minutes': 3, 'zoneName': 'Fat Burn', 'order': 1, 'type': 'FAT_BURN', 'minuteMultiplier': 1}, {'minutes': 0, 'zoneName': 'Cardio', 'order': 2, 'type': 'CARDIO', 'minuteMultiplier': 2}, {'minutes': 0, 'zoneName': 'Peak', 'order': 3, 'type': 'PEAK', 'minuteMultiplier': 2}]}"
2025-12-04 06:59:49+09:00,4153080040503379768,Bike,90001,2025-12-04T06:59:49.000+09:00,1262000,21,133,,3.359711,Mile,tracker,True,,113.0,"[{'minutes': 7, 'caloriesOut': 44.788972, 'name': 'Out of Range', 'min': 30, 'max': 102}, {'minutes': 11, 'caloriesOut': 64.71801, 'name': 'Fat Burn', 'min': 103, 'max': 128}, {'minutes': 3, 'caloriesOut': 23.832664, 'name': 'Cardio', 'min': 129, 'max': 160}, {'minutes': 0, 'caloriesOut': 0.0, 'name': 'Peak', 'min': 161, 'max': 220}]","{'totalMinutes': 17, 'minutesInHeartRateZones': [{'minutes': 0, 'zoneName': 'Out of Range', 'order': 0, 'type': 'OUT_OF_ZONE', 'minuteMultiplier': 0}, {'minutes': 11, 'zoneName': 'Fat Burn', 'order': 1, 'type': 'FAT_BURN', 'minuteMultiplier': 1}, {'minutes': 3, 'zoneName': 'Cardio', 'order': 2, 'type': 'CARDIO', 'minuteMultiplier': 2}, {'minutes': 0, 'zoneName': 'Peak', 'order': 3, 'type': 'PEAK', 'minuteMultiplier': 2}]}"
2025-12-04 07:30:00+09:00,6886420793854478880,Meditating,7075,2025-12-04T07:30:00.000+09:00,300000,5,5,0.0,0.0,Mile,manual,,,76.0,"[{'minutes': 5, 'caloriesOut': 5.649985, 'name': 'Out of Range', 'min': 30, 'max': 102}, {'minutes': 0, 'caloriesOut': 0.0, 'name': 'Fat Burn', 'min': 103, 'max': 128}, {'minutes': 0, 'caloriesOut': 0.0, 'name': 'Cardio', 'min': 129, 'max': 160}, {'minutes': 0, 'caloriesOut': 0.0, 'name': 'Peak', 'min': 161, 'max': 220}]","{'totalMinutes': 0, 'minutesInHeartRateZones': [{'minutes': 0, 'zoneName': 'Out of Range', 'order': 0, 'type': 'OUT_OF_ZONE', 'minuteMultiplier': 0}, {'minutes': 0, 'zoneName': 'Fat Burn', 'order': 1, 'type': 'FAT_BURN', 'minuteMultiplier': 1}, {'minutes': 0, 'zoneName': 'Cardio', 'order': 2, 'type': 'CARDIO', 'minuteMultiplier': 2}, {'minutes': 0, 'zoneName': 'Peak', 'order': 3, 'type': 'PEAK', 'minuteMultiplier': 2}]}"
2025-12-04 16:05:06+09:00,141344547042938984,Weights,2131,2025-12-04T16:05:06.000+09:00,911000,15,45,119.0,,,tracker,,,83.0,"[{'minutes': 14, 'caloriesOut': 45.713515, 'name': 'Out of Range', 'min': 30, 'max': 102}, {'minutes': 1, 'caloriesOut': 0.0, 'name': 'Fat Burn', 'min': 103, 'max': 128}, {'minutes': 0, 'caloriesOut': 0.0, 'name': 'Cardio', 'min': 129, 'max': 160}, {'minutes': 0, 'caloriesOut': 0.0, 'name': 'Peak', 'min': 161, 'max': 220}]","{'totalMinutes': 1, 'minutesInHeartRateZones': [{'minutes': 0, 'zoneName': 'Out of Range', 'order': 0, 'type': 'OUT_OF_ZONE', 'minuteMultiplier': 0}, {'minutes': 1, 'zoneName': 'Fat Burn', 'order': 1, 'type': 'FAT_BURN', 'minuteMultiplier': 1}, {'minutes': 0, 'zoneName': 'Cardio', 'order': 2, 'type': 'CARDIO', 'minuteMultiplier': 2}, {'minutes': 0, 'zoneName': 'Peak', 'order': 3, 'type': 'PEAK', 'minuteMultiplier': 2}]}"
2025-12-04 20:23:52+09:00,2920442260846225632,Outdoor Bike,1071,2025-12-04T20:23:52.000+09:00,766000,12,69,,0.224315,Mile,auto_detected,,,103.0,"[{'minutes': 7, 'caloriesOut': 40.988073, 'name': 'Out of Range', 'min': 30, 'max': 102}, {'minutes': 5, 'caloriesOut': 28.147198, 'name': 'Fat Burn', 'min': 103, 'max': 128}, {'minutes': 0, 'caloriesOut': 0.0, 'name': 'Cardio', 'min': 129, 'max': 160}, {'minutes': 0, 'caloriesOut': 0.0, 'name': 'Peak', 'min': 161, 'max': 220}]","{'totalMinutes': 5, 'minutesInHeartRateZones': [{'minutes': 0, 'zoneName': 'Out of Range', 'order': 0, 'type': 'OUT_OF_ZONE', 'minuteMultiplier': 0}, {'minutes': 5, 'zoneName': 'Fat Burn', 'order': 1, 'type': 'FAT_BURN', 'minuteMultiplier': 1}, {'minutes': 0, 'zoneName': 'Cardio', 'order': 2, 'type': 'CARDIO', 'minuteMultiplier': 2}, {'minutes': 0, 'zoneName': 'Peak', 'order': 3, 'type': 'PEAK', 'minuteMultiplier': 2}]}"
2025-12-05 06:55:01+09:00,255616408978718856,Bike,90001,2025-12-05T06:55:01.000+09:00,1201000,20,147,,3.086059,Mile,tracker,True,,122.0,"[{'minutes': 5, 'caloriesOut': 32.461732, 'name': 'Out of Range', 'min': 30, 'max': 102}, {'minutes': 3, 'caloriesOut': 19.929038, 'name': 'Fat Burn', 'min': 103, 'max': 128}, {'minutes': 12, 'caloriesOut': 95.330656, 'name': 'Cardio', 'min': 129, 'max': 160}, {'minutes': 0, 'caloriesOut': 0.0, 'name': 'Peak', 'min': 161, 'max': 220}]","{'totalMinutes': 27, 'minutesInHeartRateZones': [{'minutes': 0, 'zoneName': 'Out of Range', 'order': 0, 'type': 'OUT_OF_ZONE', 'minuteMultiplier': 0}, {'minutes': 3, 'zoneName': 'Fat Burn', 'order': 1, 'type': 'FAT_BURN', 'minuteMultiplier': 1}, {'minutes': 12, 'zoneName': 'Cardio', 'order': 2, 'type': 'CARDIO', 'minuteMultiplier': 2}, {'minutes': 0, 'zoneName': 'Peak', 'order': 3, 'type': 'PEAK', 'minuteMultiplier': 2}]}"
2025-12-05 07:30:00+09:00,1251603949146347456,Meditating,7075,2025-12-05T07:30:00.000+09:00,300000,5,6,0.0,0.0,Mile,manual,,,76.0,"[{'minutes': 5, 'caloriesOut': 6.16362, 'name': 'Out of Range', 'min': 30, 'max': 102}, {'minutes': 0, 'caloriesOut': 0.0, 'name': 'Fat Burn', 'min': 103, 'max': 128}, {'minutes': 0, 'caloriesOut': 0.0, 'name': 'Cardio', 'min': 129, 'max': 160}, {'minutes': 0, 'caloriesOut': 0.0, 'name': 'Peak', 'min': 161, 'max': 220}]","{'totalMinutes': 0, 'minutesInHeartRateZones': [{'minutes': 0, 'zoneName': 'Out of Range', 'order': 0, 'type': 'OUT_OF_ZONE', 'minuteMultiplier': 0}, {'minutes': 0, 'zoneName': 'Fat Burn', 'order': 1, 'type': 'FAT_BURN', 'minuteMultiplier': 1}, {'minutes': 0, 'zoneName': 'Cardio', 'order': 2, 'type': 'CARDIO', 'minuteMultiplier': 2}, {'minutes': 0, 'zoneName': 'Peak', 'order': 3, 'type': 'PEAK', 'minuteMultiplier': 2}]}"
2025-12-05 13:58:09+09:00,4810222644915021912,Weights,2131,2025-12-05T13:58:09.000+09:00,988000,16,47,142.0,,,tracker,,,82.0,"[{'minutes': 16, 'caloriesOut': 47.768055, 'name': 'Out of Range', 'min': 30, 'max': 102}, {'minutes': 0, 'caloriesOut': 0.0, 'name': 'Fat Burn', 'min': 103, 'max': 128}, {'minutes': 0, 'caloriesOut': 0.0, 'name': 'Cardio', 'min': 129, 'max': 160}, {'minutes': 0, 'caloriesOut': 0.0, 'name': 'Peak', 'min': 161, 'max': 220}]","{'totalMinutes': 0, 'minutesInHeartRateZones': [{'minutes': 0, 'zoneName': 'Out of Range', 'order': 0, 'type': 'OUT_OF_ZONE', 'minuteMultiplier': 0}, {'minutes': 0, 'zoneName': 'Fat Burn', 'order': 1, 'type': 'FAT_BURN', 'minuteMultiplier': 1}, {'minutes': 0, 'zoneName': 'Cardio', 'order': 2, 'type': 'CARDIO', 'minuteMultiplier': 2}, {'minutes': 0, 'zoneName': 'Peak', 'order': 3, 'type': 'PEAK', 'minuteMultiplier': 2}]}"
2025-12-05 19:24:29+09:00,2994531767357660752,Outdoor Bike,1071,2025-12-05T19:24:29.000+09:00,923000,15,47,,0.117563,Mile,auto_detected,,,88.0,"[{'minutes': 13, 'caloriesOut': 39.447168, 'name': 'Out of Range', 'min': 30, 'max': 102}, {'minutes': 2, 'caloriesOut': 7.601798, 'name': 'Fat Burn', 'min': 103, 'max': 128}, {'minutes': 0, 'caloriesOut': 0.0, 'name': 'Cardio', 'min': 129, 'max': 160}, {'minutes': 0, 'caloriesOut': 0.0, 'name': 'Peak', 'min': 161, 'max': 220}]","{'totalMinutes': 2, 'minutesInHeartRateZones': [{'minutes': 0, 'zoneName': 'Out of Range', 'order': 0, 'type': 'OUT_OF_ZONE', 'minuteMultiplier': 0}, {'minutes': 2, 'zoneName': 'Fat Burn', 'order': 1, 'type': 'FAT_BURN', 'minuteMultiplier': 1}, {'minutes': 0, 'zoneName': 'Cardio', 'order': 2, 'type': 'CARDIO', 'minuteMultiplier': 2}, {'minutes': 0, 'zoneName': 'Peak', 'order': 3, 'type': 'PEAK', 'minuteMultiplier': 2}]}"
2025-12-05 20:53:13+09:00,4081165994656601880,Outdoor Bike,1071,2025-12-05T20:53:13.000+09:00,616000,10,23,,0.040886,Mile,auto_detected,,,82.0,"[{'minutes': 10, 'caloriesOut': 23.524483, 'name': 'Out of Range', 'min': 30, 'max': 102}, {'minutes': 0, 'caloriesOut': 0.0, 'name': 'Fat Burn', 'min': 103, 'max': 128}, {'minutes': 0, 'caloriesOut': 0.0, 'name': 'Cardio', 'min': 129, 'max': 160}, {'minutes': 0, 'caloriesOut': 0.0, 'name': 'Peak', 'min': 161, 'max': 220}]","{'totalMinutes': 0, 'minutesInHeartRateZones': [{'minutes': 0, 'zoneName': 'Out of Range', 'order': 0, 'type': 'OUT_OF_ZONE', 'minuteMultiplier': 0}, {'minutes': 0, 'zoneName': 'Fat Burn', 'order': 1, 'type': 'FAT_BURN', 'minuteMultiplier': 1}, {'minutes': 0, 'zoneName': 'Cardio', 'order': 2, 'type': 'CARDIO', 'minuteMultiplier': 2}, {'minutes': 0, 'zoneName': 'Peak', 'order': 3, 'type': 'PEAK', 'minuteMultiplier': 2}]}"
2025-12-06 05:54:16+09:00,8007840789743849064,Outdoor Bike,1071,2025-12-06T05:54:16.000+09:00,869000,14,106,,0.280363,Mile,auto_detected,,,125.0,"[{'minutes': 4, 'caloriesOut': 30.201738, 'name': 'Out of Range', 'min': 30, 'max': 102}, {'minutes': 3, 'caloriesOut': 14.998142, 'name': 'Fat Burn', 'min': 103, 'max': 128}, {'minutes': 7, 'caloriesOut': 61.225292, 'name': 'Cardio', 'min': 129, 'max': 160}, {'minutes': 0, 'caloriesOut': 0.0, 'name': 'Peak', 'min': 161, 'max': 220}]","{'totalMinutes': 17, 'minutesInHeartRateZones': [{'minutes': 0, 'zoneName': 'Out of Range', 'order': 0, 'type': 'OUT_OF_ZONE', 'minuteMultiplier': 0}, {'minutes': 3, 'zoneName': 'Fat Burn', 'order': 1, 'type': 'FAT_BURN', 'minuteMultiplier': 1}, {'minutes': 7, 'zoneName': 'Cardio', 'order': 2, 'type': 'CARDIO', 'minuteMultiplier': 2}, {'minutes': 0, 'zoneName': 'Peak', 'order': 3, 'type': 'PEAK', 'minuteMultiplier': 2}]}"
2025-12-06 08:37:14+09:00,1484978082956049576,Outdoor Bike,1071,2025-12-06T08:37:14.000+09:00,973000,16,67,,0.321373,Mile,auto_detected,,,92.0,"[{'minutes': 15, 'caloriesOut': 63.69074, 'name': 'Out of Range', 'min': 30, 'max': 102}, {'minutes': 1, 'caloriesOut': 3.698172, 'name': 'Fat Burn', 'min': 103, 'max': 128}, {'minutes': 0, 'caloriesOut': 0.0, 'name': 'Cardio', 'min': 129, 'max': 160}, {'minutes': 0, 'caloriesOut': 0.0, 'name': 'Peak', 'min': 161, 'max': 220}]","{'totalMinutes': 1, 'minutesInHeartRateZones': [{'minutes': 0, 'zoneName': 'Out of Range', 'order': 0, 'type': 'OUT_OF_ZONE', 'minuteMultiplier': 0}, {'minutes': 1, 'zoneName': 'Fat Burn', 'order': 1, 'type': 'FAT_BURN', 'minuteMultiplier': 1}, {'minutes': 0, 'zoneName': 'Cardio', 'order': 2, 'type': 'CARDIO', 'minuteMultiplier': 2}, {'minutes': 0, 'zoneName': 'Peak', 'order': 3, 'type': 'PEAK', 'minuteMultiplier': 2}]}"
2025-12-06 19:59:53+09:00,5920440226219354248,Outdoor Bike,1071,2025-12-06T19:59:53.000+09:00,1690000,28,86,,0.227795,Mile,auto_detected,,,99.0,"[{'minutes': 17, 'caloriesOut': 54.034402, 'name': 'Out of Range', 'min': 30, 'max': 102}, {'minutes': 11, 'caloriesOut': 32.153551, 'name': 'Fat Burn', 'min': 103, 'max': 128}, {'minutes': 0, 'caloriesOut': 0.0, 'name': 'Cardio', 'min': 129, 'max': 160}, {'minutes': 0, 'caloriesOut': 0.0, 'name': 'Peak', 'min': 161, 'max': 220}]","{'totalMinutes': 11, 'minutesInHeartRateZones': [{'minutes': 0, 'zoneName': 'Out of Range', 'order': 0, 'type': 'OUT_OF_ZONE', 'minuteMultiplier': 0}, {'minutes': 11, 'zoneName': 'Fat Burn', 'order': 1, 'type': 'FAT_BURN', 'minuteMultiplier': 1}, {'minutes': 0, 'zoneName': 'Cardio', 'order': 2, 'type': 'CARDIO', 'minuteMultiplier': 2}, {'minutes': 0, 'zoneName': 'Peak', 'order': 3, 'type': 'PEAK', 'minuteMultiplier': 2}]}"
2025-12-07 05:54:39+09:00,8043476162911553960,Outdoor Bike,1071,2025-12-07T05:54:39.000+09:00,1636000,27,85,,0.24221,Mile,auto_detected,,,87.0,"[{'minutes': 25, 'caloriesOut': 79.09979, 'name': 'Out of Range', 'min': 30, 'max': 102}, {'minutes': 2, 'caloriesOut': 6.779982, 'name': 'Fat Burn', 'min': 103, 'max': 128}, {'minutes': 0, 'caloriesOut': 0.0, 'name': 'Cardio', 'min': 129, 'max': 160}, {'minutes': 0, 'caloriesOut': 0.0, 'name': 'Peak', 'min': 161, 'max': 220}]","{'totalMinutes': 2, 'minutesInHeartRateZones': [{'minutes': 0, 'zoneName': 'Out of Range', 'order': 0, 'type': 'OUT_OF_ZONE', 'minuteMultiplier': 0}, {'minutes': 2, 'zoneName': 'Fat Burn', 'order': 1, 'type': 'FAT_BURN', 'minuteMultiplier': 1}, {'minutes': 0, 'zoneName': 'Cardio', 'order': 2, 'type': 'CARDIO', 'minuteMultiplier': 2}, {'minutes': 0, 'zoneName': 'Peak', 'order': 3, 'type': 'PEAK', 'minuteMultiplier': 2}]}"
2025-12-07 06:40:00+09:00,3565849077135873280,Meditating,7075,2025-12-07T06:40:00.000+09:00,4500000,75,77,0.0,0.0,Mile,manual,,,,"[{'minutes': 75, 'caloriesOut': 77.04525, 'name': 'Out of Range', 'min': 30, 'max': 102}, {'minutes': 0, 'caloriesOut': 0.0, 'name': 'Fat Burn', 'min': 103, 'max': 128}, {'minutes': 0, 'caloriesOut': 0.0, 'name': 'Cardio', 'min': 129, 'max': 160}, {'minutes': 0, 'caloriesOut': 0.0, 'name': 'Peak', 'min': 161, 'max': 220}]","{'totalMinutes': 0, 'minutesInHeartRateZones': [{'minutes': 0, 'zoneName': 'Out of Range', 'order': 0, 'type': 'OUT_OF_ZONE', 'minuteMultiplier': 0}, {'minutes': 0, 'zoneName': 'Fat Burn', 'order': 1, 'type': 'FAT_BURN', 'minuteMultiplier': 1}, {'minutes': 0, 'zoneName': 'Cardio', 'order': 2, 'type': 'CARDIO', 'minuteMultiplier': 2}, {'minutes': 0, 'zoneName': 'Peak', 'order': 3, 'type': 'PEAK', 'minuteMultiplier': 2}]}"
2025-12-07 08:14:36+09:00,4353406639894666064,Outdoor Bike,1071,2025-12-07T08:14:36.000+09:00,1024000,17,84,,0.467147,Mile,auto_detected,,,88.0,"[{'minutes': 17, 'caloriesOut': 84.441594, 'name': 'Out of Range', 'min': 30, 'max': 102}, {'minutes': 0, 'caloriesOut': 0.0, 'name': 'Fat Burn', 'min': 103, 'max': 128}, {'minutes': 0, 'caloriesOut': 0.0, 'name': 'Cardio', 'min': 129, 'max': 160}, {'minutes': 0, 'caloriesOut': 0.0, 'name': 'Peak', 'min': 161, 'max': 220}]","{'totalMinutes': 0, 'minutesInHeartRateZones': [{'minutes': 0, 'zoneName': 'Out of Range', 'order': 0, 'type': 'OUT_OF_ZONE', 'minuteMultiplier': 0}, {'minutes': 0, 'zoneName': 'Fat Burn', 'order': 1, 'type': 'FAT_BURN', 'minuteMultiplier': 1}, {'minutes': 0, 'zoneName': 'Cardio', 'order': 2, 'type': 'CARDIO', 'minuteMultiplier': 2}, {'minutes': 0, 'zoneName': 'Peak', 'order': 3, 'type': 'PEAK', 'minuteMultiplier': 2}]}"
2025-12-07 14:33:38+09:00,3863371579286139872,Weights,2131,2025-12-07T14:33:38.000+09:00,1089000,18,67,122.0,,,tracker,,,100.0,"[{'minutes': 10, 'caloriesOut': 35.338088, 'name': 'Out of Range', 'min': 30, 'max': 102}, {'minutes': 8, 'caloriesOut': 32.359005, 'name': 'Fat Burn', 'min': 103, 'max': 128}, {'minutes': 0, 'caloriesOut': 0.0, 'name': 'Cardio', 'min': 129, 'max': 160}, {'minutes': 0, 'caloriesOut': 0.0, 'name': 'Peak', 'min': 161, 'max': 220}]","{'totalMinutes': 8, 'minutesInHeartRateZones': [{'minutes': 0, 'zoneName': 'Out of Range', 'order': 0, 'type': 'OUT_OF_ZONE', 'minuteMultiplier': 0}, {'minutes': 8, 'zoneName': 'Fat Burn', 'order': 1, 'type': 'FAT_BURN', 'minuteMultiplier': 1}, {'minutes': 0, 'zoneName': 'Cardio', 'order': 2, 'type': 'CARDIO', 'minuteMultiplier': 2}, {'minutes': 0, 'zoneName': 'Peak', 'order': 3, 'type': 'PEAK', 'minuteMultiplier': 2}]}"
2025-12-07 20:14:47+09:00,1881685474727509088,Outdoor Bike,1071,2025-12-07T20:14:47.000+09:00,2714000,45,165,,0.390221,Mile,auto_detected,,,93.0,"[{'minutes': 40, 'caloriesOut': 141.660533, 'name': 'Out of Range', 'min': 30, 'max': 102}, {'minutes': 5, 'caloriesOut': 23.729937, 'name': 'Fat Burn', 'min': 103, 'max': 128}, {'minutes': 0, 'caloriesOut': 0.0, 'name': 'Cardio', 'min': 129, 'max': 160}, {'minutes': 0, 'caloriesOut': 0.0, 'name': 'Peak', 'min': 161, 'max': 220}]","{'totalMinutes': 5, 'minutesInHeartRateZones': [{'minutes': 0, 'zoneName': 'Out of Range', 'order': 0, 'type': 'OUT_OF_ZONE', 'minuteMultiplier': 0}, {'minutes': 5, 'zoneName': 'Fat Burn', 'order': 1, 'type': 'FAT_BURN', 'minuteMultiplier': 1}, {'minutes': 0, 'zoneName': 'Cardio', 'order': 2, 'type': 'CARDIO', 'minuteMultiplier': 2}, {'minutes': 0, 'zoneName': 'Peak', 'order': 3, 'type': 'PEAK', 'minuteMultiplier': 2}]}"
2025-12-08 06:56:57+09:00,5765315131690499984,Bike,90001,2025-12-08T06:56:57.000+09:00,941000,15,101,,2.630382,Mile,tracker,True,,132.0,"[{'minutes': 2, 'caloriesOut': 26.092658, 'name': 'Out of Range', 'min': 30, 'max': 102}, {'minutes': 2, 'caloriesOut': 13.149056, 'name': 'Fat Burn', 'min': 103, 'max': 128}, {'minutes': 10, 'caloriesOut': 56.294396, 'name': 'Cardio', 'min': 129, 'max': 160}, {'minutes': 1, 'caloriesOut': 6.16362, 'name': 'Peak', 'min': 161, 'max': 220}]","{'totalMinutes': 24, 'minutesInHeartRateZones': [{'minutes': 0, 'zoneName': 'Out of Range', 'order': 0, 'type': 'OUT_OF_ZONE', 'minuteMultiplier': 0}, {'minutes': 2, 'zoneName': 'Fat Burn', 'order': 1, 'type': 'FAT_BURN', 'minuteMultiplier': 1}, {'minutes': 10, 'zoneName': 'Cardio', 'order': 2, 'type': 'CARDIO', 'minuteMultiplier': 2}, {'minutes': 1, 'zoneName': 'Peak', 'order': 3, 'type': 'PEAK', 'minuteMultiplier': 2}]}"
2025-12-08 14:53:36+09:00,7250867963852228320,Weights,2131,2025-12-08T14:53:36.000+09:00,1103000,18,35,110.0,,,tracker,,,76.0,"[{'minutes': 18, 'caloriesOut': 35.338088, 'name': 'Out of Range', 'min': 30, 'max': 102}, {'minutes': 0, 'caloriesOut': 0.0, 'name': 'Fat Burn', 'min': 103, 'max': 128}, {'minutes': 0, 'caloriesOut': 0.0, 'name': 'Cardio', 'min': 129, 'max': 160}, {'minutes': 0, 'caloriesOut': 0.0, 'name': 'Peak', 'min': 161, 'max': 220}]","{'totalMinutes': 0, 'minutesInHeartRateZones': [{'minutes': 0, 'zoneName': 'Out of Range', 'order': 0, 'type': 'OUT_OF_ZONE', 'minuteMultiplier': 0}, {'minutes': 0, 'zoneName': 'Fat Burn', 'order': 1, 'type': 'FAT_BURN', 'minuteMultiplier': 1}, {'minutes': 0, 'zoneName': 'Cardio', 'order': 2, 'type': 'CARDIO', 'minuteMultiplier': 2}, {'minutes': 0, 'zoneName': 'Peak', 'order': 3, 'type': 'PEAK', 'minuteMultiplier': 2}]}"
2025-12-08 20:22:51+09:00,26628357085639160,Outdoor Bike,1071,2025-12-08T20:22:51.000+09:00,819000,13,66,,0.153292,Mile,auto_detected,,,105.0,"[{'minutes': 7, 'caloriesOut': 43.042613, 'name': 'Out of Range', 'min': 30, 'max': 102}, {'minutes': 4, 'caloriesOut': 14.176326, 'name': 'Fat Burn', 'min': 103, 'max': 128}, {'minutes': 2, 'caloriesOut': 8.834522, 'name': 'Cardio', 'min': 129, 'max': 160}, {'minutes': 0, 'caloriesOut': 0.0, 'name': 'Peak', 'min': 161, 'max': 220}]","{'totalMinutes': 8, 'minutesInHeartRateZones': [{'minutes': 0, 'zoneName': 'Out of Range', 'order': 0, 'type': 'OUT_OF_ZONE', 'minuteMultiplier': 0}, {'minutes': 4, 'zoneName': 'Fat Burn', 'order': 1, 'type': 'FAT_BURN', 'minuteMultiplier': 1}, {'minutes': 2, 'zoneName': 'Cardio', 'order': 2, 'type': 'CARDIO', 'minuteMultiplier': 2}, {'minutes': 0, 'zoneName': 'Peak', 'order': 3, 'type': 'PEAK', 'minuteMultiplier': 2}]}"
2025-12-09 06:47:04+09:00,7219536032607607328,Bike,90001,2025-12-09T06:47:04.000+09:00,1028000,17,128,,3.133556,Mile,tracker,True,,125.0,"[{'minutes': 2, 'caloriesOut': 21.57267, 'name': 'Out of Range', 'min': 30, 'max': 102}, {'minutes': 6, 'caloriesOut': 44.788972, 'name': 'Fat Burn', 'min': 103, 'max': 128}, {'minutes': 9, 'caloriesOut': 62.355289, 'name': 'Cardio', 'min': 129, 'max': 160}, {'minutes': 0, 'caloriesOut': 0.0, 'name': 'Peak', 'min': 161, 'max': 220}]","{'totalMinutes': 24, 'minutesInHeartRateZones': [{'minutes': 0, 'zoneName': 'Out of Range', 'order': 0, 'type': 'OUT_OF_ZONE', 'minuteMultiplier': 0}, {'minutes': 6, 'zoneName': 'Fat Burn', 'order': 1, 'type': 'FAT_BURN', 'minuteMultiplier': 1}, {'minutes': 9, 'zoneName': 'Cardio', 'order': 2, 'type': 'CARDIO', 'minuteMultiplier': 2}, {'minutes': 0, 'zoneName': 'Peak', 'order': 3, 'type': 'PEAK', 'minuteMultiplier': 2}]}"
2025-12-09 07:15:00+09:00,4113833091275954688,Meditating,7075,2025-12-09T07:15:00.000+09:00,300000,5,5,0.0,0.0,Mile,manual,,,84.0,"[{'minutes': 5, 'caloriesOut': 5.855439, 'name': 'Out of Range', 'min': 30, 'max': 102}, {'minutes': 0, 'caloriesOut': 0.0, 'name': 'Fat Burn', 'min': 103, 'max': 128}, {'minutes': 0, 'caloriesOut': 0.0, 'name': 'Cardio', 'min': 129, 'max': 160}, {'minutes': 0, 'caloriesOut': 0.0, 'name': 'Peak', 'min': 161, 'max': 220}]","{'totalMinutes': 0, 'minutesInHeartRateZones': [{'minutes': 0, 'zoneName': 'Out of Range', 'order': 0, 'type': 'OUT_OF_ZONE', 'minuteMultiplier': 0}, {'minutes': 0, 'zoneName': 'Fat Burn', 'order': 1, 'type': 'FAT_BURN', 'minuteMultiplier': 1}, {'minutes': 0, 'zoneName': 'Cardio', 'order': 2, 'type': 'CARDIO', 'minuteMultiplier': 2}, {'minutes': 0, 'zoneName': 'Peak', 'order': 3, 'type': 'PEAK', 'minuteMultiplier': 2}]}"
2025-12-09 16:14:55+09:00,2928161956356368976,Walk,90013,2025-12-09T16:14:55.000+09:00,666000,11,61,909.0,0.384318,Mile,auto_detected,,,84.0,"[{'minutes': 11, 'caloriesOut': 61.430746, 'name': 'Out of Range', 'min': 30, 'max': 102}, {'minutes': 0, 'caloriesOut': 0.0, 'name': 'Fat Burn', 'min': 103, 'max': 128}, {'minutes': 0, 'caloriesOut': 0.0, 'name': 'Cardio', 'min': 129, 'max': 160}, {'minutes': 0, 'caloriesOut': 0.0, 'name': 'Peak', 'min': 161, 'max': 220}]","{'totalMinutes': 0, 'minutesInHeartRateZones': [{'minutes': 0, 'zoneName': 'Out of Range', 'order': 0, 'type': 'OUT_OF_ZONE', 'minuteMultiplier': 0}, {'minutes': 0, 'zoneName': 'Fat Burn', 'order': 1, 'type': 'FAT_BURN', 'minuteMultiplier': 1}, {'minutes': 0, 'zoneName': 'Cardio', 'order': 2, 'type': 'CARDIO', 'minuteMultiplier': 2}, {'minutes': 0, 'zoneName': 'Peak', 'order': 3, 'type': 'PEAK', 'minuteMultiplier': 2}]}"
2025-12-09 20:39:26+09:00,6775337826945154664,Outdoor Bike,1071,2025-12-09T20:39:26.000+09:00,1382000,23,83,,0.141548,Mile,auto_detected,,,95.0,"[{'minutes': 20, 'caloriesOut': 70.676176, 'name': 'Out of Range', 'min': 30, 'max': 102}, {'minutes': 3, 'caloriesOut': 13.149056, 'name': 'Fat Burn', 'min': 103, 'max': 128}, {'minutes': 0, 'caloriesOut': 0.0, 'name': 'Cardio', 'min': 129, 'max': 160}, {'minutes': 0, 'caloriesOut': 0.0, 'name': 'Peak', 'min': 161, 'max': 220}]","{'totalMinutes': 3, 'minutesInHeartRateZones': [{'minutes': 0, 'zoneName': 'Out of Range', 'order': 0, 'type': 'OUT_OF_ZONE', 'minuteMultiplier': 0}, {'minutes': 3, 'zoneName': 'Fat Burn', 'order': 1, 'type': 'FAT_BURN', 'minuteMultiplier': 1}, {'minutes': 0, 'zoneName': 'Cardio', 'order': 2, 'type': 'CARDIO', 'minuteMultiplier': 2}, {'minutes': 0, 'zoneName': 'Peak', 'order': 3, 'type': 'PEAK', 'minuteMultiplier': 2}]}"
2025-12-10 07:04:59+09:00,436939295079526576,Bike,90001,2025-12-10T07:04:59.000+09:00,1179000,19,130,,3.1347,Mile,tracker,True,,118.0,"[{'minutes': 4, 'caloriesOut': 30.201738, 'name': 'Out of Range', 'min': 30, 'max': 102}, {'minutes': 8, 'caloriesOut': 45.19988, 'name': 'Fat Burn', 'min': 103, 'max': 128}, {'minutes': 7, 'caloriesOut': 55.47258, 'name': 'Cardio', 'min': 129, 'max': 160}, {'minutes': 0, 'caloriesOut': 0.0, 'name': 'Peak', 'min': 161, 'max': 220}]","{'totalMinutes': 22, 'minutesInHeartRateZones': [{'minutes': 0, 'zoneName': 'Out of Range', 'order': 0, 'type': 'OUT_OF_ZONE', 'minuteMultiplier': 0}, {'minutes': 8, 'zoneName': 'Fat Burn', 'order': 1, 'type': 'FAT_BURN', 'minuteMultiplier': 1}, {'minutes': 7, 'zoneName': 'Cardio', 'order': 2, 'type': 'CARDIO', 'minuteMultiplier': 2}, {'minutes': 0, 'zoneName': 'Peak', 'order': 3, 'type': 'PEAK', 'minuteMultiplier': 2}]}"
2025-12-10 07:13:00+09:00,3625515310123406416,Meditating,7075,2025-12-10T07:13:00.000+09:00,480000,8,56,400.0,0.166776,Mile,manual,,,129.0,"[{'minutes': 0, 'caloriesOut': 0.0, 'name': 'Out of Range', 'min': 30, 'max': 102}, {'minutes': 4, 'caloriesOut': 25.887204, 'name': 'Fat Burn', 'min': 103, 'max': 128}, {'minutes': 4, 'caloriesOut': 30.612646, 'name': 'Cardio', 'min': 129, 'max': 160}, {'minutes': 0, 'caloriesOut': 0.0, 'name': 'Peak', 'min': 161, 'max': 220}]","{'totalMinutes': 12, 'minutesInHeartRateZones': [{'minutes': 0, 'zoneName': 'Out of Range', 'order': 0, 'type': 'OUT_OF_ZONE', 'minuteMultiplier': 0}, {'minutes': 4, 'zoneName': 'Fat Burn', 'order': 1, 'type': 'FAT_BURN', 'minuteMultiplier': 1}, {'minutes': 4, 'zoneName': 'Cardio', 'order': 2, 'type': 'CARDIO', 'minuteMultiplier': 2}, {'minutes': 0, 'zoneName': 'Peak', 'order': 3, 'type': 'PEAK', 'minuteMultiplier': 2}]}"
2025-12-10 14:01:00+09:00,6150328506175391896,Strength training,91042,2025-12-10T14:01:26.000+09:00,1200000,20,62,210.0,,,tracker,,,83.0,"[{'minutes': 20, 'caloriesOut': 62.971651, 'name': 'Out of Range', 'min': 30, 'max': 102}, {'minutes': 0, 'caloriesOut': 0.0, 'name': 'Fat Burn', 'min': 103, 'max': 128}, {'minutes': 0, 'caloriesOut': 0.0, 'name': 'Cardio', 'min': 129, 'max': 160}, {'minutes': 0, 'caloriesOut': 0.0, 'name': 'Peak', 'min': 161, 'max': 220}]","{'totalMinutes': 0, 'minutesInHeartRateZones': [{'minutes': 0, 'zoneName': 'Out of Range', 'order': 0, 'type': 'OUT_OF_ZONE', 'minuteMultiplier': 0}, {'minutes': 0, 'zoneName': 'Fat Burn', 'order': 1, 'type': 'FAT_BURN', 'minuteMultiplier': 1}, {'minutes': 0, 'zoneName': 'Cardio', 'order': 2, 'type': 'CARDIO', 'minuteMultiplier': 2}, {'minutes': 0, 'zoneName': 'Peak', 'order': 3, 'type': 'PEAK', 'minuteMultiplier': 2}]}"
2025-12-10 18:22:21+09:00,8343553822393355216,Outdoor Bike,1071,2025-12-10T18:22:21.000+09:00,1439000,23,94,,0.205239,Mile,auto_detected,,,98.0,"[{'minutes': 18, 'caloriesOut': 77.969793, 'name': 'Out of Range', 'min': 30, 'max': 102}, {'minutes': 4, 'caloriesOut': 12.840875, 'name': 'Fat Burn', 'min': 103, 'max': 128}, {'minutes': 1, 'caloriesOut': 4.10908, 'name': 'Cardio', 'min': 129, 'max': 160}, {'minutes': 0, 'caloriesOut': 0.0, 'name': 'Peak', 'min': 161, 'max': 220}]","{'totalMinutes': 6, 'minutesInHeartRateZones': [{'minutes': 0, 'zoneName': 'Out of Range', 'order': 0, 'type': 'OUT_OF_ZONE', 'minuteMultiplier': 0}, {'minutes': 4, 'zoneName': 'Fat Burn', 'order': 1, 'type': 'FAT_BURN', 'minuteMultiplier': 1}, {'minutes': 1, 'zoneName': 'Cardio', 'order': 2, 'type': 'CARDIO', 'minuteMultiplier': 2}, {'minutes': 0, 'zoneName': 'Peak', 'order': 3, 'type': 'PEAK', 'minuteMultiplier': 2}]}"
2025-12-11 06:51:23+09:00,4710504651870141912,Bike,90001,2025-12-11T06:51:23.000+09:00,1066000,17,112,,3.119936,Mile,tracker,True,,109.0,"[{'minutes': 6, 'caloriesOut': 44.275337, 'name': 'Out of Range', 'min': 30, 'max': 102}, {'minutes': 10, 'caloriesOut': 60.60893, 'name': 'Fat Burn', 'min': 103, 'max': 128}, {'minutes': 1, 'caloriesOut': 7.19089, 'name': 'Cardio', 'min': 129, 'max': 160}, {'minutes': 0, 'caloriesOut': 0.0, 'name': 'Peak', 'min': 161, 'max': 220}]","{'totalMinutes': 12, 'minutesInHeartRateZones': [{'minutes': 0, 'zoneName': 'Out of Range', 'order': 0, 'type': 'OUT_OF_ZONE', 'minuteMultiplier': 0}, {'minutes': 10, 'zoneName': 'Fat Burn', 'order': 1, 'type': 'FAT_BURN', 'minuteMultiplier': 1}, {'minutes': 1, 'zoneName': 'Cardio', 'order': 2, 'type': 'CARDIO', 'minuteMultiplier': 2}, {'minutes': 0, 'zoneName': 'Peak', 'order': 3, 'type': 'PEAK', 'minuteMultiplier': 2}]}"
2025-12-11 07:30:00+09:00,3753657319855439320,Meditating,7075,2025-12-11T07:30:00.000+09:00,300000,5,5,0.0,0.0,Mile,manual,,,70.0,"[{'minutes': 5, 'caloriesOut': 5.855439, 'name': 'Out of Range', 'min': 30, 'max': 102}, {'minutes': 0, 'caloriesOut': 0.0, 'name': 'Fat Burn', 'min': 103, 'max': 128}, {'minutes': 0, 'caloriesOut': 0.0, 'name': 'Cardio', 'min': 129, 'max': 160}, {'minutes': 0, 'caloriesOut': 0.0, 'name': 'Peak', 'min': 161, 'max': 220}]","{'totalMinutes': 0, 'minutesInHeartRateZones': [{'minutes': 0, 'zoneName': 'Out of Range', 'order': 0, 'type': 'OUT_OF_ZONE', 'minuteMultiplier': 0}, {'minutes': 0, 'zoneName': 'Fat Burn', 'order': 1, 'type': 'FAT_BURN', 'minuteMultiplier': 1}, {'minutes': 0, 'zoneName': 'Cardio', 'order': 2, 'type': 'CARDIO', 'minuteMultiplier': 2}, {'minutes': 0, 'zoneName': 'Peak', 'order': 3, 'type': 'PEAK', 'minuteMultiplier': 2}]}"
2025-12-11 14:16:00+09:00,2259337176555235728,Weights,2131,2025-12-11T14:16:00.000+09:00,1241000,20,47,194.0,,,tracker,,,84.0,"[{'minutes': 20, 'caloriesOut': 52.39077, 'name': 'Out of Range', 'min': 30, 'max': 102}, {'minutes': 0, 'caloriesOut': 0.0, 'name': 'Fat Burn', 'min': 103, 'max': 128}, {'minutes': 0, 'caloriesOut': 0.0, 'name': 'Cardio', 'min': 129, 'max': 160}, {'minutes': 0, 'caloriesOut': 0.0, 'name': 'Peak', 'min': 161, 'max': 220}]","{'totalMinutes': 0, 'minutesInHeartRateZones': [{'minutes': 0, 'zoneName': 'Out of Range', 'order': 0, 'type': 'OUT_OF_ZONE', 'minuteMultiplier': 0}, {'minutes': 0, 'zoneName': 'Fat Burn', 'order': 1, 'type': 'FAT_BURN', 'minuteMultiplier': 1}, {'minutes': 0, 'zoneName': 'Cardio', 'order': 2, 'type': 'CARDIO', 'minuteMultiplier': 2}, {'minutes': 0, 'zoneName': 'Peak', 'order': 3, 'type': 'PEAK', 'minuteMultiplier': 2}]}"
2025-12-11 19:52:24+09:00,3534180235870418192,Outdoor Bike,1071,2025-12-11T19:52:24.000+09:00,768000,12,43,,0.133471,Mile,auto_detected,,,86.0,"[{'minutes': 11, 'caloriesOut': 39.858076, 'name': 'Out of Range', 'min': 30, 'max': 102}, {'minutes': 1, 'caloriesOut': 4.10908, 'name': 'Fat Burn', 'min': 103, 'max': 128}, {'minutes': 0, 'caloriesOut': 0.0, 'name': 'Cardio', 'min': 129, 'max': 160}, {'minutes': 0, 'caloriesOut': 0.0, 'name': 'Peak', 'min': 161, 'max': 220}]","{'totalMinutes': 1, 'minutesInHeartRateZones': [{'minutes': 0, 'zoneName': 'Out of Range', 'order': 0, 'type': 'OUT_OF_ZONE', 'minuteMultiplier': 0}, {'minutes': 1, 'zoneName': 'Fat Burn', 'order': 1, 'type': 'FAT_BURN', 'minuteMultiplier': 1}, {'minutes': 0, 'zoneName': 'Cardio', 'order': 2, 'type': 'CARDIO', 'minuteMultiplier': 2}, {'minutes': 0, 'zoneName': 'Peak', 'order': 3, 'type': 'PEAK', 'minuteMultiplier': 2}]}"
2025-12-11 20:29:57+09:00,3861120864641556096,Outdoor Bike,1071,2025-12-11T20:29:57.000+09:00,871000,14,45,,0.103458,Mile,auto_detected,,,85.0,"[{'minutes': 14, 'caloriesOut': 45.097153, 'name': 'Out of Range', 'min': 30, 'max': 102}, {'minutes': 0, 'caloriesOut': 0.0, 'name': 'Fat Burn', 'min': 103, 'max': 128}, {'minutes': 0, 'caloriesOut': 0.0, 'name': 'Cardio', 'min': 129, 'max': 160}, {'minutes': 0, 'caloriesOut': 0.0, 'name': 'Peak', 'min': 161, 'max': 220}]","{'totalMinutes': 0, 'minutesInHeartRateZones': [{'minutes': 0, 'zoneName': 'Out of Range', 'order': 0, 'type': 'OUT_OF_ZONE', 'minuteMultiplier': 0}, {'minutes': 0, 'zoneName': 'Fat Burn', 'order': 1, 'type': 'FAT_BURN', 'minuteMultiplier': 1}, {'minutes': 0, 'zoneName': 'Cardio', 'order': 2, 'type': 'CARDIO', 'minuteMultiplier': 2}, {'minutes': 0, 'zoneName': 'Peak', 'order': 3, 'type': 'PEAK', 'minuteMultiplier': 2}]}"
2025-12-12 06:58:40+09:00,5643427686696105640,Bike,90001,2025-12-12T06:58:40.000+09:00,1083000,18,125,,2.36223,Mile,tracker,True,,108.0,"[{'minutes': 5, 'caloriesOut': 47.768055, 'name': 'Out of Range', 'min': 30, 'max': 102}, {'minutes': 10, 'caloriesOut': 61.430746, 'name': 'Fat Burn', 'min': 103, 'max': 128}, {'minutes': 3, 'caloriesOut': 16.025412, 'name': 'Cardio', 'min': 129, 'max': 160}, {'minutes': 0, 'caloriesOut': 0.0, 'name': 'Peak', 'min': 161, 'max': 220}]","{'totalMinutes': 16, 'minutesInHeartRateZones': [{'minutes': 0, 'zoneName': 'Out of Range', 'order': 0, 'type': 'OUT_OF_ZONE', 'minuteMultiplier': 0}, {'minutes': 10, 'zoneName': 'Fat Burn', 'order': 1, 'type': 'FAT_BURN', 'minuteMultiplier': 1}, {'minutes': 3, 'zoneName': 'Cardio', 'order': 2, 'type': 'CARDIO', 'minuteMultiplier': 2}, {'minutes': 0, 'zoneName': 'Peak', 'order': 3, 'type': 'PEAK', 'minuteMultiplier': 2}]}"
2025-12-12 07:45:00+09:00,7219009461897246664,Meditating,7075,2025-12-12T07:45:00.000+09:00,300000,5,6,0.0,0.0,Mile,manual,,,68.0,"[{'minutes': 5, 'caloriesOut': 6.060893, 'name': 'Out of Range', 'min': 30, 'max': 102}, {'minutes': 0, 'caloriesOut': 0.0, 'name': 'Fat Burn', 'min': 103, 'max': 128}, {'minutes': 0, 'caloriesOut': 0.0, 'name': 'Cardio', 'min': 129, 'max': 160}, {'minutes': 0, 'caloriesOut': 0.0, 'name': 'Peak', 'min': 161, 'max': 220}]","{'totalMinutes': 0, 'minutesInHeartRateZones': [{'minutes': 0, 'zoneName': 'Out of Range', 'order': 0, 'type': 'OUT_OF_ZONE', 'minuteMultiplier': 0}, {'minutes': 0, 'zoneName': 'Fat Burn', 'order': 1, 'type': 'FAT_BURN', 'minuteMultiplier': 1}, {'minutes': 0, 'zoneName': 'Cardio', 'order': 2, 'type': 'CARDIO', 'minuteMultiplier': 2}, {'minutes': 0, 'zoneName': 'Peak', 'order': 3, 'type': 'PEAK', 'minuteMultiplier': 2}]}"
2025-12-12 13:42:50+09:00,4582482349846912832,Weights,2131,2025-12-12T13:42:50.000+09:00,1545000,25,94,79.0,,,tracker,,,83.0,"[{'minutes': 24, 'caloriesOut': 91.324303, 'name': 'Out of Range', 'min': 30, 'max': 102}, {'minutes': 1, 'caloriesOut': 3.389991, 'name': 'Fat Burn', 'min': 103, 'max': 128}, {'minutes': 0, 'caloriesOut': 0.0, 'name': 'Cardio', 'min': 129, 'max': 160}, {'minutes': 0, 'caloriesOut': 0.0, 'name': 'Peak', 'min': 161, 'max': 220}]","{'totalMinutes': 1, 'minutesInHeartRateZones': [{'minutes': 0, 'zoneName': 'Out of Range', 'order': 0, 'type': 'OUT_OF_ZONE', 'minuteMultiplier': 0}, {'minutes': 1, 'zoneName': 'Fat Burn', 'order': 1, 'type': 'FAT_BURN', 'minuteMultiplier': 1}, {'minutes': 0, 'zoneName': 'Cardio', 'order': 2, 'type': 'CARDIO', 'minuteMultiplier': 2}, {'minutes': 0, 'zoneName': 'Peak', 'order': 3, 'type': 'PEAK', 'minuteMultiplier': 2}]}"
2025-12-12 20:16:41+09:00,4846016373832729176,Outdoor Bike,1071,2025-12-12T20:16:41.000+09:00,819000,13,57,,0.147948,Mile,auto_detected,,,95.0,"[{'minutes': 10, 'caloriesOut': 47.25442, 'name': 'Out of Range', 'min': 30, 'max': 102}, {'minutes': 3, 'caloriesOut': 9.759065, 'name': 'Fat Burn', 'min': 103, 'max': 128}, {'minutes': 0, 'caloriesOut': 0.0, 'name': 'Cardio', 'min': 129, 'max': 160}, {'minutes': 0, 'caloriesOut': 0.0, 'name': 'Peak', 'min': 161, 'max': 220}]","{'totalMinutes': 3, 'minutesInHeartRateZones': [{'minutes': 0, 'zoneName': 'Out of Range', 'order': 0, 'type': 'OUT_OF_ZONE', 'minuteMultiplier': 0}, {'minutes': 3, 'zoneName': 'Fat Burn', 'order': 1, 'type': 'FAT_BURN', 'minuteMultiplier': 1}, {'minutes': 0, 'zoneName': 'Cardio', 'order': 2, 'type': 'CARDIO', 'minuteMultiplier': 2}, {'minutes': 0, 'zoneName': 'Peak', 'order': 3, 'type': 'PEAK', 'minuteMultiplier': 2}]}"
2025-12-13 06:42:09+09:00,5531268585197983736,Outdoor Bike,1071,2025-12-13T06:42:09.000+09:00,1229000,20,103,,0.325847,Mile,auto_detected,,,123.0,"[{'minutes': 2, 'caloriesOut': 17.669044, 'name': 'Out of Range', 'min': 30, 'max': 102}, {'minutes': 12, 'caloriesOut': 60.198022, 'name': 'Fat Burn', 'min': 103, 'max': 128}, {'minutes': 6, 'caloriesOut': 25.476296, 'name': 'Cardio', 'min': 129, 'max': 160}, {'minutes': 0, 'caloriesOut': 0.0, 'name': 'Peak', 'min': 161, 'max': 220}]","{'totalMinutes': 24, 'minutesInHeartRateZones': [{'minutes': 0, 'zoneName': 'Out of Range', 'order': 0, 'type': 'OUT_OF_ZONE', 'minuteMultiplier': 0}, {'minutes': 12, 'zoneName': 'Fat Burn', 'order': 1, 'type': 'FAT_BURN', 'minuteMultiplier': 1}, {'minutes': 6, 'zoneName': 'Cardio', 'order': 2, 'type': 'CARDIO', 'minuteMultiplier': 2}, {'minutes': 0, 'zoneName': 'Peak', 'order': 3, 'type': 'PEAK', 'minuteMultiplier': 2}]}"
2025-12-13 07:00:00+09:00,7973260060118440856,Meditating,7075,2025-12-13T07:00:00.000+09:00,1800000,30,39,141.0,0.062199,Mile,manual,,,153.0,"[{'minutes': 27, 'caloriesOut': 27.73629, 'name': 'Out of Range', 'min': 30, 'max': 102}, {'minutes': 0, 'caloriesOut': 0.0, 'name': 'Fat Burn', 'min': 103, 'max': 128}, {'minutes': 3, 'caloriesOut': 11.29997, 'name': 'Cardio', 'min': 129, 'max': 160}, {'minutes': 0, 'caloriesOut': 0.0, 'name': 'Peak', 'min': 161, 'max': 220}]","{'totalMinutes': 6, 'minutesInHeartRateZones': [{'minutes': 0, 'zoneName': 'Out of Range', 'order': 0, 'type': 'OUT_OF_ZONE', 'minuteMultiplier': 0}, {'minutes': 0, 'zoneName': 'Fat Burn', 'order': 1, 'type': 'FAT_BURN', 'minuteMultiplier': 1}, {'minutes': 3, 'zoneName': 'Cardio', 'order': 2, 'type': 'CARDIO', 'minuteMultiplier': 2}, {'minutes': 0, 'zoneName': 'Peak', 'order': 3, 'type': 'PEAK', 'minuteMultiplier': 2}]}"
2025-12-13 08:03:13+09:00,5905008293682218408,Outdoor Bike,1071,2025-12-13T08:03:13.000+09:00,666000,11,42,,0.106503,Mile,auto_detected,,,97.0,"[{'minutes': 10, 'caloriesOut': 39.138987, 'name': 'Out of Range', 'min': 30, 'max': 102}, {'minutes': 1, 'caloriesOut': 3.287264, 'name': 'Fat Burn', 'min': 103, 'max': 128}, {'minutes': 0, 'caloriesOut': 0.0, 'name': 'Cardio', 'min': 129, 'max': 160}, {'minutes': 0, 'caloriesOut': 0.0, 'name': 'Peak', 'min': 161, 'max': 220}]","{'totalMinutes': 1, 'minutesInHeartRateZones': [{'minutes': 0, 'zoneName': 'Out of Range', 'order': 0, 'type': 'OUT_OF_ZONE', 'minuteMultiplier': 0}, {'minutes': 1, 'zoneName': 'Fat Burn', 'order': 1, 'type': 'FAT_BURN', 'minuteMultiplier': 1}, {'minutes': 0, 'zoneName': 'Cardio', 'order': 2, 'type': 'CARDIO', 'minuteMultiplier': 2}, {'minutes': 0, 'zoneName': 'Peak', 'order': 3, 'type': 'PEAK', 'minuteMultiplier': 2}]}"
2025-12-13 15:20:20+09:00,3063114347552795488,Weights,2131,2025-12-13T15:20:20.000+09:00,1263000,21,120,65.0,,,tracker,,,112.0,"[{'minutes': 1, 'caloriesOut': 9.039976, 'name': 'Out of Range', 'min': 30, 'max': 102}, {'minutes': 20, 'caloriesOut': 111.766976, 'name': 'Fat Burn', 'min': 103, 'max': 128}, {'minutes': 0, 'caloriesOut': 0.0, 'name': 'Cardio', 'min': 129, 'max': 160}, {'minutes': 0, 'caloriesOut': 0.0, 'name': 'Peak', 'min': 161, 'max': 220}]","{'totalMinutes': 20, 'minutesInHeartRateZones': [{'minutes': 0, 'zoneName': 'Out of Range', 'order': 0, 'type': 'OUT_OF_ZONE', 'minuteMultiplier': 0}, {'minutes': 20, 'zoneName': 'Fat Burn', 'order': 1, 'type': 'FAT_BURN', 'minuteMultiplier': 1}, {'minutes': 0, 'zoneName': 'Cardio', 'order': 2, 'type': 'CARDIO', 'minuteMultiplier': 2}, {'minutes': 0, 'zoneName': 'Peak', 'order': 3, 'type': 'PEAK', 'minuteMultiplier': 2}]}"
2025-12-13 16:00:04.809000+09:00,1887137255772221720,Meditating,7075,2025-12-13T16:00:04.809+09:00,600000,10,37,124.0,0.054619,Mile,manual,,,106.0,"[{'minutes': 5, 'caloriesOut': 21.778124, 'name': 'Out of Range', 'min': 30, 'max': 102}, {'minutes': 5, 'caloriesOut': 21.880851, 'name': 'Fat Burn', 'min': 103, 'max': 128}, {'minutes': 0, 'caloriesOut': 0.0, 'name': 'Cardio', 'min': 129, 'max': 160}, {'minutes': 0, 'caloriesOut': 0.0, 'name': 'Peak', 'min': 161, 'max': 220}]","{'totalMinutes': 5, 'minutesInHeartRateZones': [{'minutes': 0, 'zoneName': 'Out of Range', 'order': 0, 'type': 'OUT_OF_ZONE', 'minuteMultiplier': 0}, {'minutes': 5, 'zoneName': 'Fat Burn', 'order': 1, 'type': 'FAT_BURN', 'minuteMultiplier': 1}, {'minutes': 0, 'zoneName': 'Cardio', 'order': 2, 'type': 'CARDIO', 'minuteMultiplier': 2}, {'minutes': 0, 'zoneName': 'Peak', 'order': 3, 'type': 'PEAK', 'minuteMultiplier': 2}]}"
2025-12-13 18:56:00+09:00,8442272577810463504,Outdoor Bike,1071,2025-12-13T18:56:00.000+09:00,1485000,24,88,,0.217169,Mile,auto_detected,,,102.0,"[{'minutes': 14, 'caloriesOut': 44.686245, 'name': 'Out of Range', 'min': 30, 'max': 102}, {'minutes': 10, 'caloriesOut': 43.967156, 'name': 'Fat Burn', 'min': 103, 'max': 128}, {'minutes': 0, 'caloriesOut': 0.0, 'name': 'Cardio', 'min': 129, 'max': 160}, {'minutes': 0, 'caloriesOut': 0.0, 'name': 'Peak', 'min': 161, 'max': 220}]","{'totalMinutes': 10, 'minutesInHeartRateZones': [{'minutes': 0, 'zoneName': 'Out of Range', 'order': 0, 'type': 'OUT_OF_ZONE', 'minuteMultiplier': 0}, {'minutes': 10, 'zoneName': 'Fat Burn', 'order': 1, 'type': 'FAT_BURN', 'minuteMultiplier': 1}, {'minutes': 0, 'zoneName': 'Cardio', 'order': 2, 'type': 'CARDIO', 'minuteMultiplier': 2}, {'minutes': 0, 'zoneName': 'Peak', 'order': 3, 'type': 'PEAK', 'minuteMultiplier': 2}]}"
2025-12-13 20:14:29+09:00,3850557517770989808,Outdoor Bike,1071,2025-12-13T20:14:29.000+09:00,768000,12,28,,0.037344,Mile,auto_detected,,,86.0,"[{'minutes': 12, 'caloriesOut': 28.866287, 'name': 'Out of Range', 'min': 30, 'max': 102}, {'minutes': 0, 'caloriesOut': 0.0, 'name': 'Fat Burn', 'min': 103, 'max': 128}, {'minutes': 0, 'caloriesOut': 0.0, 'name': 'Cardio', 'min': 129, 'max': 160}, {'minutes': 0, 'caloriesOut': 0.0, 'name': 'Peak', 'min': 161, 'max': 220}]","{'totalMinutes': 0, 'minutesInHeartRateZones': [{'minutes': 0, 'zoneName': 'Out of Range', 'order': 0, 'type': 'OUT_OF_ZONE', 'minuteMultiplier': 0}, {'minutes': 0, 'zoneName': 'Fat Burn', 'order': 1, 'type': 'FAT_BURN', 'minuteMultiplier': 1}, {'minutes': 0, 'zoneName': 'Cardio', 'order': 2, 'type': 'CARDIO', 'minuteMultiplier': 2}, {'minutes': 0, 'zoneName': 'Peak', 'order': 3, 'type': 'PEAK', 'minuteMultiplier': 2}]}"
2025-12-14 07:20:01+09:00,8911619480999933568,Outdoor Bike,1071,2025-12-14T07:20:01.000+09:00,1075000,17,81,,0.293909,Mile,auto_detected,,,107.0,"[{'minutes': 10, 'caloriesOut': 44.686245, 'name': 'Out of Range', 'min': 30, 'max': 102}, {'minutes': 7, 'caloriesOut': 36.365358, 'name': 'Fat Burn', 'min': 103, 'max': 128}, {'minutes': 0, 'caloriesOut': 0.0, 'name': 'Cardio', 'min': 129, 'max': 160}, {'minutes': 0, 'caloriesOut': 0.0, 'name': 'Peak', 'min': 161, 'max': 220}]","{'totalMinutes': 7, 'minutesInHeartRateZones': [{'minutes': 0, 'zoneName': 'Out of Range', 'order': 0, 'type': 'OUT_OF_ZONE', 'minuteMultiplier': 0}, {'minutes': 7, 'zoneName': 'Fat Burn', 'order': 1, 'type': 'FAT_BURN', 'minuteMultiplier': 1}, {'minutes': 0, 'zoneName': 'Cardio', 'order': 2, 'type': 'CARDIO', 'minuteMultiplier': 2}, {'minutes': 0, 'zoneName': 'Peak', 'order': 3, 'type': 'PEAK', 'minuteMultiplier': 2}]}"
2025-12-14 07:40:00+09:00,6001910151139189248,Meditating,7075,2025-12-14T07:40:00.000+09:00,1200000,20,37,55.0,0.013297,Mile,manual,,,80.0,"[{'minutes': 18, 'caloriesOut': 27.73629, 'name': 'Out of Range', 'min': 30, 'max': 102}, {'minutes': 2, 'caloriesOut': 9.348157, 'name': 'Fat Burn', 'min': 103, 'max': 128}, {'minutes': 0, 'caloriesOut': 0.0, 'name': 'Cardio', 'min': 129, 'max': 160}, {'minutes': 0, 'caloriesOut': 0.0, 'name': 'Peak', 'min': 161, 'max': 220}]","{'totalMinutes': 2, 'minutesInHeartRateZones': [{'minutes': 0, 'zoneName': 'Out of Range', 'order': 0, 'type': 'OUT_OF_ZONE', 'minuteMultiplier': 0}, {'minutes': 2, 'zoneName': 'Fat Burn', 'order': 1, 'type': 'FAT_BURN', 'minuteMultiplier': 1}, {'minutes': 0, 'zoneName': 'Cardio', 'order': 2, 'type': 'CARDIO', 'minuteMultiplier': 2}, {'minutes': 0, 'zoneName': 'Peak', 'order': 3, 'type': 'PEAK', 'minuteMultiplier': 2}]}"
2025-12-14 10:32:04+09:00,4680207795923651560,Outdoor Bike,1071,2025-12-14T10:32:04.000+09:00,820000,13,57,,0.19219,Mile,auto_detected,,,104.0,"[{'minutes': 7, 'caloriesOut': 31.331735, 'name': 'Out of Range', 'min': 30, 'max': 102}, {'minutes': 6, 'caloriesOut': 26.195385, 'name': 'Fat Burn', 'min': 103, 'max': 128}, {'minutes': 0, 'caloriesOut': 0.0, 'name': 'Cardio', 'min': 129, 'max': 160}, {'minutes': 0, 'caloriesOut': 0.0, 'name': 'Peak', 'min': 161, 'max': 220}]","{'totalMinutes': 6, 'minutesInHeartRateZones': [{'minutes': 0, 'zoneName': 'Out of Range', 'order': 0, 'type': 'OUT_OF_ZONE', 'minuteMultiplier': 0}, {'minutes': 6, 'zoneName': 'Fat Burn', 'order': 1, 'type': 'FAT_BURN', 'minuteMultiplier': 1}, {'minutes': 0, 'zoneName': 'Cardio', 'order': 2, 'type': 'CARDIO', 'minuteMultiplier': 2}, {'minutes': 0, 'zoneName': 'Peak', 'order': 3, 'type': 'PEAK', 'minuteMultiplier': 2}]}"
2025-12-14 14:00:00+09:00,4866552489541904440,Meditating,7075,2025-12-14T14:00:00.000+09:00,1800000,30,31,0.0,0.0,Mile,manual,,,66.0,"[{'minutes': 30, 'caloriesOut': 31.537189, 'name': 'Out of Range', 'min': 30, 'max': 102}, {'minutes': 0, 'caloriesOut': 0.0, 'name': 'Fat Burn', 'min': 103, 'max': 128}, {'minutes': 0, 'caloriesOut': 0.0, 'name': 'Cardio', 'min': 129, 'max': 160}, {'minutes': 0, 'caloriesOut': 0.0, 'name': 'Peak', 'min': 161, 'max': 220}]","{'totalMinutes': 0, 'minutesInHeartRateZones': [{'minutes': 0, 'zoneName': 'Out of Range', 'order': 0, 'type': 'OUT_OF_ZONE', 'minuteMultiplier': 0}, {'minutes': 0, 'zoneName': 'Fat Burn', 'order': 1, 'type': 'FAT_BURN', 'minuteMultiplier': 1}, {'minutes': 0, 'zoneName': 'Cardio', 'order': 2, 'type': 'CARDIO', 'minuteMultiplier': 2}, {'minutes': 0, 'zoneName': 'Peak', 'order': 3, 'type': 'PEAK', 'minuteMultiplier': 2}]}"
2025-12-14 16:06:35+09:00,5993406323795279328,Outdoor Bike,1071,2025-12-14T16:06:35.000+09:00,817000,13,42,,0.126635,Mile,auto_detected,,,87.0,"[{'minutes': 13, 'caloriesOut': 42.426251, 'name': 'Out of Range', 'min': 30, 'max': 102}, {'minutes': 0, 'caloriesOut': 0.0, 'name': 'Fat Burn', 'min': 103, 'max': 128}, {'minutes': 0, 'caloriesOut': 0.0, 'name': 'Cardio', 'min': 129, 'max': 160}, {'minutes': 0, 'caloriesOut': 0.0, 'name': 'Peak', 'min': 161, 'max': 220}]","{'totalMinutes': 0, 'minutesInHeartRateZones': [{'minutes': 0, 'zoneName': 'Out of Range', 'order': 0, 'type': 'OUT_OF_ZONE', 'minuteMultiplier': 0}, {'minutes': 0, 'zoneName': 'Fat Burn', 'order': 1, 'type': 'FAT_BURN', 'minuteMultiplier': 1}, {'minutes': 0, 'zoneName': 'Cardio', 'order': 2, 'type': 'CARDIO', 'minuteMultiplier': 2}, {'minutes': 0, 'zoneName': 'Peak', 'order': 3, 'type': 'PEAK', 'minuteMultiplier': 2}]}"
2025-12-14 17:30:00+09:00,7996523506783825784,Meditating,7075,2025-12-14T17:30:00.000+09:00,900000,15,18,0.0,0.0,Mile,manual,,,70.0,"[{'minutes': 15, 'caloriesOut': 18.901768, 'name': 'Out of Range', 'min': 30, 'max': 102}, {'minutes': 0, 'caloriesOut': 0.0, 'name': 'Fat Burn', 'min': 103, 'max': 128}, {'minutes': 0, 'caloriesOut': 0.0, 'name': 'Cardio', 'min': 129, 'max': 160}, {'minutes': 0, 'caloriesOut': 0.0, 'name': 'Peak', 'min': 161, 'max': 220}]","{'totalMinutes': 0, 'minutesInHeartRateZones': [{'minutes': 0, 'zoneName': 'Out of Range', 'order': 0, 'type': 'OUT_OF_ZONE', 'minuteMultiplier': 0}, {'minutes': 0, 'zoneName': 'Fat Burn', 'order': 1, 'type': 'FAT_BURN', 'minuteMultiplier': 1}, {'minutes': 0, 'zoneName': 'Cardio', 'order': 2, 'type': 'CARDIO', 'minuteMultiplier': 2}, {'minutes': 0, 'zoneName': 'Peak', 'order': 3, 'type': 'PEAK', 'minuteMultiplier': 2}]}"
2025-12-15 07:40:04+09:00,5951525724085288416,Bike,90001,2025-12-15T07:40:04.000+09:00,1152000,19,111,,3.015216,Mile,tracker,True,,114.0,"[{'minutes': 4, 'caloriesOut': 24.551753, 'name': 'Out of Range', 'min': 30, 'max': 103}, {'minutes': 13, 'caloriesOut': 70.573449, 'name': 'Fat Burn', 'min': 104, 'max': 128}, {'minutes': 2, 'caloriesOut': 16.025412, 'name': 'Cardio', 'min': 129, 'max': 160}, {'minutes': 0, 'caloriesOut': 0.0, 'name': 'Peak', 'min': 161, 'max': 220}]","{'totalMinutes': 17, 'minutesInHeartRateZones': [{'minutes': 0, 'zoneName': 'Out of Range', 'order': 0, 'type': 'OUT_OF_ZONE', 'minuteMultiplier': 0}, {'minutes': 13, 'zoneName': 'Fat Burn', 'order': 1, 'type': 'FAT_BURN', 'minuteMultiplier': 1}, {'minutes': 2, 'zoneName': 'Cardio', 'order': 2, 'type': 'CARDIO', 'minuteMultiplier': 2}, {'minutes': 0, 'zoneName': 'Peak', 'order': 3, 'type': 'PEAK', 'minuteMultiplier': 2}]}"
2025-12-15 08:25:00+09:00,8686282466590667104,Meditating,7075,2025-12-15T08:25:00.000+09:00,300000,5,6,0.0,0.0,Mile,manual,,,70.0,"[{'minutes': 5, 'caloriesOut': 6.060893, 'name': 'Out of Range', 'min': 30, 'max': 103}, {'minutes': 0, 'caloriesOut': 0.0, 'name': 'Fat Burn', 'min': 104, 'max': 128}, {'minutes': 0, 'caloriesOut': 0.0, 'name': 'Cardio', 'min': 129, 'max': 160}, {'minutes': 0, 'caloriesOut': 0.0, 'name': 'Peak', 'min': 161, 'max': 220}]","{'totalMinutes': 0, 'minutesInHeartRateZones': [{'minutes': 0, 'zoneName': 'Out of Range', 'order': 0, 'type': 'OUT_OF_ZONE', 'minuteMultiplier': 0}, {'minutes': 0, 'zoneName': 'Fat Burn', 'order': 1, 'type': 'FAT_BURN', 'minuteMultiplier': 1}, {'minutes': 0, 'zoneName': 'Cardio', 'order': 2, 'type': 'CARDIO', 'minuteMultiplier': 2}, {'minutes': 0, 'zoneName': 'Peak', 'order': 3, 'type': 'PEAK', 'minuteMultiplier': 2}]}"
2025-12-15 13:03:13+09:00,7391063885263299456,Weights,2131,2025-12-15T13:03:13.000+09:00,1776000,29,138,189.0,,,tracker,,,102.0,"[{'minutes': 16, 'caloriesOut': 69.340725, 'name': 'Out of Range', 'min': 30, 'max': 103}, {'minutes': 13, 'caloriesOut': 69.340725, 'name': 'Fat Burn', 'min': 104, 'max': 128}, {'minutes': 0, 'caloriesOut': 0.0, 'name': 'Cardio', 'min': 129, 'max': 160}, {'minutes': 0, 'caloriesOut': 0.0, 'name': 'Peak', 'min': 161, 'max': 220}]","{'totalMinutes': 13, 'minutesInHeartRateZones': [{'minutes': 0, 'zoneName': 'Out of Range', 'order': 0, 'type': 'OUT_OF_ZONE', 'minuteMultiplier': 0}, {'minutes': 13, 'zoneName': 'Fat Burn', 'order': 1, 'type': 'FAT_BURN', 'minuteMultiplier': 1}, {'minutes': 0, 'zoneName': 'Cardio', 'order': 2, 'type': 'CARDIO', 'minuteMultiplier': 2}, {'minutes': 0, 'zoneName': 'Peak', 'order': 3, 'type': 'PEAK', 'minuteMultiplier': 2}]}"
2025-12-15 19:18:39+09:00,4733732426611403032,Outdoor Bike,1071,2025-12-15T19:18:39.000+09:00,1382000,23,98,,0.192128,Mile,auto_detected,,,104.0,"[{'minutes': 13, 'caloriesOut': 52.801678, 'name': 'Out of Range', 'min': 30, 'max': 103}, {'minutes': 10, 'caloriesOut': 46.124423, 'name': 'Fat Burn', 'min': 104, 'max': 128}, {'minutes': 0, 'caloriesOut': 0.0, 'name': 'Cardio', 'min': 129, 'max': 160}, {'minutes': 0, 'caloriesOut': 0.0, 'name': 'Peak', 'min': 161, 'max': 220}]","{'totalMinutes': 10, 'minutesInHeartRateZones': [{'minutes': 0, 'zoneName': 'Out of Range', 'order': 0, 'type': 'OUT_OF_ZONE', 'minuteMultiplier': 0}, {'minutes': 10, 'zoneName': 'Fat Burn', 'order': 1, 'type': 'FAT_BURN', 'minuteMultiplier': 1}, {'minutes': 0, 'zoneName': 'Cardio', 'order': 2, 'type': 'CARDIO', 'minuteMultiplier': 2}, {'minutes': 0, 'zoneName': 'Peak', 'order': 3, 'type': 'PEAK', 'minuteMultiplier': 2}]}"
2025-12-16 06:51:32+09:00,512468821969918272,Outdoor Bike,1071,2025-12-16T06:51:32.000+09:00,1127000,18,104,,0.655919,Mile,auto_detected,,,104.0,"[{'minutes': 10, 'caloriesOut': 64.307102, 'name': 'Out of Range', 'min': 30, 'max': 103}, {'minutes': 8, 'caloriesOut': 40.679892, 'name': 'Fat Burn', 'min': 104, 'max': 128}, {'minutes': 0, 'caloriesOut': 0.0, 'name': 'Cardio', 'min': 129, 'max': 160}, {'minutes': 0, 'caloriesOut': 0.0, 'name': 'Peak', 'min': 161, 'max': 220}]","{'totalMinutes': 8, 'minutesInHeartRateZones': [{'minutes': 0, 'zoneName': 'Out of Range', 'order': 0, 'type': 'OUT_OF_ZONE', 'minuteMultiplier': 0}, {'minutes': 8, 'zoneName': 'Fat Burn', 'order': 1, 'type': 'FAT_BURN', 'minuteMultiplier': 1}, {'minutes': 0, 'zoneName': 'Cardio', 'order': 2, 'type': 'CARDIO', 'minuteMultiplier': 2}, {'minutes': 0, 'zoneName': 'Peak', 'order': 3, 'type': 'PEAK', 'minuteMultiplier': 2}]}"
2025-12-17 06:56:24+09:00,6769118240991428600,Bike,90001,2025-12-17T06:56:24.000+09:00,1291000,21,119,,3.399466,Mile,tracker,True,,111.0,"[{'minutes': 10, 'caloriesOut': 59.273479, 'name': 'Out of Range', 'min': 30, 'max': 103}, {'minutes': 8, 'caloriesOut': 36.878993, 'name': 'Fat Burn', 'min': 104, 'max': 129}, {'minutes': 3, 'caloriesOut': 22.908121, 'name': 'Cardio', 'min': 130, 'max': 160}, {'minutes': 0, 'caloriesOut': 0.0, 'name': 'Peak', 'min': 161, 'max': 220}]","{'totalMinutes': 14, 'minutesInHeartRateZones': [{'minutes': 0, 'zoneName': 'Out of Range', 'order': 0, 'type': 'OUT_OF_ZONE', 'minuteMultiplier': 0}, {'minutes': 8, 'zoneName': 'Fat Burn', 'order': 1, 'type': 'FAT_BURN', 'minuteMultiplier': 1}, {'minutes': 3, 'zoneName': 'Cardio', 'order': 2, 'type': 'CARDIO', 'minuteMultiplier': 2}, {'minutes': 0, 'zoneName': 'Peak', 'order': 3, 'type': 'PEAK', 'minuteMultiplier': 2}]}"
2025-12-17 14:09:49+09:00,986752744239408944,Weights,2131,2025-12-17T14:09:49.000+09:00,1939000,32,115,175.0,,,tracker,,,92.0,"[{'minutes': 30, 'caloriesOut': 110.534252, 'name': 'Out of Range', 'min': 30, 'max': 103}, {'minutes': 2, 'caloriesOut': 5.13635, 'name': 'Fat Burn', 'min': 104, 'max': 129}, {'minutes': 0, 'caloriesOut': 0.0, 'name': 'Cardio', 'min': 130, 'max': 160}, {'minutes': 0, 'caloriesOut': 0.0, 'name': 'Peak', 'min': 161, 'max': 220}]","{'totalMinutes': 2, 'minutesInHeartRateZones': [{'minutes': 0, 'zoneName': 'Out of Range', 'order': 0, 'type': 'OUT_OF_ZONE', 'minuteMultiplier': 0}, {'minutes': 2, 'zoneName': 'Fat Burn', 'order': 1, 'type': 'FAT_BURN', 'minuteMultiplier': 1}, {'minutes': 0, 'zoneName': 'Cardio', 'order': 2, 'type': 'CARDIO', 'minuteMultiplier': 2}, {'minutes': 0, 'zoneName': 'Peak', 'order': 3, 'type': 'PEAK', 'minuteMultiplier': 2}]}"
2025-12-17 18:18:28+09:00,3483492031990671216,Outdoor Bike,1071,2025-12-17T18:18:28.000+09:00,2099000,34,186,,0.469073,Mile,auto_detected,,,110.0,"[{'minutes': 8, 'caloriesOut': 49.822595, 'name': 'Out of Range', 'min': 30, 'max': 103}, {'minutes': 23, 'caloriesOut': 118.033323, 'name': 'Fat Burn', 'min': 104, 'max': 129}, {'minutes': 3, 'caloriesOut': 18.49086, 'name': 'Cardio', 'min': 130, 'max': 160}, {'minutes': 0, 'caloriesOut': 0.0, 'name': 'Peak', 'min': 161, 'max': 220}]","{'totalMinutes': 29, 'minutesInHeartRateZones': [{'minutes': 0, 'zoneName': 'Out of Range', 'order': 0, 'type': 'OUT_OF_ZONE', 'minuteMultiplier': 0}, {'minutes': 23, 'zoneName': 'Fat Burn', 'order': 1, 'type': 'FAT_BURN', 'minuteMultiplier': 1}, {'minutes': 3, 'zoneName': 'Cardio', 'order': 2, 'type': 'CARDIO', 'minuteMultiplier': 2}, {'minutes': 0, 'zoneName': 'Peak', 'order': 3, 'type': 'PEAK', 'minuteMultiplier': 2}]}"
2025-12-18 07:00:17+09:00,5864340147880596800,Bike,90001,2025-12-18T07:00:17.000+09:00,1085000,18,117,,3.042768,Mile,tracker,True,,121.0,"[{'minutes': 4, 'caloriesOut': 31.229008, 'name': 'Out of Range', 'min': 30, 'max': 103}, {'minutes': 8, 'caloriesOut': 47.665328, 'name': 'Fat Burn', 'min': 104, 'max': 128}, {'minutes': 6, 'caloriesOut': 39.03626, 'name': 'Cardio', 'min': 129, 'max': 160}, {'minutes': 0, 'caloriesOut': 0.0, 'name': 'Peak', 'min': 161, 'max': 220}]","{'totalMinutes': 20, 'minutesInHeartRateZones': [{'minutes': 0, 'zoneName': 'Out of Range', 'order': 0, 'type': 'OUT_OF_ZONE', 'minuteMultiplier': 0}, {'minutes': 8, 'zoneName': 'Fat Burn', 'order': 1, 'type': 'FAT_BURN', 'minuteMultiplier': 1}, {'minutes': 6, 'zoneName': 'Cardio', 'order': 2, 'type': 'CARDIO', 'minuteMultiplier': 2}, {'minutes': 0, 'zoneName': 'Peak', 'order': 3, 'type': 'PEAK', 'minuteMultiplier': 2}]}"
2025-12-18 07:12:46.604000+09:00,4076233772230697520,Meditating,7075,2025-12-18T07:12:46.604+09:00,480000,8,51,415.0,0.161308,Mile,manual,,,125.0,"[{'minutes': 1, 'caloriesOut': 21.675397, 'name': 'Out of Range', 'min': 30, 'max': 103}, {'minutes': 4, 'caloriesOut': 21.57267, 'name': 'Fat Burn', 'min': 104, 'max': 128}, {'minutes': 3, 'caloriesOut': 23.010848, 'name': 'Cardio', 'min': 129, 'max': 160}, {'minutes': 0, 'caloriesOut': 0.0, 'name': 'Peak', 'min': 161, 'max': 220}]","{'totalMinutes': 10, 'minutesInHeartRateZones': [{'minutes': 0, 'zoneName': 'Out of Range', 'order': 0, 'type': 'OUT_OF_ZONE', 'minuteMultiplier': 0}, {'minutes': 4, 'zoneName': 'Fat Burn', 'order': 1, 'type': 'FAT_BURN', 'minuteMultiplier': 1}, {'minutes': 3, 'zoneName': 'Cardio', 'order': 2, 'type': 'CARDIO', 'minuteMultiplier': 2}, {'minutes': 0, 'zoneName': 'Peak', 'order': 3, 'type': 'PEAK', 'minuteMultiplier': 2}]}"
2025-12-18 15:18:27+09:00,2143347532539722600,Bike,90001,2025-12-18T15:18:27.000+09:00,6000,0,0,,0.0,Mile,tracker,,,67.0,"[{'minutes': 0, 'caloriesOut': 0.0, 'name': 'Out of Range', 'min': 30, 'max': 103}, {'minutes': 0, 'caloriesOut': 0.0, 'name': 'Fat Burn', 'min': 104, 'max': 128}, {'minutes': 0, 'caloriesOut': 0.0, 'name': 'Cardio', 'min': 129, 'max': 160}, {'minutes': 0, 'caloriesOut': 0.0, 'name': 'Peak', 'min': 161, 'max': 220}]","{'totalMinutes': 0, 'minutesInHeartRateZones': [{'minutes': 0, 'zoneName': 'Out of Range', 'order': 0, 'type': 'OUT_OF_ZONE', 'minuteMultiplier': 0}, {'minutes': 0, 'zoneName': 'Fat Burn', 'order': 1, 'type': 'FAT_BURN', 'minuteMultiplier': 1}, {'minutes': 0, 'zoneName': 'Cardio', 'order': 2, 'type': 'CARDIO', 'minuteMultiplier': 2}, {'minutes': 0, 'zoneName': 'Peak', 'order': 3, 'type': 'PEAK', 'minuteMultiplier': 2}]}"
2025-12-18 15:18:42+09:00,1642622540989413376,Weights,2131,2025-12-18T15:18:42.000+09:00,2132000,35,133,257.0,,,tracker,,,87.0,"[{'minutes': 35, 'caloriesOut': 133.647827, 'name': 'Out of Range', 'min': 30, 'max': 103}, {'minutes': 0, 'caloriesOut': 0.0, 'name': 'Fat Burn', 'min': 104, 'max': 128}, {'minutes': 0, 'caloriesOut': 0.0, 'name': 'Cardio', 'min': 129, 'max': 160}, {'minutes': 0, 'caloriesOut': 0.0, 'name': 'Peak', 'min': 161, 'max': 220}]","{'totalMinutes': 0, 'minutesInHeartRateZones': [{'minutes': 0, 'zoneName': 'Out of Range', 'order': 0, 'type': 'OUT_OF_ZONE', 'minuteMultiplier': 0}, {'minutes': 0, 'zoneName': 'Fat Burn', 'order': 1, 'type': 'FAT_BURN', 'minuteMultiplier': 1}, {'minutes': 0, 'zoneName': 'Cardio', 'order': 2, 'type': 'CARDIO', 'minuteMultiplier': 2}, {'minutes': 0, 'zoneName': 'Peak', 'order': 3, 'type': 'PEAK', 'minuteMultiplier': 2}]}"
2025-12-18 19:18:52+09:00,6759196884232624856,Outdoor Bike,1071,2025-12-18T19:18:52.000+09:00,2355000,39,119,,0.334733,Mile,auto_detected,,,87.0,"[{'minutes': 37, 'caloriesOut': 110.328798, 'name': 'Out of Range', 'min': 30, 'max': 103}, {'minutes': 2, 'caloriesOut': 8.834522, 'name': 'Fat Burn', 'min': 104, 'max': 128}, {'minutes': 0, 'caloriesOut': 0.0, 'name': 'Cardio', 'min': 129, 'max': 160}, {'minutes': 0, 'caloriesOut': 0.0, 'name': 'Peak', 'min': 161, 'max': 220}]","{'totalMinutes': 2, 'minutesInHeartRateZones': [{'minutes': 0, 'zoneName': 'Out of Range', 'order': 0, 'type': 'OUT_OF_ZONE', 'minuteMultiplier': 0}, {'minutes': 2, 'zoneName': 'Fat Burn', 'order': 1, 'type': 'FAT_BURN', 'minuteMultiplier': 1}, {'minutes': 0, 'zoneName': 'Cardio', 'order': 2, 'type': 'CARDIO', 'minuteMultiplier': 2}, {'minutes': 0, 'zoneName': 'Peak', 'order': 3, 'type': 'PEAK', 'minuteMultiplier': 2}]}"
2025-12-19 06:48:18+09:00,6227891032102277160,Bike,90001,2025-12-19T06:48:18.000+09:00,1417000,23,133,,3.270065,Mile,tracker,True,,103.0,"[{'minutes': 12, 'caloriesOut': 67.183458, 'name': 'Out of Range', 'min': 30, 'max': 103}, {'minutes': 11, 'caloriesOut': 65.848007, 'name': 'Fat Burn', 'min': 104, 'max': 129}, {'minutes': 0, 'caloriesOut': 0.0, 'name': 'Cardio', 'min': 130, 'max': 160}, {'minutes': 0, 'caloriesOut': 0.0, 'name': 'Peak', 'min': 161, 'max': 220}]","{'totalMinutes': 11, 'minutesInHeartRateZones': [{'minutes': 0, 'zoneName': 'Out of Range', 'order': 0, 'type': 'OUT_OF_ZONE', 'minuteMultiplier': 0}, {'minutes': 11, 'zoneName': 'Fat Burn', 'order': 1, 'type': 'FAT_BURN', 'minuteMultiplier': 1}, {'minutes': 0, 'zoneName': 'Cardio', 'order': 2, 'type': 'CARDIO', 'minuteMultiplier': 2}, {'minutes': 0, 'zoneName': 'Peak', 'order': 3, 'type': 'PEAK', 'minuteMultiplier': 2}]}"
2025-12-19 14:41:10+09:00,3311991784645806208,Weights,2131,2025-12-19T14:41:10.000+09:00,2314000,38,129,342.0,,,tracker,,,87.0,"[{'minutes': 38, 'caloriesOut': 129.127839, 'name': 'Out of Range', 'min': 30, 'max': 103}, {'minutes': 0, 'caloriesOut': 0.0, 'name': 'Fat Burn', 'min': 104, 'max': 129}, {'minutes': 0, 'caloriesOut': 0.0, 'name': 'Cardio', 'min': 130, 'max': 160}, {'minutes': 0, 'caloriesOut': 0.0, 'name': 'Peak', 'min': 161, 'max': 220}]","{'totalMinutes': 0, 'minutesInHeartRateZones': [{'minutes': 0, 'zoneName': 'Out of Range', 'order': 0, 'type': 'OUT_OF_ZONE', 'minuteMultiplier': 0}, {'minutes': 0, 'zoneName': 'Fat Burn', 'order': 1, 'type': 'FAT_BURN', 'minuteMultiplier': 1}, {'minutes': 0, 'zoneName': 'Cardio', 'order': 2, 'type': 'CARDIO', 'minuteMultiplier': 2}, {'minutes': 0, 'zoneName': 'Peak', 'order': 3, 'type': 'PEAK', 'minuteMultiplier': 2}]}"
2025-12-19 18:00:00+09:00,6378287450123259728,Meditating,7075,2025-12-19T18:00:00.000+09:00,900000,15,15,0.0,0.0,Mile,manual,,,60.0,"[{'minutes': 15, 'caloriesOut': 15.614504, 'name': 'Out of Range', 'min': 30, 'max': 103}, {'minutes': 0, 'caloriesOut': 0.0, 'name': 'Fat Burn', 'min': 104, 'max': 129}, {'minutes': 0, 'caloriesOut': 0.0, 'name': 'Cardio', 'min': 130, 'max': 160}, {'minutes': 0, 'caloriesOut': 0.0, 'name': 'Peak', 'min': 161, 'max': 220}]","{'totalMinutes': 0, 'minutesInHeartRateZones': [{'minutes': 0, 'zoneName': 'Out of Range', 'order': 0, 'type': 'OUT_OF_ZONE', 'minuteMultiplier': 0}, {'minutes': 0, 'zoneName': 'Fat Burn', 'order': 1, 'type': 'FAT_BURN', 'minuteMultiplier': 1}, {'minutes': 0, 'zoneName': 'Cardio', 'order': 2, 'type': 'CARDIO', 'minuteMultiplier': 2}, {'minutes': 0, 'zoneName': 'Peak', 'order': 3, 'type': 'PEAK', 'minuteMultiplier': 2}]}"
2025-12-19 18:41:41+09:00,6739547855217004160,Outdoor Bike,1071,2025-12-19T18:41:41.000+09:00,1075000,17,39,,0.089788,Mile,auto_detected,,,85.0,"[{'minutes': 17, 'caloriesOut': 39.755349, 'name': 'Out of Range', 'min': 30, 'max': 103}, {'minutes': 0, 'caloriesOut': 0.0, 'name': 'Fat Burn', 'min': 104, 'max': 129}, {'minutes': 0, 'caloriesOut': 0.0, 'name': 'Cardio', 'min': 130, 'max': 160}, {'minutes': 0, 'caloriesOut': 0.0, 'name': 'Peak', 'min': 161, 'max': 220}]","{'totalMinutes': 0, 'minutesInHeartRateZones': [{'minutes': 0, 'zoneName': 'Out of Range', 'order': 0, 'type': 'OUT_OF_ZONE', 'minuteMultiplier': 0}, {'minutes': 0, 'zoneName': 'Fat Burn', 'order': 1, 'type': 'FAT_BURN', 'minuteMultiplier': 1}, {'minutes': 0, 'zoneName': 'Cardio', 'order': 2, 'type': 'CARDIO', 'minuteMultiplier': 2}, {'minutes': 0, 'zoneName': 'Peak', 'order': 3, 'type': 'PEAK', 'minuteMultiplier': 2}]}"
2025-12-20 06:07:45+09:00,4603889228624919368,Outdoor Bike,1071,2025-12-20T06:07:45.000+09:00,870000,14,73,,0.203251,Mile,auto_detected,,,104.0,"[{'minutes': 6, 'caloriesOut': 30.612646, 'name': 'Out of Range', 'min': 30, 'max': 103}, {'minutes': 7, 'caloriesOut': 38.00899, 'name': 'Fat Burn', 'min': 104, 'max': 128}, {'minutes': 1, 'caloriesOut': 4.519988, 'name': 'Cardio', 'min': 129, 'max': 160}, {'minutes': 0, 'caloriesOut': 0.0, 'name': 'Peak', 'min': 161, 'max': 220}]","{'totalMinutes': 9, 'minutesInHeartRateZones': [{'minutes': 0, 'zoneName': 'Out of Range', 'order': 0, 'type': 'OUT_OF_ZONE', 'minuteMultiplier': 0}, {'minutes': 7, 'zoneName': 'Fat Burn', 'order': 1, 'type': 'FAT_BURN', 'minuteMultiplier': 1}, {'minutes': 1, 'zoneName': 'Cardio', 'order': 2, 'type': 'CARDIO', 'minuteMultiplier': 2}, {'minutes': 0, 'zoneName': 'Peak', 'order': 3, 'type': 'PEAK', 'minuteMultiplier': 2}]}"
2025-12-20 07:04:49.114000+09:00,4401198818706270128,Meditating,7075,2025-12-20T07:04:49.114+09:00,300000,5,4,0.0,0.0,Mile,manual,,,61.0,"[{'minutes': 5, 'caloriesOut': 5.13635, 'name': 'Out of Range', 'min': 30, 'max': 103}, {'minutes': 0, 'caloriesOut': 0.0, 'name': 'Fat Burn', 'min': 104, 'max': 128}, {'minutes': 0, 'caloriesOut': 0.0, 'name': 'Cardio', 'min': 129, 'max': 160}, {'minutes': 0, 'caloriesOut': 0.0, 'name': 'Peak', 'min': 161, 'max': 220}]","{'totalMinutes': 0, 'minutesInHeartRateZones': [{'minutes': 0, 'zoneName': 'Out of Range', 'order': 0, 'type': 'OUT_OF_ZONE', 'minuteMultiplier': 0}, {'minutes': 0, 'zoneName': 'Fat Burn', 'order': 1, 'type': 'FAT_BURN', 'minuteMultiplier': 1}, {'minutes': 0, 'zoneName': 'Cardio', 'order': 2, 'type': 'CARDIO', 'minuteMultiplier': 2}, {'minutes': 0, 'zoneName': 'Peak', 'order': 3, 'type': 'PEAK', 'minuteMultiplier': 2}]}"
2025-12-20 08:19:09+09:00,8706778301580221984,Outdoor Bike,1071,2025-12-20T08:19:09.000+09:00,1024000,17,73,,0.278126,Mile,auto_detected,,,93.0,"[{'minutes': 16, 'caloriesOut': 68.108001, 'name': 'Out of Range', 'min': 30, 'max': 103}, {'minutes': 1, 'caloriesOut': 5.13635, 'name': 'Fat Burn', 'min': 104, 'max': 128}, {'minutes': 0, 'caloriesOut': 0.0, 'name': 'Cardio', 'min': 129, 'max': 160}, {'minutes': 0, 'caloriesOut': 0.0, 'name': 'Peak', 'min': 161, 'max': 220}]","{'totalMinutes': 1, 'minutesInHeartRateZones': [{'minutes': 0, 'zoneName': 'Out of Range', 'order': 0, 'type': 'OUT_OF_ZONE', 'minuteMultiplier': 0}, {'minutes': 1, 'zoneName': 'Fat Burn', 'order': 1, 'type': 'FAT_BURN', 'minuteMultiplier': 1}, {'minutes': 0, 'zoneName': 'Cardio', 'order': 2, 'type': 'CARDIO', 'minuteMultiplier': 2}, {'minutes': 0, 'zoneName': 'Peak', 'order': 3, 'type': 'PEAK', 'minuteMultiplier': 2}]}"
2025-12-21 06:14:55+09:00,8427635281835905768,Outdoor Bike,1071,2025-12-21T06:14:55.000+09:00,1638000,27,108,,0.241713,Mile,auto_detected,,,91.0,"[{'minutes': 24, 'caloriesOut': 93.48157, 'name': 'Out of Range', 'min': 30, 'max': 103}, {'minutes': 3, 'caloriesOut': 14.998142, 'name': 'Fat Burn', 'min': 104, 'max': 128}, {'minutes': 0, 'caloriesOut': 0.0, 'name': 'Cardio', 'min': 129, 'max': 160}, {'minutes': 0, 'caloriesOut': 0.0, 'name': 'Peak', 'min': 161, 'max': 220}]","{'totalMinutes': 3, 'minutesInHeartRateZones': [{'minutes': 0, 'zoneName': 'Out of Range', 'order': 0, 'type': 'OUT_OF_ZONE', 'minuteMultiplier': 0}, {'minutes': 3, 'zoneName': 'Fat Burn', 'order': 1, 'type': 'FAT_BURN', 'minuteMultiplier': 1}, {'minutes': 0, 'zoneName': 'Cardio', 'order': 2, 'type': 'CARDIO', 'minuteMultiplier': 2}, {'minutes': 0, 'zoneName': 'Peak', 'order': 3, 'type': 'PEAK', 'minuteMultiplier': 2}]}"
2025-12-21 07:00:00+09:00,6299200354276566688,Meditating,7075,2025-12-21T07:00:00.000+09:00,3600000,60,61,0.0,0.0,Mile,manual,,,,"[{'minutes': 60, 'caloriesOut': 61.6362, 'name': 'Out of Range', 'min': 30, 'max': 103}, {'minutes': 0, 'caloriesOut': 0.0, 'name': 'Fat Burn', 'min': 104, 'max': 128}, {'minutes': 0, 'caloriesOut': 0.0, 'name': 'Cardio', 'min': 129, 'max': 160}, {'minutes': 0, 'caloriesOut': 0.0, 'name': 'Peak', 'min': 161, 'max': 220}]","{'totalMinutes': 0, 'minutesInHeartRateZones': [{'minutes': 0, 'zoneName': 'Out of Range', 'order': 0, 'type': 'OUT_OF_ZONE', 'minuteMultiplier': 0}, {'minutes': 0, 'zoneName': 'Fat Burn', 'order': 1, 'type': 'FAT_BURN', 'minuteMultiplier': 1}, {'minutes': 0, 'zoneName': 'Cardio', 'order': 2, 'type': 'CARDIO', 'minuteMultiplier': 2}, {'minutes': 0, 'zoneName': 'Peak', 'order': 3, 'type': 'PEAK', 'minuteMultiplier': 2}]}"
2025-12-21 08:15:14+09:00,3315081373066311712,Outdoor Bike,1071,2025-12-21T08:15:14.000+09:00,1179000,19,84,,0.384442,Mile,auto_detected,,,94.0,"[{'minutes': 15, 'caloriesOut': 71.703446, 'name': 'Out of Range', 'min': 30, 'max': 103}, {'minutes': 4, 'caloriesOut': 12.532694, 'name': 'Fat Burn', 'min': 104, 'max': 128}, {'minutes': 0, 'caloriesOut': 0.0, 'name': 'Cardio', 'min': 129, 'max': 160}, {'minutes': 0, 'caloriesOut': 0.0, 'name': 'Peak', 'min': 161, 'max': 220}]","{'totalMinutes': 4, 'minutesInHeartRateZones': [{'minutes': 0, 'zoneName': 'Out of Range', 'order': 0, 'type': 'OUT_OF_ZONE', 'minuteMultiplier': 0}, {'minutes': 4, 'zoneName': 'Fat Burn', 'order': 1, 'type': 'FAT_BURN', 'minuteMultiplier': 1}, {'minutes': 0, 'zoneName': 'Cardio', 'order': 2, 'type': 'CARDIO', 'minuteMultiplier': 2}, {'minutes': 0, 'zoneName': 'Peak', 'order': 3, 'type': 'PEAK', 'minuteMultiplier': 2}]}"
2025-12-21 16:27:36+09:00,7933766263613340032,Outdoor Bike,1071,2025-12-21T16:27:36.000+09:00,1690000,28,125,,0.282103,Mile,auto_detected,,,103.0,"[{'minutes': 15, 'caloriesOut': 61.019838, 'name': 'Out of Range', 'min': 30, 'max': 103}, {'minutes': 10, 'caloriesOut': 49.822595, 'name': 'Fat Burn', 'min': 104, 'max': 128}, {'minutes': 3, 'caloriesOut': 14.587234, 'name': 'Cardio', 'min': 129, 'max': 160}, {'minutes': 0, 'caloriesOut': 0.0, 'name': 'Peak', 'min': 161, 'max': 220}]","{'totalMinutes': 16, 'minutesInHeartRateZones': [{'minutes': 0, 'zoneName': 'Out of Range', 'order': 0, 'type': 'OUT_OF_ZONE', 'minuteMultiplier': 0}, {'minutes': 10, 'zoneName': 'Fat Burn', 'order': 1, 'type': 'FAT_BURN', 'minuteMultiplier': 1}, {'minutes': 3, 'zoneName': 'Cardio', 'order': 2, 'type': 'CARDIO', 'minuteMultiplier': 2}, {'minutes': 0, 'zoneName': 'Peak', 'order': 3, 'type': 'PEAK', 'minuteMultiplier': 2}]}"
2025-12-21 19:25:00+09:00,8033718970108804952,Meditating,7075,2025-12-21T19:25:00.000+09:00,600000,10,42,507.0,0.211453,Mile,manual,,,79.0,"[{'minutes': 10, 'caloriesOut': 42.11807, 'name': 'Out of Range', 'min': 30, 'max': 103}, {'minutes': 0, 'caloriesOut': 0.0, 'name': 'Fat Burn', 'min': 104, 'max': 128}, {'minutes': 0, 'caloriesOut': 0.0, 'name': 'Cardio', 'min': 129, 'max': 160}, {'minutes': 0, 'caloriesOut': 0.0, 'name': 'Peak', 'min': 161, 'max': 220}]","{'totalMinutes': 0, 'minutesInHeartRateZones': [{'minutes': 0, 'zoneName': 'Out of Range', 'order': 0, 'type': 'OUT_OF_ZONE', 'minuteMultiplier': 0}, {'minutes': 0, 'zoneName': 'Fat Burn', 'order': 1, 'type': 'FAT_BURN', 'minuteMultiplier': 1}, {'minutes': 0, 'zoneName': 'Cardio', 'order': 2, 'type': 'CARDIO', 'minuteMultiplier': 2}, {'minutes': 0, 'zoneName': 'Peak', 'order': 3, 'type': 'PEAK', 'minuteMultiplier': 2}]}"
2025-12-22 06:39:12+09:00,3965187769636129056,Outdoor Bike,1071,2025-12-22T06:39:12.000+09:00,1679000,27,161,,0.612672,Mile,auto_detected,,,111.0,"[{'minutes': 8, 'caloriesOut': 45.405334, 'name': 'Out of Range', 'min': 30, 'max': 102}, {'minutes': 15, 'caloriesOut': 90.810668, 'name': 'Fat Burn', 'min': 103, 'max': 128}, {'minutes': 4, 'caloriesOut': 25.68175, 'name': 'Cardio', 'min': 129, 'max': 160}, {'minutes': 0, 'caloriesOut': 0.0, 'name': 'Peak', 'min': 161, 'max': 220}]","{'totalMinutes': 23, 'minutesInHeartRateZones': [{'minutes': 0, 'zoneName': 'Out of Range', 'order': 0, 'type': 'OUT_OF_ZONE', 'minuteMultiplier': 0}, {'minutes': 15, 'zoneName': 'Fat Burn', 'order': 1, 'type': 'FAT_BURN', 'minuteMultiplier': 1}, {'minutes': 4, 'zoneName': 'Cardio', 'order': 2, 'type': 'CARDIO', 'minuteMultiplier': 2}, {'minutes': 0, 'zoneName': 'Peak', 'order': 3, 'type': 'PEAK', 'minuteMultiplier': 2}]}"
2025-12-22 13:41:01+09:00,1810954323494063896,Weights,2131,2025-12-22T13:41:01.000+09:00,2411000,40,123,139.0,,,tracker,,,82.0,"[{'minutes': 40, 'caloriesOut': 123.991489, 'name': 'Out of Range', 'min': 30, 'max': 102}, {'minutes': 0, 'caloriesOut': 0.0, 'name': 'Fat Burn', 'min': 103, 'max': 128}, {'minutes': 0, 'caloriesOut': 0.0, 'name': 'Cardio', 'min': 129, 'max': 160}, {'minutes': 0, 'caloriesOut': 0.0, 'name': 'Peak', 'min': 161, 'max': 220}]","{'totalMinutes': 0, 'minutesInHeartRateZones': [{'minutes': 0, 'zoneName': 'Out of Range', 'order': 0, 'type': 'OUT_OF_ZONE', 'minuteMultiplier': 0}, {'minutes': 0, 'zoneName': 'Fat Burn', 'order': 1, 'type': 'FAT_BURN', 'minuteMultiplier': 1}, {'minutes': 0, 'zoneName': 'Cardio', 'order': 2, 'type': 'CARDIO', 'minuteMultiplier': 2}, {'minutes': 0, 'zoneName': 'Peak', 'order': 3, 'type': 'PEAK', 'minuteMultiplier': 2}]}"
2025-12-22 19:14:22+09:00,4501376789871687000,Outdoor Bike,1071,2025-12-22T19:14:22.000+09:00,1483000,24,61,,0.110853,Mile,auto_detected,,,88.0,"[{'minutes': 22, 'caloriesOut': 56.705304, 'name': 'Out of Range', 'min': 30, 'max': 102}, {'minutes': 2, 'caloriesOut': 4.417261, 'name': 'Fat Burn', 'min': 103, 'max': 128}, {'minutes': 0, 'caloriesOut': 0.0, 'name': 'Cardio', 'min': 129, 'max': 160}, {'minutes': 0, 'caloriesOut': 0.0, 'name': 'Peak', 'min': 161, 'max': 220}]","{'totalMinutes': 2, 'minutesInHeartRateZones': [{'minutes': 0, 'zoneName': 'Out of Range', 'order': 0, 'type': 'OUT_OF_ZONE', 'minuteMultiplier': 0}, {'minutes': 2, 'zoneName': 'Fat Burn', 'order': 1, 'type': 'FAT_BURN', 'minuteMultiplier': 1}, {'minutes': 0, 'zoneName': 'Cardio', 'order': 2, 'type': 'CARDIO', 'minuteMultiplier': 2}, {'minutes': 0, 'zoneName': 'Peak', 'order': 3, 'type': 'PEAK', 'minuteMultiplier': 2}]}"
2025-12-22 20:44:49+09:00,4877154962969366912,Outdoor Bike,1071,2025-12-22T20:44:49.000+09:00,870000,14,87,,0.181005,Mile,auto_detected,,,109.0,"[{'minutes': 7, 'caloriesOut': 46.535331, 'name': 'Out of Range', 'min': 30, 'max': 102}, {'minutes': 5, 'caloriesOut': 31.434462, 'name': 'Fat Burn', 'min': 103, 'max': 128}, {'minutes': 2, 'caloriesOut': 9.964519, 'name': 'Cardio', 'min': 129, 'max': 160}, {'minutes': 0, 'caloriesOut': 0.0, 'name': 'Peak', 'min': 161, 'max': 220}]","{'totalMinutes': 9, 'minutesInHeartRateZones': [{'minutes': 0, 'zoneName': 'Out of Range', 'order': 0, 'type': 'OUT_OF_ZONE', 'minuteMultiplier': 0}, {'minutes': 5, 'zoneName': 'Fat Burn', 'order': 1, 'type': 'FAT_BURN', 'minuteMultiplier': 1}, {'minutes': 2, 'zoneName': 'Cardio', 'order': 2, 'type': 'CARDIO', 'minuteMultiplier': 2}, {'minutes': 0, 'zoneName': 'Peak', 'order': 3, 'type': 'PEAK', 'minuteMultiplier': 2}]}"
2025-12-22 21:37:42+09:00,1188599773722236384,Outdoor Bike,1071,2025-12-22T21:37:42.000+09:00,972000,16,58,,0.086743,Mile,auto_detected,,,96.0,"[{'minutes': 14, 'caloriesOut': 52.698951, 'name': 'Out of Range', 'min': 30, 'max': 102}, {'minutes': 2, 'caloriesOut': 5.855439, 'name': 'Fat Burn', 'min': 103, 'max': 128}, {'minutes': 0, 'caloriesOut': 0.0, 'name': 'Cardio', 'min': 129, 'max': 160}, {'minutes': 0, 'caloriesOut': 0.0, 'name': 'Peak', 'min': 161, 'max': 220}]","{'totalMinutes': 2, 'minutesInHeartRateZones': [{'minutes': 0, 'zoneName': 'Out of Range', 'order': 0, 'type': 'OUT_OF_ZONE', 'minuteMultiplier': 0}, {'minutes': 2, 'zoneName': 'Fat Burn', 'order': 1, 'type': 'FAT_BURN', 'minuteMultiplier': 1}, {'minutes': 0, 'zoneName': 'Cardio', 'order': 2, 'type': 'CARDIO', 'minuteMultiplier': 2}, {'minutes': 0, 'zoneName': 'Peak', 'order': 3, 'type': 'PEAK', 'minuteMultiplier': 2}]}"
2025-12-23 06:43:50+09:00,6740845995860232192,Outdoor Bike,1071,2025-12-23T06:43:50.000+09:00,1025000,17,92,,0.455279,Mile,auto_detected,,,100.0,"[{'minutes': 13, 'caloriesOut': 69.546179, 'name': 'Out of Range', 'min': 30, 'max': 102}, {'minutes': 4, 'caloriesOut': 22.805394, 'name': 'Fat Burn', 'min': 103, 'max': 128}, {'minutes': 0, 'caloriesOut': 0.0, 'name': 'Cardio', 'min': 129, 'max': 160}, {'minutes': 0, 'caloriesOut': 0.0, 'name': 'Peak', 'min': 161, 'max': 220}]","{'totalMinutes': 4, 'minutesInHeartRateZones': [{'minutes': 0, 'zoneName': 'Out of Range', 'order': 0, 'type': 'OUT_OF_ZONE', 'minuteMultiplier': 0}, {'minutes': 4, 'zoneName': 'Fat Burn', 'order': 1, 'type': 'FAT_BURN', 'minuteMultiplier': 1}, {'minutes': 0, 'zoneName': 'Cardio', 'order': 2, 'type': 'CARDIO', 'minuteMultiplier': 2}, {'minutes': 0, 'zoneName': 'Peak', 'order': 3, 'type': 'PEAK', 'minuteMultiplier': 2}]}"
2025-12-23 07:02:43.586000+09:00,4750881152431515160,Meditating,7075,2025-12-23T07:02:43.586+09:00,300000,5,23,359.0,0.149564,Mile,manual,,,92.0,"[{'minutes': 5, 'caloriesOut': 27.119928, 'name': 'Out of Range', 'min': 30, 'max': 102}, {'minutes': 0, 'caloriesOut': 0.0, 'name': 'Fat Burn', 'min': 103, 'max': 128}, {'minutes': 0, 'caloriesOut': 0.0, 'name': 'Cardio', 'min': 129, 'max': 160}, {'minutes': 0, 'caloriesOut': 0.0, 'name': 'Peak', 'min': 161, 'max': 220}]","{'totalMinutes': 0, 'minutesInHeartRateZones': [{'minutes': 0, 'zoneName': 'Out of Range', 'order': 0, 'type': 'OUT_OF_ZONE', 'minuteMultiplier': 0}, {'minutes': 0, 'zoneName': 'Fat Burn', 'order': 1, 'type': 'FAT_BURN', 'minuteMultiplier': 1}, {'minutes': 0, 'zoneName': 'Cardio', 'order': 2, 'type': 'CARDIO', 'minuteMultiplier': 2}, {'minutes': 0, 'zoneName': 'Peak', 'order': 3, 'type': 'PEAK', 'minuteMultiplier': 2}]}"
2025-12-23 16:47:58+09:00,4778211381284999504,Walk,90013,2025-12-23T16:47:58.000+09:00,615000,10,57,882.0,0.385934,Mile,auto_detected,,,73.0,"[{'minutes': 10, 'caloriesOut': 57.013485, 'name': 'Out of Range', 'min': 30, 'max': 102}, {'minutes': 0, 'caloriesOut': 0.0, 'name': 'Fat Burn', 'min': 103, 'max': 128}, {'minutes': 0, 'caloriesOut': 0.0, 'name': 'Cardio', 'min': 129, 'max': 160}, {'minutes': 0, 'caloriesOut': 0.0, 'name': 'Peak', 'min': 161, 'max': 220}]","{'totalMinutes': 0, 'minutesInHeartRateZones': [{'minutes': 0, 'zoneName': 'Out of Range', 'order': 0, 'type': 'OUT_OF_ZONE', 'minuteMultiplier': 0}, {'minutes': 0, 'zoneName': 'Fat Burn', 'order': 1, 'type': 'FAT_BURN', 'minuteMultiplier': 1}, {'minutes': 0, 'zoneName': 'Cardio', 'order': 2, 'type': 'CARDIO', 'minuteMultiplier': 2}, {'minutes': 0, 'zoneName': 'Peak', 'order': 3, 'type': 'PEAK', 'minuteMultiplier': 2}]}"
2025-12-23 19:29:14+09:00,1304782710777945016,Outdoor Bike,1071,2025-12-23T19:29:14.000+09:00,869000,14,26,,0.028148,Mile,auto_detected,,,93.0,"[{'minutes': 13, 'caloriesOut': 24.757207, 'name': 'Out of Range', 'min': 30, 'max': 102}, {'minutes': 1, 'caloriesOut': 1.335451, 'name': 'Fat Burn', 'min': 103, 'max': 128}, {'minutes': 0, 'caloriesOut': 0.0, 'name': 'Cardio', 'min': 129, 'max': 160}, {'minutes': 0, 'caloriesOut': 0.0, 'name': 'Peak', 'min': 161, 'max': 220}]","{'totalMinutes': 1, 'minutesInHeartRateZones': [{'minutes': 0, 'zoneName': 'Out of Range', 'order': 0, 'type': 'OUT_OF_ZONE', 'minuteMultiplier': 0}, {'minutes': 1, 'zoneName': 'Fat Burn', 'order': 1, 'type': 'FAT_BURN', 'minuteMultiplier': 1}, {'minutes': 0, 'zoneName': 'Cardio', 'order': 2, 'type': 'CARDIO', 'minuteMultiplier': 2}, {'minutes': 0, 'zoneName': 'Peak', 'order': 3, 'type': 'PEAK', 'minuteMultiplier': 2}]}"
2025-12-23 20:44:19+09:00,2258374653199034240,Walk,90013,2025-12-23T20:44:19.000+09:00,820000,13,69,1090.0,0.477462,Mile,auto_detected,,,86.0,"[{'minutes': 13, 'caloriesOut': 69.957087, 'name': 'Out of Range', 'min': 30, 'max': 102}, {'minutes': 0, 'caloriesOut': 0.0, 'name': 'Fat Burn', 'min': 103, 'max': 128}, {'minutes': 0, 'caloriesOut': 0.0, 'name': 'Cardio', 'min': 129, 'max': 160}, {'minutes': 0, 'caloriesOut': 0.0, 'name': 'Peak', 'min': 161, 'max': 220}]","{'totalMinutes': 0, 'minutesInHeartRateZones': [{'minutes': 0, 'zoneName': 'Out of Range', 'order': 0, 'type': 'OUT_OF_ZONE', 'minuteMultiplier': 0}, {'minutes': 0, 'zoneName': 'Fat Burn', 'order': 1, 'type': 'FAT_BURN', 'minuteMultiplier': 1}, {'minutes': 0, 'zoneName': 'Cardio', 'order': 2, 'type': 'CARDIO', 'minuteMultiplier': 2}, {'minutes': 0, 'zoneName': 'Peak', 'order': 3, 'type': 'PEAK', 'minuteMultiplier': 2}]}"
2025-12-23 21:42:14.218000+09:00,70190166139383624,Meditating,7075,2025-12-23T21:42:14.218+09:00,180000,3,2,0.0,0.0,Mile,manual,,,,"[{'minutes': 3, 'caloriesOut': 3.08181, 'name': 'Out of Range', 'min': 30, 'max': 102}, {'minutes': 0, 'caloriesOut': 0.0, 'name': 'Fat Burn', 'min': 103, 'max': 128}, {'minutes': 0, 'caloriesOut': 0.0, 'name': 'Cardio', 'min': 129, 'max': 160}, {'minutes': 0, 'caloriesOut': 0.0, 'name': 'Peak', 'min': 161, 'max': 220}]","{'totalMinutes': 0, 'minutesInHeartRateZones': [{'minutes': 0, 'zoneName': 'Out of Range', 'order': 0, 'type': 'OUT_OF_ZONE', 'minuteMultiplier': 0}, {'minutes': 0, 'zoneName': 'Fat Burn', 'order': 1, 'type': 'FAT_BURN', 'minuteMultiplier': 1}, {'minutes': 0, 'zoneName': 'Cardio', 'order': 2, 'type': 'CARDIO', 'minuteMultiplier': 2}, {'minutes': 0, 'zoneName': 'Peak', 'order': 3, 'type': 'PEAK', 'minuteMultiplier': 2}]}"
2025-12-23 21:59:49.539000+09:00,7882956388345176800,Meditating,7075,2025-12-23T21:59:49.539+09:00,600000,10,11,19.0,0.008389,Mile,manual,,,86.0,"[{'minutes': 10, 'caloriesOut': 12.32724, 'name': 'Out of Range', 'min': 30, 'max': 102}, {'minutes': 0, 'caloriesOut': 0.0, 'name': 'Fat Burn', 'min': 103, 'max': 128}, {'minutes': 0, 'caloriesOut': 0.0, 'name': 'Cardio', 'min': 129, 'max': 160}, {'minutes': 0, 'caloriesOut': 0.0, 'name': 'Peak', 'min': 161, 'max': 220}]","{'totalMinutes': 0, 'minutesInHeartRateZones': [{'minutes': 0, 'zoneName': 'Out of Range', 'order': 0, 'type': 'OUT_OF_ZONE', 'minuteMultiplier': 0}, {'minutes': 0, 'zoneName': 'Fat Burn', 'order': 1, 'type': 'FAT_BURN', 'minuteMultiplier': 1}, {'minutes': 0, 'zoneName': 'Cardio', 'order': 2, 'type': 'CARDIO', 'minuteMultiplier': 2}, {'minutes': 0, 'zoneName': 'Peak', 'order': 3, 'type': 'PEAK', 'minuteMultiplier': 2}]}"
2025-12-24 06:49:19+09:00,1423401636024007784,Walk,90013,2025-12-24T06:49:19.000+09:00,717000,11,67,1057.0,0.456335,Mile,auto_detected,,,84.0,"[{'minutes': 11, 'caloriesOut': 67.594366, 'name': 'Out of Range', 'min': 30, 'max': 102}, {'minutes': 0, 'caloriesOut': 0.0, 'name': 'Fat Burn', 'min': 103, 'max': 128}, {'minutes': 0, 'caloriesOut': 0.0, 'name': 'Cardio', 'min': 129, 'max': 160}, {'minutes': 0, 'caloriesOut': 0.0, 'name': 'Peak', 'min': 161, 'max': 220}]","{'totalMinutes': 0, 'minutesInHeartRateZones': [{'minutes': 0, 'zoneName': 'Out of Range', 'order': 0, 'type': 'OUT_OF_ZONE', 'minuteMultiplier': 0}, {'minutes': 0, 'zoneName': 'Fat Burn', 'order': 1, 'type': 'FAT_BURN', 'minuteMultiplier': 1}, {'minutes': 0, 'zoneName': 'Cardio', 'order': 2, 'type': 'CARDIO', 'minuteMultiplier': 2}, {'minutes': 0, 'zoneName': 'Peak', 'order': 3, 'type': 'PEAK', 'minuteMultiplier': 2}]}"
2025-12-24 07:48:38.384000+09:00,7895465375654819984,Meditating,7075,2025-12-24T07:48:38.384+09:00,300000,5,4,0.0,0.0,Mile,manual,,,57.0,"[{'minutes': 5, 'caloriesOut': 5.13635, 'name': 'Out of Range', 'min': 30, 'max': 102}, {'minutes': 0, 'caloriesOut': 0.0, 'name': 'Fat Burn', 'min': 103, 'max': 128}, {'minutes': 0, 'caloriesOut': 0.0, 'name': 'Cardio', 'min': 129, 'max': 160}, {'minutes': 0, 'caloriesOut': 0.0, 'name': 'Peak', 'min': 161, 'max': 220}]","{'totalMinutes': 0, 'minutesInHeartRateZones': [{'minutes': 0, 'zoneName': 'Out of Range', 'order': 0, 'type': 'OUT_OF_ZONE', 'minuteMultiplier': 0}, {'minutes': 0, 'zoneName': 'Fat Burn', 'order': 1, 'type': 'FAT_BURN', 'minuteMultiplier': 1}, {'minutes': 0, 'zoneName': 'Cardio', 'order': 2, 'type': 'CARDIO', 'minuteMultiplier': 2}, {'minutes': 0, 'zoneName': 'Peak', 'order': 3, 'type': 'PEAK', 'minuteMultiplier': 2}]}"
2026-01-03 12:50:04+09:00,6128594435111718512,Walk,90013,2026-01-03T12:50:04.000+09:00,971000,16,84,1272.0,0.552337,Mile,auto_detected,,,81.0,"[{'minutes': 16, 'caloriesOut': 84.544321, 'name': 'Out of Range', 'min': 30, 'max': 103}, {'minutes': 0, 'caloriesOut': 0.0, 'name': 'Fat Burn', 'min': 104, 'max': 128}, {'minutes': 0, 'caloriesOut': 0.0, 'name': 'Cardio', 'min': 129, 'max': 160}, {'minutes': 0, 'caloriesOut': 0.0, 'name': 'Peak', 'min': 161, 'max': 220}]","{'totalMinutes': 0, 'minutesInHeartRateZones': [{'minutes': 0, 'zoneName': 'Out of Range', 'order': 0, 'type': 'OUT_OF_ZONE', 'minuteMultiplier': 0}, {'minutes': 0, 'zoneName': 'Fat Burn', 'order': 1, 'type': 'FAT_BURN', 'minuteMultiplier': 1}, {'minutes': 0, 'zoneName': 'Cardio', 'order': 2, 'type': 'CARDIO', 'minuteMultiplier': 2}, {'minutes': 0, 'zoneName': 'Peak', 'order': 3, 'type': 'PEAK', 'minuteMultiplier': 2}]}"
2026-01-04 06:05:58+09:00,11112427439126216,Outdoor Bike,1071,2026-01-04T06:05:58.000+09:00,1690000,28,128,,0.386182,Mile,auto_detected,,,101.0,"[{'minutes': 19, 'caloriesOut': 86.085226, 'name': 'Out of Range', 'min': 30, 'max': 102}, {'minutes': 9, 'caloriesOut': 42.734432, 'name': 'Fat Burn', 'min': 103, 'max': 128}, {'minutes': 0, 'caloriesOut': 0.0, 'name': 'Cardio', 'min': 129, 'max': 160}, {'minutes': 0, 'caloriesOut': 0.0, 'name': 'Peak', 'min': 161, 'max': 220}]","{'totalMinutes': 9, 'minutesInHeartRateZones': [{'minutes': 0, 'zoneName': 'Out of Range', 'order': 0, 'type': 'OUT_OF_ZONE', 'minuteMultiplier': 0}, {'minutes': 9, 'zoneName': 'Fat Burn', 'order': 1, 'type': 'FAT_BURN', 'minuteMultiplier': 1}, {'minutes': 0, 'zoneName': 'Cardio', 'order': 2, 'type': 'CARDIO', 'minuteMultiplier': 2}, {'minutes': 0, 'zoneName': 'Peak', 'order': 3, 'type': 'PEAK', 'minuteMultiplier': 2}]}"
2026-01-04 07:00:00+09:00,5940282964699702000,Meditating,7075,2026-01-04T07:00:00.000+09:00,3600000,60,61,0.0,0.0,Mile,manual,,,,"[{'minutes': 60, 'caloriesOut': 61.6362, 'name': 'Out of Range', 'min': 30, 'max': 102}, {'minutes': 0, 'caloriesOut': 0.0, 'name': 'Fat Burn', 'min': 103, 'max': 128}, {'minutes': 0, 'caloriesOut': 0.0, 'name': 'Cardio', 'min': 129, 'max': 160}, {'minutes': 0, 'caloriesOut': 0.0, 'name': 'Peak', 'min': 161, 'max': 220}]","{'totalMinutes': 0, 'minutesInHeartRateZones': [{'minutes': 0, 'zoneName': 'Out of Range', 'order': 0, 'type': 'OUT_OF_ZONE', 'minuteMultiplier': 0}, {'minutes': 0, 'zoneName': 'Fat Burn', 'order': 1, 'type': 'FAT_BURN', 'minuteMultiplier': 1}, {'minutes': 0, 'zoneName': 'Cardio', 'order': 2, 'type': 'CARDIO', 'minuteMultiplier': 2}, {'minutes': 0, 'zoneName': 'Peak', 'order': 3, 'type': 'PEAK', 'minuteMultiplier': 2}]}"
2026-01-04 08:14:49+09:00,8737161333938900056,Outdoor Bike,1071,2026-01-04T08:14:49.000+09:00,1227000,20,89,,0.347409,Mile,auto_detected,,,96.0,"[{'minutes': 18, 'caloriesOut': 79.510698, 'name': 'Out of Range', 'min': 30, 'max': 102}, {'minutes': 2, 'caloriesOut': 9.656338, 'name': 'Fat Burn', 'min': 103, 'max': 128}, {'minutes': 0, 'caloriesOut': 0.0, 'name': 'Cardio', 'min': 129, 'max': 160}, {'minutes': 0, 'caloriesOut': 0.0, 'name': 'Peak', 'min': 161, 'max': 220}]","{'totalMinutes': 2, 'minutesInHeartRateZones': [{'minutes': 0, 'zoneName': 'Out of Range', 'order': 0, 'type': 'OUT_OF_ZONE', 'minuteMultiplier': 0}, {'minutes': 2, 'zoneName': 'Fat Burn', 'order': 1, 'type': 'FAT_BURN', 'minuteMultiplier': 1}, {'minutes': 0, 'zoneName': 'Cardio', 'order': 2, 'type': 'CARDIO', 'minuteMultiplier': 2}, {'minutes': 0, 'zoneName': 'Peak', 'order': 3, 'type': 'PEAK', 'minuteMultiplier': 2}]}"
2026-01-04 14:49:02+09:00,7503895948824080560,Walk,90013,2026-01-04T14:49:02.000+09:00,768000,12,58,792.0,0.316216,Mile,auto_detected,,,80.0,"[{'minutes': 12, 'caloriesOut': 58.55439, 'name': 'Out of Range', 'min': 30, 'max': 102}, {'minutes': 0, 'caloriesOut': 0.0, 'name': 'Fat Burn', 'min': 103, 'max': 128}, {'minutes': 0, 'caloriesOut': 0.0, 'name': 'Cardio', 'min': 129, 'max': 160}, {'minutes': 0, 'caloriesOut': 0.0, 'name': 'Peak', 'min': 161, 'max': 220}]","{'totalMinutes': 0, 'minutesInHeartRateZones': [{'minutes': 0, 'zoneName': 'Out of Range', 'order': 0, 'type': 'OUT_OF_ZONE', 'minuteMultiplier': 0}, {'minutes': 0, 'zoneName': 'Fat Burn', 'order': 1, 'type': 'FAT_BURN', 'minuteMultiplier': 1}, {'minutes': 0, 'zoneName': 'Cardio', 'order': 2, 'type': 'CARDIO', 'minuteMultiplier': 2}, {'minutes': 0, 'zoneName': 'Peak', 'order': 3, 'type': 'PEAK', 'minuteMultiplier': 2}]}"
2026-01-04 17:33:43+09:00,566644400604587128,Outdoor Bike,1071,2026-01-04T17:33:43.000+09:00,2098000,34,104,,0.234754,Mile,auto_detected,,,90.0,"[{'minutes': 30, 'caloriesOut': 88.858855, 'name': 'Out of Range', 'min': 30, 'max': 102}, {'minutes': 4, 'caloriesOut': 15.203596, 'name': 'Fat Burn', 'min': 103, 'max': 128}, {'minutes': 0, 'caloriesOut': 0.0, 'name': 'Cardio', 'min': 129, 'max': 160}, {'minutes': 0, 'caloriesOut': 0.0, 'name': 'Peak', 'min': 161, 'max': 220}]","{'totalMinutes': 4, 'minutesInHeartRateZones': [{'minutes': 0, 'zoneName': 'Out of Range', 'order': 0, 'type': 'OUT_OF_ZONE', 'minuteMultiplier': 0}, {'minutes': 4, 'zoneName': 'Fat Burn', 'order': 1, 'type': 'FAT_BURN', 'minuteMultiplier': 1}, {'minutes': 0, 'zoneName': 'Cardio', 'order': 2, 'type': 'CARDIO', 'minuteMultiplier': 2}, {'minutes': 0, 'zoneName': 'Peak', 'order': 3, 'type': 'PEAK', 'minuteMultiplier': 2}]}"
2026-01-05 06:48:36+09:00,8201998589018062208,Bike,90001,2026-01-05T06:48:36.000+09:00,1046000,17,99,,3.092067,Mile,tracker,True,,113.0,"[{'minutes': 5, 'caloriesOut': 33.180821, 'name': 'Out of Range', 'min': 30, 'max': 103}, {'minutes': 7, 'caloriesOut': 41.0908, 'name': 'Fat Burn', 'min': 104, 'max': 128}, {'minutes': 5, 'caloriesOut': 25.065388, 'name': 'Cardio', 'min': 129, 'max': 160}, {'minutes': 0, 'caloriesOut': 0.0, 'name': 'Peak', 'min': 161, 'max': 220}]","{'totalMinutes': 17, 'minutesInHeartRateZones': [{'minutes': 0, 'zoneName': 'Out of Range', 'order': 0, 'type': 'OUT_OF_ZONE', 'minuteMultiplier': 0}, {'minutes': 7, 'zoneName': 'Fat Burn', 'order': 1, 'type': 'FAT_BURN', 'minuteMultiplier': 1}, {'minutes': 5, 'zoneName': 'Cardio', 'order': 2, 'type': 'CARDIO', 'minuteMultiplier': 2}, {'minutes': 0, 'zoneName': 'Peak', 'order': 3, 'type': 'PEAK', 'minuteMultiplier': 2}]}"
2026-01-05 15:30:23+09:00,1410501361518652736,Weights,2131,2026-01-05T15:30:23.000+09:00,1172000,19,80,158.0,,,tracker,,,95.0,"[{'minutes': 15, 'caloriesOut': 63.074378, 'name': 'Out of Range', 'min': 30, 'max': 103}, {'minutes': 4, 'caloriesOut': 17.155409, 'name': 'Fat Burn', 'min': 104, 'max': 128}, {'minutes': 0, 'caloriesOut': 0.0, 'name': 'Cardio', 'min': 129, 'max': 160}, {'minutes': 0, 'caloriesOut': 0.0, 'name': 'Peak', 'min': 161, 'max': 220}]","{'totalMinutes': 4, 'minutesInHeartRateZones': [{'minutes': 0, 'zoneName': 'Out of Range', 'order': 0, 'type': 'OUT_OF_ZONE', 'minuteMultiplier': 0}, {'minutes': 4, 'zoneName': 'Fat Burn', 'order': 1, 'type': 'FAT_BURN', 'minuteMultiplier': 1}, {'minutes': 0, 'zoneName': 'Cardio', 'order': 2, 'type': 'CARDIO', 'minuteMultiplier': 2}, {'minutes': 0, 'zoneName': 'Peak', 'order': 3, 'type': 'PEAK', 'minuteMultiplier': 2}]}"
2026-01-05 19:41:16+09:00,5344968301045609448,Outdoor Bike,1071,2026-01-05T19:41:16.000+09:00,922000,15,51,,0.154162,Mile,auto_detected,,,96.0,"[{'minutes': 13, 'caloriesOut': 43.248067, 'name': 'Out of Range', 'min': 30, 'max': 103}, {'minutes': 2, 'caloriesOut': 8.012706, 'name': 'Fat Burn', 'min': 104, 'max': 128}, {'minutes': 0, 'caloriesOut': 0.0, 'name': 'Cardio', 'min': 129, 'max': 160}, {'minutes': 0, 'caloriesOut': 0.0, 'name': 'Peak', 'min': 161, 'max': 220}]","{'totalMinutes': 2, 'minutesInHeartRateZones': [{'minutes': 0, 'zoneName': 'Out of Range', 'order': 0, 'type': 'OUT_OF_ZONE', 'minuteMultiplier': 0}, {'minutes': 2, 'zoneName': 'Fat Burn', 'order': 1, 'type': 'FAT_BURN', 'minuteMultiplier': 1}, {'minutes': 0, 'zoneName': 'Cardio', 'order': 2, 'type': 'CARDIO', 'minuteMultiplier': 2}, {'minutes': 0, 'zoneName': 'Peak', 'order': 3, 'type': 'PEAK', 'minuteMultiplier': 2}]}"
2026-01-05 20:15:23+09:00,6037694097069587088,Outdoor Bike,1071,2026-01-05T20:15:23.000+09:00,974000,16,60,,0.190388,Mile,auto_detected,,,95.0,"[{'minutes': 14, 'caloriesOut': 56.910758, 'name': 'Out of Range', 'min': 30, 'max': 103}, {'minutes': 2, 'caloriesOut': 3.595445, 'name': 'Fat Burn', 'min': 104, 'max': 128}, {'minutes': 0, 'caloriesOut': 0.0, 'name': 'Cardio', 'min': 129, 'max': 160}, {'minutes': 0, 'caloriesOut': 0.0, 'name': 'Peak', 'min': 161, 'max': 220}]","{'totalMinutes': 2, 'minutesInHeartRateZones': [{'minutes': 0, 'zoneName': 'Out of Range', 'order': 0, 'type': 'OUT_OF_ZONE', 'minuteMultiplier': 0}, {'minutes': 2, 'zoneName': 'Fat Burn', 'order': 1, 'type': 'FAT_BURN', 'minuteMultiplier': 1}, {'minutes': 0, 'zoneName': 'Cardio', 'order': 2, 'type': 'CARDIO', 'minuteMultiplier': 2}, {'minutes': 0, 'zoneName': 'Peak', 'order': 3, 'type': 'PEAK', 'minuteMultiplier': 2}]}"
2026-01-06 06:38:20+09:00,4230939363559454968,Bike,90001,2026-01-06T06:38:20.000+09:00,1243000,20,124,,3.088911,Mile,tracker,True,,107.0,"[{'minutes': 8, 'caloriesOut': 51.466227, 'name': 'Out of Range', 'min': 30, 'max': 105}, {'minutes': 11, 'caloriesOut': 66.464369, 'name': 'Fat Burn', 'min': 106, 'max': 130}, {'minutes': 1, 'caloriesOut': 6.985436, 'name': 'Cardio', 'min': 131, 'max': 161}, {'minutes': 0, 'caloriesOut': 0.0, 'name': 'Peak', 'min': 162, 'max': 220}]","{'totalMinutes': 13, 'minutesInHeartRateZones': [{'minutes': 0, 'zoneName': 'Out of Range', 'order': 0, 'type': 'OUT_OF_ZONE', 'minuteMultiplier': 0}, {'minutes': 11, 'zoneName': 'Fat Burn', 'order': 1, 'type': 'FAT_BURN', 'minuteMultiplier': 1}, {'minutes': 1, 'zoneName': 'Cardio', 'order': 2, 'type': 'CARDIO', 'minuteMultiplier': 2}, {'minutes': 0, 'zoneName': 'Peak', 'order': 3, 'type': 'PEAK', 'minuteMultiplier': 2}]}"
2026-01-06 14:55:45+09:00,4879083485657039976,Walk,90013,2026-01-06T14:55:45.000+09:00,667000,11,69,961.0,0.416754,Mile,auto_detected,,,89.0,"[{'minutes': 11, 'caloriesOut': 69.032544, 'name': 'Out of Range', 'min': 30, 'max': 105}, {'minutes': 0, 'caloriesOut': 0.0, 'name': 'Fat Burn', 'min': 106, 'max': 130}, {'minutes': 0, 'caloriesOut': 0.0, 'name': 'Cardio', 'min': 131, 'max': 161}, {'minutes': 0, 'caloriesOut': 0.0, 'name': 'Peak', 'min': 162, 'max': 220}]","{'totalMinutes': 0, 'minutesInHeartRateZones': [{'minutes': 0, 'zoneName': 'Out of Range', 'order': 0, 'type': 'OUT_OF_ZONE', 'minuteMultiplier': 0}, {'minutes': 0, 'zoneName': 'Fat Burn', 'order': 1, 'type': 'FAT_BURN', 'minuteMultiplier': 1}, {'minutes': 0, 'zoneName': 'Cardio', 'order': 2, 'type': 'CARDIO', 'minuteMultiplier': 2}, {'minutes': 0, 'zoneName': 'Peak', 'order': 3, 'type': 'PEAK', 'minuteMultiplier': 2}]}"
2026-01-06 19:22:53+09:00,766747125476673832,Outdoor Bike,1071,2026-01-06T19:22:53.000+09:00,1790000,29,94,,0.309194,Mile,auto_detected,,,90.0,"[{'minutes': 29, 'caloriesOut': 94.097932, 'name': 'Out of Range', 'min': 30, 'max': 105}, {'minutes': 0, 'caloriesOut': 0.0, 'name': 'Fat Burn', 'min': 106, 'max': 130}, {'minutes': 0, 'caloriesOut': 0.0, 'name': 'Cardio', 'min': 131, 'max': 161}, {'minutes': 0, 'caloriesOut': 0.0, 'name': 'Peak', 'min': 162, 'max': 220}]","{'totalMinutes': 0, 'minutesInHeartRateZones': [{'minutes': 0, 'zoneName': 'Out of Range', 'order': 0, 'type': 'OUT_OF_ZONE', 'minuteMultiplier': 0}, {'minutes': 0, 'zoneName': 'Fat Burn', 'order': 1, 'type': 'FAT_BURN', 'minuteMultiplier': 1}, {'minutes': 0, 'zoneName': 'Cardio', 'order': 2, 'type': 'CARDIO', 'minuteMultiplier': 2}, {'minutes': 0, 'zoneName': 'Peak', 'order': 3, 'type': 'PEAK', 'minuteMultiplier': 2}]}"
2026-01-07 07:07:01+09:00,6168033730302803016,Bike,90001,2026-01-07T07:07:01.000+09:00,1142000,19,108,,3.094839,Mile,tracker,True,,108.0,"[{'minutes': 9, 'caloriesOut': 53.726221, 'name': 'Out of Range', 'min': 30, 'max': 105}, {'minutes': 8, 'caloriesOut': 42.939886, 'name': 'Fat Burn', 'min': 106, 'max': 130}, {'minutes': 2, 'caloriesOut': 12.121786, 'name': 'Cardio', 'min': 131, 'max': 161}, {'minutes': 0, 'caloriesOut': 0.0, 'name': 'Peak', 'min': 162, 'max': 220}]","{'totalMinutes': 12, 'minutesInHeartRateZones': [{'minutes': 0, 'zoneName': 'Out of Range', 'order': 0, 'type': 'OUT_OF_ZONE', 'minuteMultiplier': 0}, {'minutes': 8, 'zoneName': 'Fat Burn', 'order': 1, 'type': 'FAT_BURN', 'minuteMultiplier': 1}, {'minutes': 2, 'zoneName': 'Cardio', 'order': 2, 'type': 'CARDIO', 'minuteMultiplier': 2}, {'minutes': 0, 'zoneName': 'Peak', 'order': 3, 'type': 'PEAK', 'minuteMultiplier': 2}]}"
2026-01-07 16:48:24+09:00,8079295959070597968,Weights,2131,2026-01-07T16:48:24.000+09:00,1136000,18,62,128.0,,,tracker,,,80.0,"[{'minutes': 18, 'caloriesOut': 62.971651, 'name': 'Out of Range', 'min': 30, 'max': 105}, {'minutes': 0, 'caloriesOut': 0.0, 'name': 'Fat Burn', 'min': 106, 'max': 130}, {'minutes': 0, 'caloriesOut': 0.0, 'name': 'Cardio', 'min': 131, 'max': 161}, {'minutes': 0, 'caloriesOut': 0.0, 'name': 'Peak', 'min': 162, 'max': 220}]","{'totalMinutes': 0, 'minutesInHeartRateZones': [{'minutes': 0, 'zoneName': 'Out of Range', 'order': 0, 'type': 'OUT_OF_ZONE', 'minuteMultiplier': 0}, {'minutes': 0, 'zoneName': 'Fat Burn', 'order': 1, 'type': 'FAT_BURN', 'minuteMultiplier': 1}, {'minutes': 0, 'zoneName': 'Cardio', 'order': 2, 'type': 'CARDIO', 'minuteMultiplier': 2}, {'minutes': 0, 'zoneName': 'Peak', 'order': 3, 'type': 'PEAK', 'minuteMultiplier': 2}]}"
2026-01-07 19:18:58+09:00,8514476596815635752,Outdoor Bike,1071,2026-01-07T19:18:58.000+09:00,1024000,17,60,,0.230404,Mile,auto_detected,,,87.0,"[{'minutes': 17, 'caloriesOut': 60.917111, 'name': 'Out of Range', 'min': 30, 'max': 105}, {'minutes': 0, 'caloriesOut': 0.0, 'name': 'Fat Burn', 'min': 106, 'max': 130}, {'minutes': 0, 'caloriesOut': 0.0, 'name': 'Cardio', 'min': 131, 'max': 161}, {'minutes': 0, 'caloriesOut': 0.0, 'name': 'Peak', 'min': 162, 'max': 220}]","{'totalMinutes': 0, 'minutesInHeartRateZones': [{'minutes': 0, 'zoneName': 'Out of Range', 'order': 0, 'type': 'OUT_OF_ZONE', 'minuteMultiplier': 0}, {'minutes': 0, 'zoneName': 'Fat Burn', 'order': 1, 'type': 'FAT_BURN', 'minuteMultiplier': 1}, {'minutes': 0, 'zoneName': 'Cardio', 'order': 2, 'type': 'CARDIO', 'minuteMultiplier': 2}, {'minutes': 0, 'zoneName': 'Peak', 'order': 3, 'type': 'PEAK', 'minuteMultiplier': 2}]}"
2026-01-07 19:52:15+09:00,1585177505096563984,Outdoor Bike,1071,2026-01-07T19:52:15.000+09:00,973000,16,57,,0.112655,Mile,auto_detected,,,95.0,"[{'minutes': 16, 'caloriesOut': 57.013485, 'name': 'Out of Range', 'min': 30, 'max': 105}, {'minutes': 0, 'caloriesOut': 0.0, 'name': 'Fat Burn', 'min': 106, 'max': 130}, {'minutes': 0, 'caloriesOut': 0.0, 'name': 'Cardio', 'min': 131, 'max': 161}, {'minutes': 0, 'caloriesOut': 0.0, 'name': 'Peak', 'min': 162, 'max': 220}]","{'totalMinutes': 0, 'minutesInHeartRateZones': [{'minutes': 0, 'zoneName': 'Out of Range', 'order': 0, 'type': 'OUT_OF_ZONE', 'minuteMultiplier': 0}, {'minutes': 0, 'zoneName': 'Fat Burn', 'order': 1, 'type': 'FAT_BURN', 'minuteMultiplier': 1}, {'minutes': 0, 'zoneName': 'Cardio', 'order': 2, 'type': 'CARDIO', 'minuteMultiplier': 2}, {'minutes': 0, 'zoneName': 'Peak', 'order': 3, 'type': 'PEAK', 'minuteMultiplier': 2}]}"
2026-01-08 07:13:19+09:00,4938417415201385432,Bike,90001,2026-01-08T07:13:19.000+09:00,996000,16,113,,3.032751,Mile,tracker,True,,124.0,"[{'minutes': 5, 'caloriesOut': 35.440815, 'name': 'Out of Range', 'min': 30, 'max': 106}, {'minutes': 5, 'caloriesOut': 27.941744, 'name': 'Fat Burn', 'min': 107, 'max': 130}, {'minutes': 6, 'caloriesOut': 50.438957, 'name': 'Cardio', 'min': 131, 'max': 161}, {'minutes': 0, 'caloriesOut': 0.0, 'name': 'Peak', 'min': 162, 'max': 220}]","{'totalMinutes': 17, 'minutesInHeartRateZones': [{'minutes': 0, 'zoneName': 'Out of Range', 'order': 0, 'type': 'OUT_OF_ZONE', 'minuteMultiplier': 0}, {'minutes': 5, 'zoneName': 'Fat Burn', 'order': 1, 'type': 'FAT_BURN', 'minuteMultiplier': 1}, {'minutes': 6, 'zoneName': 'Cardio', 'order': 2, 'type': 'CARDIO', 'minuteMultiplier': 2}, {'minutes': 0, 'zoneName': 'Peak', 'order': 3, 'type': 'PEAK', 'minuteMultiplier': 2}]}"
2026-01-08 15:51:20+09:00,130572830860215632,Weights,2131,2026-01-08T15:51:20.000+09:00,2644000,44,148,785.0,,,tracker,,,91.0,"[{'minutes': 42, 'caloriesOut': 140.325082, 'name': 'Out of Range', 'min': 30, 'max': 106}, {'minutes': 2, 'caloriesOut': 7.807252, 'name': 'Fat Burn', 'min': 107, 'max': 130}, {'minutes': 0, 'caloriesOut': 0.0, 'name': 'Cardio', 'min': 131, 'max': 161}, {'minutes': 0, 'caloriesOut': 0.0, 'name': 'Peak', 'min': 162, 'max': 220}]","{'totalMinutes': 2, 'minutesInHeartRateZones': [{'minutes': 0, 'zoneName': 'Out of Range', 'order': 0, 'type': 'OUT_OF_ZONE', 'minuteMultiplier': 0}, {'minutes': 2, 'zoneName': 'Fat Burn', 'order': 1, 'type': 'FAT_BURN', 'minuteMultiplier': 1}, {'minutes': 0, 'zoneName': 'Cardio', 'order': 2, 'type': 'CARDIO', 'minuteMultiplier': 2}, {'minutes': 0, 'zoneName': 'Peak', 'order': 3, 'type': 'PEAK', 'minuteMultiplier': 2}]}"
2026-01-08 18:44:20+09:00,8993264428339109752,Outdoor Bike,1071,2026-01-08T18:44:20.000+09:00,924000,15,48,,0.080157,Mile,auto_detected,,,104.0,"[{'minutes': 12, 'caloriesOut': 41.501708, 'name': 'Out of Range', 'min': 30, 'max': 106}, {'minutes': 3, 'caloriesOut': 6.574528, 'name': 'Fat Burn', 'min': 107, 'max': 130}, {'minutes': 0, 'caloriesOut': 0.0, 'name': 'Cardio', 'min': 131, 'max': 161}, {'minutes': 0, 'caloriesOut': 0.0, 'name': 'Peak', 'min': 162, 'max': 220}]","{'totalMinutes': 3, 'minutesInHeartRateZones': [{'minutes': 0, 'zoneName': 'Out of Range', 'order': 0, 'type': 'OUT_OF_ZONE', 'minuteMultiplier': 0}, {'minutes': 3, 'zoneName': 'Fat Burn', 'order': 1, 'type': 'FAT_BURN', 'minuteMultiplier': 1}, {'minutes': 0, 'zoneName': 'Cardio', 'order': 2, 'type': 'CARDIO', 'minuteMultiplier': 2}, {'minutes': 0, 'zoneName': 'Peak', 'order': 3, 'type': 'PEAK', 'minuteMultiplier': 2}]}"
2026-01-08 22:27:08+09:00,4127794605327526048,Weights,2131,2026-01-08T22:27:08.000+09:00,5000,0,0,0.0,,,tracker,,,90.0,"[{'minutes': 0, 'caloriesOut': 0.0, 'name': 'Out of Range', 'min': 30, 'max': 106}, {'minutes': 0, 'caloriesOut': 0.0, 'name': 'Fat Burn', 'min': 107, 'max': 130}, {'minutes': 0, 'caloriesOut': 0.0, 'name': 'Cardio', 'min': 131, 'max': 161}, {'minutes': 0, 'caloriesOut': 0.0, 'name': 'Peak', 'min': 162, 'max': 220}]","{'totalMinutes': 0, 'minutesInHeartRateZones': [{'minutes': 0, 'zoneName': 'Out of Range', 'order': 0, 'type': 'OUT_OF_ZONE', 'minuteMultiplier': 0}, {'minutes': 0, 'zoneName': 'Fat Burn', 'order': 1, 'type': 'FAT_BURN', 'minuteMultiplier': 1}, {'minutes': 0, 'zoneName': 'Cardio', 'order': 2, 'type': 'CARDIO', 'minuteMultiplier': 2}, {'minutes': 0, 'zoneName': 'Peak', 'order': 3, 'type': 'PEAK', 'minuteMultiplier': 2}]}"
2026-01-09 06:59:11+09:00,939647318272419856,Bike,90001,2026-01-09T06:59:11.000+09:00,1433000,23,133,,3.332557,Mile,tracker,True,,105.0,"[{'minutes': 11, 'caloriesOut': 73.96344, 'name': 'Out of Range', 'min': 30, 'max': 106}, {'minutes': 12, 'caloriesOut': 59.992568, 'name': 'Fat Burn', 'min': 107, 'max': 130}, {'minutes': 0, 'caloriesOut': 0.0, 'name': 'Cardio', 'min': 131, 'max': 161}, {'minutes': 0, 'caloriesOut': 0.0, 'name': 'Peak', 'min': 162, 'max': 220}]","{'totalMinutes': 12, 'minutesInHeartRateZones': [{'minutes': 0, 'zoneName': 'Out of Range', 'order': 0, 'type': 'OUT_OF_ZONE', 'minuteMultiplier': 0}, {'minutes': 12, 'zoneName': 'Fat Burn', 'order': 1, 'type': 'FAT_BURN', 'minuteMultiplier': 1}, {'minutes': 0, 'zoneName': 'Cardio', 'order': 2, 'type': 'CARDIO', 'minuteMultiplier': 2}, {'minutes': 0, 'zoneName': 'Peak', 'order': 3, 'type': 'PEAK', 'minuteMultiplier': 2}]}"
2026-01-11 06:42:02+09:00,7324740563270289336,Bike,90001,2026-01-11T06:42:02.000+09:00,1048000,17,89,,3.035752,Mile,tracker,True,,107.0,"[{'minutes': 8, 'caloriesOut': 40.166257, 'name': 'Out of Range', 'min': 30, 'max': 105}, {'minutes': 9, 'caloriesOut': 49.617141, 'name': 'Fat Burn', 'min': 106, 'max': 130}, {'minutes': 0, 'caloriesOut': 0.0, 'name': 'Cardio', 'min': 131, 'max': 161}, {'minutes': 0, 'caloriesOut': 0.0, 'name': 'Peak', 'min': 162, 'max': 220}]","{'totalMinutes': 9, 'minutesInHeartRateZones': [{'minutes': 0, 'zoneName': 'Out of Range', 'order': 0, 'type': 'OUT_OF_ZONE', 'minuteMultiplier': 0}, {'minutes': 9, 'zoneName': 'Fat Burn', 'order': 1, 'type': 'FAT_BURN', 'minuteMultiplier': 1}, {'minutes': 0, 'zoneName': 'Cardio', 'order': 2, 'type': 'CARDIO', 'minuteMultiplier': 2}, {'minutes': 0, 'zoneName': 'Peak', 'order': 3, 'type': 'PEAK', 'minuteMultiplier': 2}]}"
2026-01-11 08:47:18+09:00,8820084692003584688,Outdoor Bike,1071,2026-01-11T08:47:18.000+09:00,614000,10,28,,0.072576,Mile,auto_detected,,,92.0,"[{'minutes': 9, 'caloriesOut': 27.222655, 'name': 'Out of Range', 'min': 30, 'max': 105}, {'minutes': 1, 'caloriesOut': 1.540905, 'name': 'Fat Burn', 'min': 106, 'max': 130}, {'minutes': 0, 'caloriesOut': 0.0, 'name': 'Cardio', 'min': 131, 'max': 161}, {'minutes': 0, 'caloriesOut': 0.0, 'name': 'Peak', 'min': 162, 'max': 220}]","{'totalMinutes': 1, 'minutesInHeartRateZones': [{'minutes': 0, 'zoneName': 'Out of Range', 'order': 0, 'type': 'OUT_OF_ZONE', 'minuteMultiplier': 0}, {'minutes': 1, 'zoneName': 'Fat Burn', 'order': 1, 'type': 'FAT_BURN', 'minuteMultiplier': 1}, {'minutes': 0, 'zoneName': 'Cardio', 'order': 2, 'type': 'CARDIO', 'minuteMultiplier': 2}, {'minutes': 0, 'zoneName': 'Peak', 'order': 3, 'type': 'PEAK', 'minuteMultiplier': 2}]}"
2026-01-11 16:41:45+09:00,1237855127398648808,Outdoor Bike,1071,2026-01-11T16:41:45.000+09:00,1740000,29,78,,0.143847,Mile,auto_detected,,,93.0,"[{'minutes': 26, 'caloriesOut': 68.621636, 'name': 'Out of Range', 'min': 30, 'max': 105}, {'minutes': 3, 'caloriesOut': 9.964519, 'name': 'Fat Burn', 'min': 106, 'max': 130}, {'minutes': 0, 'caloriesOut': 0.0, 'name': 'Cardio', 'min': 131, 'max': 161}, {'minutes': 0, 'caloriesOut': 0.0, 'name': 'Peak', 'min': 162, 'max': 220}]","{'totalMinutes': 3, 'minutesInHeartRateZones': [{'minutes': 0, 'zoneName': 'Out of Range', 'order': 0, 'type': 'OUT_OF_ZONE', 'minuteMultiplier': 0}, {'minutes': 3, 'zoneName': 'Fat Burn', 'order': 1, 'type': 'FAT_BURN', 'minuteMultiplier': 1}, {'minutes': 0, 'zoneName': 'Cardio', 'order': 2, 'type': 'CARDIO', 'minuteMultiplier': 2}, {'minutes': 0, 'zoneName': 'Peak', 'order': 3, 'type': 'PEAK', 'minuteMultiplier': 2}]}"
2026-01-13 06:38:53+09:00,3213824555734250064,Bike,90001,2026-01-13T06:38:53.000+09:00,1165000,19,117,,3.146344,Mile,tracker,True,,114.0,"[{'minutes': 5, 'caloriesOut': 37.700809, 'name': 'Out of Range', 'min': 30, 'max': 105}, {'minutes': 12, 'caloriesOut': 66.669823, 'name': 'Fat Burn', 'min': 106, 'max': 130}, {'minutes': 2, 'caloriesOut': 13.35451, 'name': 'Cardio', 'min': 131, 'max': 161}, {'minutes': 0, 'caloriesOut': 0.0, 'name': 'Peak', 'min': 162, 'max': 220}]","{'totalMinutes': 16, 'minutesInHeartRateZones': [{'minutes': 0, 'zoneName': 'Out of Range', 'order': 0, 'type': 'OUT_OF_ZONE', 'minuteMultiplier': 0}, {'minutes': 12, 'zoneName': 'Fat Burn', 'order': 1, 'type': 'FAT_BURN', 'minuteMultiplier': 1}, {'minutes': 2, 'zoneName': 'Cardio', 'order': 2, 'type': 'CARDIO', 'minuteMultiplier': 2}, {'minutes': 0, 'zoneName': 'Peak', 'order': 3, 'type': 'PEAK', 'minuteMultiplier': 2}]}"
2026-01-13 14:38:00+09:00,7579014127788277376,Weights,2131,2026-01-13T14:38:00.000+09:00,26354000,439,924,3995.0,,,tracker,,,71.0,"[{'minutes': 430, 'caloriesOut': 876.877672, 'name': 'Out of Range', 'min': 30, 'max': 105}, {'minutes': 8, 'caloriesOut': 41.912616, 'name': 'Fat Burn', 'min': 106, 'max': 130}, {'minutes': 1, 'caloriesOut': 6.779982, 'name': 'Cardio', 'min': 131, 'max': 161}, {'minutes': 0, 'caloriesOut': 0.0, 'name': 'Peak', 'min': 162, 'max': 220}]","{'totalMinutes': 10, 'minutesInHeartRateZones': [{'minutes': 0, 'zoneName': 'Out of Range', 'order': 0, 'type': 'OUT_OF_ZONE', 'minuteMultiplier': 0}, {'minutes': 8, 'zoneName': 'Fat Burn', 'order': 1, 'type': 'FAT_BURN', 'minuteMultiplier': 1}, {'minutes': 1, 'zoneName': 'Cardio', 'order': 2, 'type': 'CARDIO', 'minuteMultiplier': 2}, {'minutes': 0, 'zoneName': 'Peak', 'order': 3, 'type': 'PEAK', 'minuteMultiplier': 2}]}"
2026-01-14 06:38:55+09:00,6432324418226024040,Bike,90001,2026-01-14T06:38:55.000+09:00,1119000,18,102,,3.085009,Mile,tracker,True,,98.0,"[{'minutes': 12, 'caloriesOut': 73.038897, 'name': 'Out of Range', 'min': 30, 'max': 105}, {'minutes': 6, 'caloriesOut': 28.969014, 'name': 'Fat Burn', 'min': 106, 'max': 130}, {'minutes': 0, 'caloriesOut': 0.0, 'name': 'Cardio', 'min': 131, 'max': 161}, {'minutes': 0, 'caloriesOut': 0.0, 'name': 'Peak', 'min': 162, 'max': 220}]","{'totalMinutes': 6, 'minutesInHeartRateZones': [{'minutes': 0, 'zoneName': 'Out of Range', 'order': 0, 'type': 'OUT_OF_ZONE', 'minuteMultiplier': 0}, {'minutes': 6, 'zoneName': 'Fat Burn', 'order': 1, 'type': 'FAT_BURN', 'minuteMultiplier': 1}, {'minutes': 0, 'zoneName': 'Cardio', 'order': 2, 'type': 'CARDIO', 'minuteMultiplier': 2}, {'minutes': 0, 'zoneName': 'Peak', 'order': 3, 'type': 'PEAK', 'minuteMultiplier': 2}]}"
2026-01-14 19:27:23+09:00,7985706776523644672,Outdoor Bike,1071,2026-01-14T19:27:23.000+09:00,1586000,26,72,,0.190388,Mile,auto_detected,,,80.0,"[{'minutes': 26, 'caloriesOut': 72.114354, 'name': 'Out of Range', 'min': 30, 'max': 105}, {'minutes': 0, 'caloriesOut': 0.0, 'name': 'Fat Burn', 'min': 106, 'max': 130}, {'minutes': 0, 'caloriesOut': 0.0, 'name': 'Cardio', 'min': 131, 'max': 161}, {'minutes': 0, 'caloriesOut': 0.0, 'name': 'Peak', 'min': 162, 'max': 220}]","{'totalMinutes': 0, 'minutesInHeartRateZones': [{'minutes': 0, 'zoneName': 'Out of Range', 'order': 0, 'type': 'OUT_OF_ZONE', 'minuteMultiplier': 0}, {'minutes': 0, 'zoneName': 'Fat Burn', 'order': 1, 'type': 'FAT_BURN', 'minuteMultiplier': 1}, {'minutes': 0, 'zoneName': 'Cardio', 'order': 2, 'type': 'CARDIO', 'minuteMultiplier': 2}, {'minutes': 0, 'zoneName': 'Peak', 'order': 3, 'type': 'PEAK', 'minuteMultiplier': 2}]}"
2026-01-15 06:39:47+09:00,7185293429734961456,Bike,90001,2026-01-15T06:39:47.000+09:00,1173000,19,112,,3.081802,Mile,tracker,True,,105.0,"[{'minutes': 8, 'caloriesOut': 49.000779, 'name': 'Out of Range', 'min': 30, 'max': 105}, {'minutes': 11, 'caloriesOut': 63.998921, 'name': 'Fat Burn', 'min': 106, 'max': 130}, {'minutes': 0, 'caloriesOut': 0.0, 'name': 'Cardio', 'min': 131, 'max': 161}, {'minutes': 0, 'caloriesOut': 0.0, 'name': 'Peak', 'min': 162, 'max': 220}]","{'totalMinutes': 11, 'minutesInHeartRateZones': [{'minutes': 0, 'zoneName': 'Out of Range', 'order': 0, 'type': 'OUT_OF_ZONE', 'minuteMultiplier': 0}, {'minutes': 11, 'zoneName': 'Fat Burn', 'order': 1, 'type': 'FAT_BURN', 'minuteMultiplier': 1}, {'minutes': 0, 'zoneName': 'Cardio', 'order': 2, 'type': 'CARDIO', 'minuteMultiplier': 2}, {'minutes': 0, 'zoneName': 'Peak', 'order': 3, 'type': 'PEAK', 'minuteMultiplier': 2}]}"
2026-01-15 13:51:58+09:00,5404732612764120408,Weights,2131,2026-01-15T13:51:58.000+09:00,2057000,34,129,254.0,,,tracker,,,89.0,"[{'minutes': 31, 'caloriesOut': 120.293317, 'name': 'Out of Range', 'min': 30, 'max': 105}, {'minutes': 3, 'caloriesOut': 9.039976, 'name': 'Fat Burn', 'min': 106, 'max': 130}, {'minutes': 0, 'caloriesOut': 0.0, 'name': 'Cardio', 'min': 131, 'max': 161}, {'minutes': 0, 'caloriesOut': 0.0, 'name': 'Peak', 'min': 162, 'max': 220}]","{'totalMinutes': 3, 'minutesInHeartRateZones': [{'minutes': 0, 'zoneName': 'Out of Range', 'order': 0, 'type': 'OUT_OF_ZONE', 'minuteMultiplier': 0}, {'minutes': 3, 'zoneName': 'Fat Burn', 'order': 1, 'type': 'FAT_BURN', 'minuteMultiplier': 1}, {'minutes': 0, 'zoneName': 'Cardio', 'order': 2, 'type': 'CARDIO', 'minuteMultiplier': 2}, {'minutes': 0, 'zoneName': 'Peak', 'order': 3, 'type': 'PEAK', 'minuteMultiplier': 2}]}"
2026-01-15 19:38:50+09:00,2761398674391013920,Outdoor Bike,1071,2026-01-15T19:38:50.000+09:00,1024000,17,53,,0.188586,Mile,auto_detected,,,84.0,"[{'minutes': 16, 'caloriesOut': 50.130776, 'name': 'Out of Range', 'min': 30, 'max': 105}, {'minutes': 1, 'caloriesOut': 3.698172, 'name': 'Fat Burn', 'min': 106, 'max': 130}, {'minutes': 0, 'caloriesOut': 0.0, 'name': 'Cardio', 'min': 131, 'max': 161}, {'minutes': 0, 'caloriesOut': 0.0, 'name': 'Peak', 'min': 162, 'max': 220}]","{'totalMinutes': 1, 'minutesInHeartRateZones': [{'minutes': 0, 'zoneName': 'Out of Range', 'order': 0, 'type': 'OUT_OF_ZONE', 'minuteMultiplier': 0}, {'minutes': 1, 'zoneName': 'Fat Burn', 'order': 1, 'type': 'FAT_BURN', 'minuteMultiplier': 1}, {'minutes': 0, 'zoneName': 'Cardio', 'order': 2, 'type': 'CARDIO', 'minuteMultiplier': 2}, {'minutes': 0, 'zoneName': 'Peak', 'order': 3, 'type': 'PEAK', 'minuteMultiplier': 2}]}"
2026-01-15 20:11:16+09:00,8440569913962877376,Outdoor Bike,1071,2026-01-15T20:11:16.000+09:00,972000,16,35,,0.052257,Mile,auto_detected,,,82.0,"[{'minutes': 16, 'caloriesOut': 35.440815, 'name': 'Out of Range', 'min': 30, 'max': 105}, {'minutes': 0, 'caloriesOut': 0.0, 'name': 'Fat Burn', 'min': 106, 'max': 130}, {'minutes': 0, 'caloriesOut': 0.0, 'name': 'Cardio', 'min': 131, 'max': 161}, {'minutes': 0, 'caloriesOut': 0.0, 'name': 'Peak', 'min': 162, 'max': 220}]","{'totalMinutes': 0, 'minutesInHeartRateZones': [{'minutes': 0, 'zoneName': 'Out of Range', 'order': 0, 'type': 'OUT_OF_ZONE', 'minuteMultiplier': 0}, {'minutes': 0, 'zoneName': 'Fat Burn', 'order': 1, 'type': 'FAT_BURN', 'minuteMultiplier': 1}, {'minutes': 0, 'zoneName': 'Cardio', 'order': 2, 'type': 'CARDIO', 'minuteMultiplier': 2}, {'minutes': 0, 'zoneName': 'Peak', 'order': 3, 'type': 'PEAK', 'minuteMultiplier': 2}]}"
2026-01-16 06:33:46+09:00,4156848078827194520,Bike,90001,2026-01-16T06:33:46.000+09:00,2333000,38,210,,3.566901,Mile,tracker,True,,85.0,"[{'minutes': 37, 'caloriesOut': 206.173089, 'name': 'Out of Range', 'min': 30, 'max': 104}, {'minutes': 1, 'caloriesOut': 4.519988, 'name': 'Fat Burn', 'min': 105, 'max': 129}, {'minutes': 0, 'caloriesOut': 0.0, 'name': 'Cardio', 'min': 130, 'max': 161}, {'minutes': 0, 'caloriesOut': 0.0, 'name': 'Peak', 'min': 162, 'max': 220}]","{'totalMinutes': 1, 'minutesInHeartRateZones': [{'minutes': 0, 'zoneName': 'Out of Range', 'order': 0, 'type': 'OUT_OF_ZONE', 'minuteMultiplier': 0}, {'minutes': 1, 'zoneName': 'Fat Burn', 'order': 1, 'type': 'FAT_BURN', 'minuteMultiplier': 1}, {'minutes': 0, 'zoneName': 'Cardio', 'order': 2, 'type': 'CARDIO', 'minuteMultiplier': 2}, {'minutes': 0, 'zoneName': 'Peak', 'order': 3, 'type': 'PEAK', 'minuteMultiplier': 2}]}"
2026-01-16 15:37:11+09:00,4253939934012673976,Weights,2131,2026-01-16T15:37:11.000+09:00,2165000,36,135,315.0,,,tracker,,,90.0,"[{'minutes': 34, 'caloriesOut': 125.121486, 'name': 'Out of Range', 'min': 30, 'max': 104}, {'minutes': 2, 'caloriesOut': 10.683608, 'name': 'Fat Burn', 'min': 105, 'max': 129}, {'minutes': 0, 'caloriesOut': 0.0, 'name': 'Cardio', 'min': 130, 'max': 161}, {'minutes': 0, 'caloriesOut': 0.0, 'name': 'Peak', 'min': 162, 'max': 220}]","{'totalMinutes': 2, 'minutesInHeartRateZones': [{'minutes': 0, 'zoneName': 'Out of Range', 'order': 0, 'type': 'OUT_OF_ZONE', 'minuteMultiplier': 0}, {'minutes': 2, 'zoneName': 'Fat Burn', 'order': 1, 'type': 'FAT_BURN', 'minuteMultiplier': 1}, {'minutes': 0, 'zoneName': 'Cardio', 'order': 2, 'type': 'CARDIO', 'minuteMultiplier': 2}, {'minutes': 0, 'zoneName': 'Peak', 'order': 3, 'type': 'PEAK', 'minuteMultiplier': 2}]}"
2026-01-16 21:58:19+09:00,5619590599474634672,Outdoor Bike,1071,2026-01-16T21:58:19.000+09:00,614000,10,29,,0.070339,Mile,auto_detected,,,86.0,"[{'minutes': 10, 'caloriesOut': 29.688103, 'name': 'Out of Range', 'min': 30, 'max': 104}, {'minutes': 0, 'caloriesOut': 0.0, 'name': 'Fat Burn', 'min': 105, 'max': 129}, {'minutes': 0, 'caloriesOut': 0.0, 'name': 'Cardio', 'min': 130, 'max': 161}, {'minutes': 0, 'caloriesOut': 0.0, 'name': 'Peak', 'min': 162, 'max': 220}]","{'totalMinutes': 0, 'minutesInHeartRateZones': [{'minutes': 0, 'zoneName': 'Out of Range', 'order': 0, 'type': 'OUT_OF_ZONE', 'minuteMultiplier': 0}, {'minutes': 0, 'zoneName': 'Fat Burn', 'order': 1, 'type': 'FAT_BURN', 'minuteMultiplier': 1}, {'minutes': 0, 'zoneName': 'Cardio', 'order': 2, 'type': 'CARDIO', 'minuteMultiplier': 2}, {'minutes': 0, 'zoneName': 'Peak', 'order': 3, 'type': 'PEAK', 'minuteMultiplier': 2}]}"
2026-01-16 22:45:15+09:00,385139368041618608,Outdoor Bike,1071,2026-01-16T22:45:15.000+09:00,972000,16,52,,0.146457,Mile,auto_detected,,,87.0,"[{'minutes': 16, 'caloriesOut': 52.698951, 'name': 'Out of Range', 'min': 30, 'max': 104}, {'minutes': 0, 'caloriesOut': 0.0, 'name': 'Fat Burn', 'min': 105, 'max': 129}, {'minutes': 0, 'caloriesOut': 0.0, 'name': 'Cardio', 'min': 130, 'max': 161}, {'minutes': 0, 'caloriesOut': 0.0, 'name': 'Peak', 'min': 162, 'max': 220}]","{'totalMinutes': 0, 'minutesInHeartRateZones': [{'minutes': 0, 'zoneName': 'Out of Range', 'order': 0, 'type': 'OUT_OF_ZONE', 'minuteMultiplier': 0}, {'minutes': 0, 'zoneName': 'Fat Burn', 'order': 1, 'type': 'FAT_BURN', 'minuteMultiplier': 1}, {'minutes': 0, 'zoneName': 'Cardio', 'order': 2, 'type': 'CARDIO', 'minuteMultiplier': 2}, {'minutes': 0, 'zoneName': 'Peak', 'order': 3, 'type': 'PEAK', 'minuteMultiplier': 2}]}"
2026-01-17 06:37:09+09:00,8954496777439003072,Outdoor Bike,1071,2026-01-17T06:37:09.000+09:00,1024000,17,66,,0.134713,Mile,auto_detected,,,97.0,"[{'minutes': 17, 'caloriesOut': 66.875277, 'name': 'Out of Range', 'min': 30, 'max': 105}, {'minutes': 0, 'caloriesOut': 0.0, 'name': 'Fat Burn', 'min': 106, 'max': 130}, {'minutes': 0, 'caloriesOut': 0.0, 'name': 'Cardio', 'min': 131, 'max': 161}, {'minutes': 0, 'caloriesOut': 0.0, 'name': 'Peak', 'min': 162, 'max': 220}]","{'totalMinutes': 0, 'minutesInHeartRateZones': [{'minutes': 0, 'zoneName': 'Out of Range', 'order': 0, 'type': 'OUT_OF_ZONE', 'minuteMultiplier': 0}, {'minutes': 0, 'zoneName': 'Fat Burn', 'order': 1, 'type': 'FAT_BURN', 'minuteMultiplier': 1}, {'minutes': 0, 'zoneName': 'Cardio', 'order': 2, 'type': 'CARDIO', 'minuteMultiplier': 2}, {'minutes': 0, 'zoneName': 'Peak', 'order': 3, 'type': 'PEAK', 'minuteMultiplier': 2}]}"
2026-01-17 08:32:21+09:00,2532488886174718576,Outdoor Bike,1071,2026-01-17T08:32:21.000+09:00,1025000,17,66,,0.224315,Mile,auto_detected,,,93.0,"[{'minutes': 15, 'caloriesOut': 60.506203, 'name': 'Out of Range', 'min': 30, 'max': 105}, {'minutes': 2, 'caloriesOut': 5.958166, 'name': 'Fat Burn', 'min': 106, 'max': 130}, {'minutes': 0, 'caloriesOut': 0.0, 'name': 'Cardio', 'min': 131, 'max': 161}, {'minutes': 0, 'caloriesOut': 0.0, 'name': 'Peak', 'min': 162, 'max': 220}]","{'totalMinutes': 2, 'minutesInHeartRateZones': [{'minutes': 0, 'zoneName': 'Out of Range', 'order': 0, 'type': 'OUT_OF_ZONE', 'minuteMultiplier': 0}, {'minutes': 2, 'zoneName': 'Fat Burn', 'order': 1, 'type': 'FAT_BURN', 'minuteMultiplier': 1}, {'minutes': 0, 'zoneName': 'Cardio', 'order': 2, 'type': 'CARDIO', 'minuteMultiplier': 2}, {'minutes': 0, 'zoneName': 'Peak', 'order': 3, 'type': 'PEAK', 'minuteMultiplier': 2}]}"
2026-01-17 14:47:48+09:00,2429123504933055456,Outdoor Bike,1071,2026-01-17T14:47:48.000+09:00,768000,12,51,,0.22649,Mile,auto_detected,,,88.0,"[{'minutes': 10, 'caloriesOut': 39.755349, 'name': 'Out of Range', 'min': 30, 'max': 105}, {'minutes': 2, 'caloriesOut': 11.505424, 'name': 'Fat Burn', 'min': 106, 'max': 130}, {'minutes': 0, 'caloriesOut': 0.0, 'name': 'Cardio', 'min': 131, 'max': 161}, {'minutes': 0, 'caloriesOut': 0.0, 'name': 'Peak', 'min': 162, 'max': 220}]","{'totalMinutes': 2, 'minutesInHeartRateZones': [{'minutes': 0, 'zoneName': 'Out of Range', 'order': 0, 'type': 'OUT_OF_ZONE', 'minuteMultiplier': 0}, {'minutes': 2, 'zoneName': 'Fat Burn', 'order': 1, 'type': 'FAT_BURN', 'minuteMultiplier': 1}, {'minutes': 0, 'zoneName': 'Cardio', 'order': 2, 'type': 'CARDIO', 'minuteMultiplier': 2}, {'minutes': 0, 'zoneName': 'Peak', 'order': 3, 'type': 'PEAK', 'minuteMultiplier': 2}]}"
2026-01-17 15:01:46+09:00,47774183209280768,Weights,2131,2026-01-17T15:01:46.000+09:00,1671000,27,104,323.0,,,tracker,,,92.0,"[{'minutes': 26, 'caloriesOut': 99.953371, 'name': 'Out of Range', 'min': 30, 'max': 105}, {'minutes': 1, 'caloriesOut': 4.211807, 'name': 'Fat Burn', 'min': 106, 'max': 130}, {'minutes': 0, 'caloriesOut': 0.0, 'name': 'Cardio', 'min': 131, 'max': 161}, {'minutes': 0, 'caloriesOut': 0.0, 'name': 'Peak', 'min': 162, 'max': 220}]","{'totalMinutes': 1, 'minutesInHeartRateZones': [{'minutes': 0, 'zoneName': 'Out of Range', 'order': 0, 'type': 'OUT_OF_ZONE', 'minuteMultiplier': 0}, {'minutes': 1, 'zoneName': 'Fat Burn', 'order': 1, 'type': 'FAT_BURN', 'minuteMultiplier': 1}, {'minutes': 0, 'zoneName': 'Cardio', 'order': 2, 'type': 'CARDIO', 'minuteMultiplier': 2}, {'minutes': 0, 'zoneName': 'Peak', 'order': 3, 'type': 'PEAK', 'minuteMultiplier': 2}]}"
2026-01-17 15:37:17+09:00,592113236067552408,Outdoor Bike,1071,2026-01-17T15:37:17.000+09:00,870000,14,74,,0.178644,Mile,auto_detected,,,107.0,"[{'minutes': 6, 'caloriesOut': 41.0908, 'name': 'Out of Range', 'min': 30, 'max': 105}, {'minutes': 8, 'caloriesOut': 33.078094, 'name': 'Fat Burn', 'min': 106, 'max': 130}, {'minutes': 0, 'caloriesOut': 0.0, 'name': 'Cardio', 'min': 131, 'max': 161}, {'minutes': 0, 'caloriesOut': 0.0, 'name': 'Peak', 'min': 162, 'max': 220}]","{'totalMinutes': 8, 'minutesInHeartRateZones': [{'minutes': 0, 'zoneName': 'Out of Range', 'order': 0, 'type': 'OUT_OF_ZONE', 'minuteMultiplier': 0}, {'minutes': 8, 'zoneName': 'Fat Burn', 'order': 1, 'type': 'FAT_BURN', 'minuteMultiplier': 1}, {'minutes': 0, 'zoneName': 'Cardio', 'order': 2, 'type': 'CARDIO', 'minuteMultiplier': 2}, {'minutes': 0, 'zoneName': 'Peak', 'order': 3, 'type': 'PEAK', 'minuteMultiplier': 2}]}"
2026-01-17 18:47:32+09:00,3340842675801338552,Outdoor Bike,1071,2026-01-17T18:47:32.000+09:00,1231000,20,68,,0.198652,Mile,auto_detected,,,91.0,"[{'minutes': 18, 'caloriesOut': 60.917111, 'name': 'Out of Range', 'min': 30, 'max': 105}, {'minutes': 2, 'caloriesOut': 8.012706, 'name': 'Fat Burn', 'min': 106, 'max': 130}, {'minutes': 0, 'caloriesOut': 0.0, 'name': 'Cardio', 'min': 131, 'max': 161}, {'minutes': 0, 'caloriesOut': 0.0, 'name': 'Peak', 'min': 162, 'max': 220}]","{'totalMinutes': 2, 'minutesInHeartRateZones': [{'minutes': 0, 'zoneName': 'Out of Range', 'order': 0, 'type': 'OUT_OF_ZONE', 'minuteMultiplier': 0}, {'minutes': 2, 'zoneName': 'Fat Burn', 'order': 1, 'type': 'FAT_BURN', 'minuteMultiplier': 1}, {'minutes': 0, 'zoneName': 'Cardio', 'order': 2, 'type': 'CARDIO', 'minuteMultiplier': 2}, {'minutes': 0, 'zoneName': 'Peak', 'order': 3, 'type': 'PEAK', 'minuteMultiplier': 2}]}"
2026-01-18 11:12:18+09:00,407178441767856784,Walk,90013,2026-01-18T11:12:18.000+09:00,767000,12,72,1165.0,0.512383,Mile,auto_detected,,,85.0,"[{'minutes': 11, 'caloriesOut': 71.292538, 'name': 'Out of Range', 'min': 30, 'max': 104}, {'minutes': 1, 'caloriesOut': 1.02727, 'name': 'Fat Burn', 'min': 105, 'max': 129}, {'minutes': 0, 'caloriesOut': 0.0, 'name': 'Cardio', 'min': 130, 'max': 161}, {'minutes': 0, 'caloriesOut': 0.0, 'name': 'Peak', 'min': 162, 'max': 220}]","{'totalMinutes': 1, 'minutesInHeartRateZones': [{'minutes': 0, 'zoneName': 'Out of Range', 'order': 0, 'type': 'OUT_OF_ZONE', 'minuteMultiplier': 0}, {'minutes': 1, 'zoneName': 'Fat Burn', 'order': 1, 'type': 'FAT_BURN', 'minuteMultiplier': 1}, {'minutes': 0, 'zoneName': 'Cardio', 'order': 2, 'type': 'CARDIO', 'minuteMultiplier': 2}, {'minutes': 0, 'zoneName': 'Peak', 'order': 3, 'type': 'PEAK', 'minuteMultiplier': 2}]}"
2026-01-18 12:43:36+09:00,6948033486420478448,Walk,90013,2026-01-18T12:43:36.000+09:00,665000,11,67,972.0,0.419426,Mile,auto_detected,,,96.0,"[{'minutes': 11, 'caloriesOut': 67.388912, 'name': 'Out of Range', 'min': 30, 'max': 104}, {'minutes': 0, 'caloriesOut': 0.0, 'name': 'Fat Burn', 'min': 105, 'max': 129}, {'minutes': 0, 'caloriesOut': 0.0, 'name': 'Cardio', 'min': 130, 'max': 161}, {'minutes': 0, 'caloriesOut': 0.0, 'name': 'Peak', 'min': 162, 'max': 220}]","{'totalMinutes': 0, 'minutesInHeartRateZones': [{'minutes': 0, 'zoneName': 'Out of Range', 'order': 0, 'type': 'OUT_OF_ZONE', 'minuteMultiplier': 0}, {'minutes': 0, 'zoneName': 'Fat Burn', 'order': 1, 'type': 'FAT_BURN', 'minuteMultiplier': 1}, {'minutes': 0, 'zoneName': 'Cardio', 'order': 2, 'type': 'CARDIO', 'minuteMultiplier': 2}, {'minutes': 0, 'zoneName': 'Peak', 'order': 3, 'type': 'PEAK', 'minuteMultiplier': 2}]}"
2026-01-18 14:49:02+09:00,4916060725895148400,Walk,90013,2026-01-18T14:49:02.000+09:00,1843000,30,156,2317.0,1.011157,Mile,auto_detected,,,86.0,"[{'minutes': 30, 'caloriesOut': 156.14504, 'name': 'Out of Range', 'min': 30, 'max': 104}, {'minutes': 0, 'caloriesOut': 0.0, 'name': 'Fat Burn', 'min': 105, 'max': 129}, {'minutes': 0, 'caloriesOut': 0.0, 'name': 'Cardio', 'min': 130, 'max': 161}, {'minutes': 0, 'caloriesOut': 0.0, 'name': 'Peak', 'min': 162, 'max': 220}]","{'totalMinutes': 0, 'minutesInHeartRateZones': [{'minutes': 0, 'zoneName': 'Out of Range', 'order': 0, 'type': 'OUT_OF_ZONE', 'minuteMultiplier': 0}, {'minutes': 0, 'zoneName': 'Fat Burn', 'order': 1, 'type': 'FAT_BURN', 'minuteMultiplier': 1}, {'minutes': 0, 'zoneName': 'Cardio', 'order': 2, 'type': 'CARDIO', 'minuteMultiplier': 2}, {'minutes': 0, 'zoneName': 'Peak', 'order': 3, 'type': 'PEAK', 'minuteMultiplier': 2}]}"
2026-01-18 15:43:39+09:00,6117527849503774016,Walk,90013,2026-01-18T15:43:39.000+09:00,3225000,53,405,6218.0,3.955587,Mile,auto_detected,,,108.0,"[{'minutes': 12, 'caloriesOut': 106.014264, 'name': 'Out of Range', 'min': 30, 'max': 104}, {'minutes': 41, 'caloriesOut': 299.038297, 'name': 'Fat Burn', 'min': 105, 'max': 129}, {'minutes': 0, 'caloriesOut': 0.0, 'name': 'Cardio', 'min': 130, 'max': 161}, {'minutes': 0, 'caloriesOut': 0.0, 'name': 'Peak', 'min': 162, 'max': 220}]","{'totalMinutes': 41, 'minutesInHeartRateZones': [{'minutes': 0, 'zoneName': 'Out of Range', 'order': 0, 'type': 'OUT_OF_ZONE', 'minuteMultiplier': 0}, {'minutes': 41, 'zoneName': 'Fat Burn', 'order': 1, 'type': 'FAT_BURN', 'minuteMultiplier': 1}, {'minutes': 0, 'zoneName': 'Cardio', 'order': 2, 'type': 'CARDIO', 'minuteMultiplier': 2}, {'minutes': 0, 'zoneName': 'Peak', 'order': 3, 'type': 'PEAK', 'minuteMultiplier': 2}]}"
2026-01-18 17:08:59+09:00,7024342007792926888,Walk,90013,2026-01-18T17:08:59.000+09:00,2970000,49,369,5480.0,3.500184,Mile,auto_detected,,,112.0,"[{'minutes': 13, 'caloriesOut': 96.871561, 'name': 'Out of Range', 'min': 30, 'max': 104}, {'minutes': 35, 'caloriesOut': 265.138387, 'name': 'Fat Burn', 'min': 105, 'max': 129}, {'minutes': 1, 'caloriesOut': 7.704525, 'name': 'Cardio', 'min': 130, 'max': 161}, {'minutes': 0, 'caloriesOut': 0.0, 'name': 'Peak', 'min': 162, 'max': 220}]","{'totalMinutes': 37, 'minutesInHeartRateZones': [{'minutes': 0, 'zoneName': 'Out of Range', 'order': 0, 'type': 'OUT_OF_ZONE', 'minuteMultiplier': 0}, {'minutes': 35, 'zoneName': 'Fat Burn', 'order': 1, 'type': 'FAT_BURN', 'minuteMultiplier': 1}, {'minutes': 1, 'zoneName': 'Cardio', 'order': 2, 'type': 'CARDIO', 'minuteMultiplier': 2}, {'minutes': 0, 'zoneName': 'Peak', 'order': 3, 'type': 'PEAK', 'minuteMultiplier': 2}]}"
2026-01-18 19:53:41+09:00,7994245084318065920,Walk,90013,2026-01-18T19:53:41.000+09:00,3891000,64,506,7991.0,5.223371,Mile,auto_detected,,,117.0,"[{'minutes': 0, 'caloriesOut': 15.203596, 'name': 'Out of Range', 'min': 30, 'max': 104}, {'minutes': 64, 'caloriesOut': 491.548695, 'name': 'Fat Burn', 'min': 105, 'max': 129}, {'minutes': 0, 'caloriesOut': 0.0, 'name': 'Cardio', 'min': 130, 'max': 161}, {'minutes': 0, 'caloriesOut': 0.0, 'name': 'Peak', 'min': 162, 'max': 220}]","{'totalMinutes': 64, 'minutesInHeartRateZones': [{'minutes': 0, 'zoneName': 'Out of Range', 'order': 0, 'type': 'OUT_OF_ZONE', 'minuteMultiplier': 0}, {'minutes': 64, 'zoneName': 'Fat Burn', 'order': 1, 'type': 'FAT_BURN', 'minuteMultiplier': 1}, {'minutes': 0, 'zoneName': 'Cardio', 'order': 2, 'type': 'CARDIO', 'minuteMultiplier': 2}, {'minutes': 0, 'zoneName': 'Peak', 'order': 3, 'type': 'PEAK', 'minuteMultiplier': 2}]}"
2026-01-18 21:30:58+09:00,7623219878078428344,Walk,90013,2026-01-18T21:30:58.000+09:00,819000,13,85,1227.0,0.526177,Mile,auto_detected,,,99.0,"[{'minutes': 12, 'caloriesOut': 81.565238, 'name': 'Out of Range', 'min': 30, 'max': 104}, {'minutes': 1, 'caloriesOut': 4.10908, 'name': 'Fat Burn', 'min': 105, 'max': 129}, {'minutes': 0, 'caloriesOut': 0.0, 'name': 'Cardio', 'min': 130, 'max': 161}, {'minutes': 0, 'caloriesOut': 0.0, 'name': 'Peak', 'min': 162, 'max': 220}]","{'totalMinutes': 1, 'minutesInHeartRateZones': [{'minutes': 0, 'zoneName': 'Out of Range', 'order': 0, 'type': 'OUT_OF_ZONE', 'minuteMultiplier': 0}, {'minutes': 1, 'zoneName': 'Fat Burn', 'order': 1, 'type': 'FAT_BURN', 'minuteMultiplier': 1}, {'minutes': 0, 'zoneName': 'Cardio', 'order': 2, 'type': 'CARDIO', 'minuteMultiplier': 2}, {'minutes': 0, 'zoneName': 'Peak', 'order': 3, 'type': 'PEAK', 'minuteMultiplier': 2}]}"
2026-01-18 23:47:28+09:00,5821764974021303064,Walk,90013,2026-01-18T23:47:28.000+09:00,768000,12,73,1114.0,0.47684,Mile,auto_detected,,,86.0,"[{'minutes': 12, 'caloriesOut': 73.141624, 'name': 'Out of Range', 'min': 30, 'max': 104}, {'minutes': 0, 'caloriesOut': 0.0, 'name': 'Fat Burn', 'min': 105, 'max': 129}, {'minutes': 0, 'caloriesOut': 0.0, 'name': 'Cardio', 'min': 130, 'max': 161}, {'minutes': 0, 'caloriesOut': 0.0, 'name': 'Peak', 'min': 162, 'max': 220}]","{'totalMinutes': 0, 'minutesInHeartRateZones': [{'minutes': 0, 'zoneName': 'Out of Range', 'order': 0, 'type': 'OUT_OF_ZONE', 'minuteMultiplier': 0}, {'minutes': 0, 'zoneName': 'Fat Burn', 'order': 1, 'type': 'FAT_BURN', 'minuteMultiplier': 1}, {'minutes': 0, 'zoneName': 'Cardio', 'order': 2, 'type': 'CARDIO', 'minuteMultiplier': 2}, {'minutes': 0, 'zoneName': 'Peak', 'order': 3, 'type': 'PEAK', 'minuteMultiplier': 2}]}"
2026-01-19 07:43:38+09:00,4374459298679556368,Outdoor Bike,1071,2026-01-19T07:43:38.000+09:00,1178000,19,97,,0.365925,Mile,auto_detected,,,106.0,"[{'minutes': 9, 'caloriesOut': 46.946239, 'name': 'Out of Range', 'min': 30, 'max': 105}, {'minutes': 10, 'caloriesOut': 50.747138, 'name': 'Fat Burn', 'min': 106, 'max': 130}, {'minutes': 0, 'caloriesOut': 0.0, 'name': 'Cardio', 'min': 131, 'max': 161}, {'minutes': 0, 'caloriesOut': 0.0, 'name': 'Peak', 'min': 162, 'max': 220}]","{'totalMinutes': 10, 'minutesInHeartRateZones': [{'minutes': 0, 'zoneName': 'Out of Range', 'order': 0, 'type': 'OUT_OF_ZONE', 'minuteMultiplier': 0}, {'minutes': 10, 'zoneName': 'Fat Burn', 'order': 1, 'type': 'FAT_BURN', 'minuteMultiplier': 1}, {'minutes': 0, 'zoneName': 'Cardio', 'order': 2, 'type': 'CARDIO', 'minuteMultiplier': 2}, {'minutes': 0, 'zoneName': 'Peak', 'order': 3, 'type': 'PEAK', 'minuteMultiplier': 2}]}"
2026-01-19 19:46:22+09:00,3669997048209898912,Outdoor Bike,1071,2026-01-19T19:46:22.000+09:00,1177000,19,70,,0.147203,Mile,auto_detected,,,97.0,"[{'minutes': 16, 'caloriesOut': 59.376206, 'name': 'Out of Range', 'min': 30, 'max': 105}, {'minutes': 3, 'caloriesOut': 11.094516, 'name': 'Fat Burn', 'min': 106, 'max': 130}, {'minutes': 0, 'caloriesOut': 0.0, 'name': 'Cardio', 'min': 131, 'max': 161}, {'minutes': 0, 'caloriesOut': 0.0, 'name': 'Peak', 'min': 162, 'max': 220}]","{'totalMinutes': 3, 'minutesInHeartRateZones': [{'minutes': 0, 'zoneName': 'Out of Range', 'order': 0, 'type': 'OUT_OF_ZONE', 'minuteMultiplier': 0}, {'minutes': 3, 'zoneName': 'Fat Burn', 'order': 1, 'type': 'FAT_BURN', 'minuteMultiplier': 1}, {'minutes': 0, 'zoneName': 'Cardio', 'order': 2, 'type': 'CARDIO', 'minuteMultiplier': 2}, {'minutes': 0, 'zoneName': 'Peak', 'order': 3, 'type': 'PEAK', 'minuteMultiplier': 2}]}"
2026-01-19 21:05:43+09:00,568604447136842944,Outdoor Bike,1071,2026-01-19T21:05:43.000+09:00,819000,13,32,,0.054991,Mile,auto_detected,,,76.0,"[{'minutes': 13, 'caloriesOut': 32.769913, 'name': 'Out of Range', 'min': 30, 'max': 105}, {'minutes': 0, 'caloriesOut': 0.0, 'name': 'Fat Burn', 'min': 106, 'max': 130}, {'minutes': 0, 'caloriesOut': 0.0, 'name': 'Cardio', 'min': 131, 'max': 161}, {'minutes': 0, 'caloriesOut': 0.0, 'name': 'Peak', 'min': 162, 'max': 220}]","{'totalMinutes': 0, 'minutesInHeartRateZones': [{'minutes': 0, 'zoneName': 'Out of Range', 'order': 0, 'type': 'OUT_OF_ZONE', 'minuteMultiplier': 0}, {'minutes': 0, 'zoneName': 'Fat Burn', 'order': 1, 'type': 'FAT_BURN', 'minuteMultiplier': 1}, {'minutes': 0, 'zoneName': 'Cardio', 'order': 2, 'type': 'CARDIO', 'minuteMultiplier': 2}, {'minutes': 0, 'zoneName': 'Peak', 'order': 3, 'type': 'PEAK', 'minuteMultiplier': 2}]}"
2026-01-20 06:43:22+09:00,6784762612165519608,Outdoor Bike,1071,2026-01-20T06:43:22.000+09:00,1229000,20,109,,0.412839,Mile,auto_detected,,,110.0,"[{'minutes': 9, 'caloriesOut': 38.214444, 'name': 'Out of Range', 'min': 30, 'max': 103}, {'minutes': 6, 'caloriesOut': 42.11807, 'name': 'Fat Burn', 'min': 104, 'max': 128}, {'minutes': 5, 'caloriesOut': 29.174468, 'name': 'Cardio', 'min': 129, 'max': 160}, {'minutes': 0, 'caloriesOut': 0.0, 'name': 'Peak', 'min': 161, 'max': 220}]","{'totalMinutes': 16, 'minutesInHeartRateZones': [{'minutes': 0, 'zoneName': 'Out of Range', 'order': 0, 'type': 'OUT_OF_ZONE', 'minuteMultiplier': 0}, {'minutes': 6, 'zoneName': 'Fat Burn', 'order': 1, 'type': 'FAT_BURN', 'minuteMultiplier': 1}, {'minutes': 5, 'zoneName': 'Cardio', 'order': 2, 'type': 'CARDIO', 'minuteMultiplier': 2}, {'minutes': 0, 'zoneName': 'Peak', 'order': 3, 'type': 'PEAK', 'minuteMultiplier': 2}]}"
2026-01-21 06:54:53+09:00,7678312864918544848,Outdoor Bike,1071,2026-01-21T06:54:53.000+09:00,1280000,21,107,,0.508095,Mile,auto_detected,,,97.0,"[{'minutes': 17, 'caloriesOut': 88.961582, 'name': 'Out of Range', 'min': 30, 'max': 103}, {'minutes': 4, 'caloriesOut': 18.799041, 'name': 'Fat Burn', 'min': 104, 'max': 128}, {'minutes': 0, 'caloriesOut': 0.0, 'name': 'Cardio', 'min': 129, 'max': 160}, {'minutes': 0, 'caloriesOut': 0.0, 'name': 'Peak', 'min': 161, 'max': 220}]","{'totalMinutes': 4, 'minutesInHeartRateZones': [{'minutes': 0, 'zoneName': 'Out of Range', 'order': 0, 'type': 'OUT_OF_ZONE', 'minuteMultiplier': 0}, {'minutes': 4, 'zoneName': 'Fat Burn', 'order': 1, 'type': 'FAT_BURN', 'minuteMultiplier': 1}, {'minutes': 0, 'zoneName': 'Cardio', 'order': 2, 'type': 'CARDIO', 'minuteMultiplier': 2}, {'minutes': 0, 'zoneName': 'Peak', 'order': 3, 'type': 'PEAK', 'minuteMultiplier': 2}]}"
2026-01-21 14:20:22+09:00,1670361955386183584,Weights,2131,2026-01-21T14:20:22.000+09:00,1510000,25,119,247.0,,,tracker,,,95.0,"[{'minutes': 18, 'caloriesOut': 86.598861, 'name': 'Out of Range', 'min': 30, 'max': 103}, {'minutes': 7, 'caloriesOut': 33.283548, 'name': 'Fat Burn', 'min': 104, 'max': 128}, {'minutes': 0, 'caloriesOut': 0.0, 'name': 'Cardio', 'min': 129, 'max': 160}, {'minutes': 0, 'caloriesOut': 0.0, 'name': 'Peak', 'min': 161, 'max': 220}]","{'totalMinutes': 7, 'minutesInHeartRateZones': [{'minutes': 0, 'zoneName': 'Out of Range', 'order': 0, 'type': 'OUT_OF_ZONE', 'minuteMultiplier': 0}, {'minutes': 7, 'zoneName': 'Fat Burn', 'order': 1, 'type': 'FAT_BURN', 'minuteMultiplier': 1}, {'minutes': 0, 'zoneName': 'Cardio', 'order': 2, 'type': 'CARDIO', 'minuteMultiplier': 2}, {'minutes': 0, 'zoneName': 'Peak', 'order': 3, 'type': 'PEAK', 'minuteMultiplier': 2}]}"
2026-01-21 19:26:38+09:00,3604472618796347200,Outdoor Bike,1071,2026-01-21T19:26:38.000+09:00,1023000,17,65,,0.1884,Mile,auto_detected,,,90.0,"[{'minutes': 17, 'caloriesOut': 65.334372, 'name': 'Out of Range', 'min': 30, 'max': 103}, {'minutes': 0, 'caloriesOut': 0.0, 'name': 'Fat Burn', 'min': 104, 'max': 128}, {'minutes': 0, 'caloriesOut': 0.0, 'name': 'Cardio', 'min': 129, 'max': 160}, {'minutes': 0, 'caloriesOut': 0.0, 'name': 'Peak', 'min': 161, 'max': 220}]","{'totalMinutes': 0, 'minutesInHeartRateZones': [{'minutes': 0, 'zoneName': 'Out of Range', 'order': 0, 'type': 'OUT_OF_ZONE', 'minuteMultiplier': 0}, {'minutes': 0, 'zoneName': 'Fat Burn', 'order': 1, 'type': 'FAT_BURN', 'minuteMultiplier': 1}, {'minutes': 0, 'zoneName': 'Cardio', 'order': 2, 'type': 'CARDIO', 'minuteMultiplier': 2}, {'minutes': 0, 'zoneName': 'Peak', 'order': 3, 'type': 'PEAK', 'minuteMultiplier': 2}]}"
2026-01-22 06:36:27+09:00,1296194869043137008,Bike,90001,2026-01-22T06:36:27.000+09:00,1203000,20,124,,2.911317,Mile,tracker,True,,105.0,"[{'minutes': 9, 'caloriesOut': 58.040755, 'name': 'Out of Range', 'min': 30, 'max': 103}, {'minutes': 11, 'caloriesOut': 66.567096, 'name': 'Fat Burn', 'min': 104, 'max': 129}, {'minutes': 0, 'caloriesOut': 0.0, 'name': 'Cardio', 'min': 130, 'max': 160}, {'minutes': 0, 'caloriesOut': 0.0, 'name': 'Peak', 'min': 161, 'max': 220}]","{'totalMinutes': 11, 'minutesInHeartRateZones': [{'minutes': 0, 'zoneName': 'Out of Range', 'order': 0, 'type': 'OUT_OF_ZONE', 'minuteMultiplier': 0}, {'minutes': 11, 'zoneName': 'Fat Burn', 'order': 1, 'type': 'FAT_BURN', 'minuteMultiplier': 1}, {'minutes': 0, 'zoneName': 'Cardio', 'order': 2, 'type': 'CARDIO', 'minuteMultiplier': 2}, {'minutes': 0, 'zoneName': 'Peak', 'order': 3, 'type': 'PEAK', 'minuteMultiplier': 2}]}"
2026-01-22 14:36:22+09:00,4153744085154720120,Weights,2131,2026-01-22T14:36:22.000+09:00,2030000,33,133,283.0,,,tracker,,,87.0,"[{'minutes': 33, 'caloriesOut': 133.442373, 'name': 'Out of Range', 'min': 30, 'max': 103}, {'minutes': 0, 'caloriesOut': 0.0, 'name': 'Fat Burn', 'min': 104, 'max': 129}, {'minutes': 0, 'caloriesOut': 0.0, 'name': 'Cardio', 'min': 130, 'max': 160}, {'minutes': 0, 'caloriesOut': 0.0, 'name': 'Peak', 'min': 161, 'max': 220}]","{'totalMinutes': 0, 'minutesInHeartRateZones': [{'minutes': 0, 'zoneName': 'Out of Range', 'order': 0, 'type': 'OUT_OF_ZONE', 'minuteMultiplier': 0}, {'minutes': 0, 'zoneName': 'Fat Burn', 'order': 1, 'type': 'FAT_BURN', 'minuteMultiplier': 1}, {'minutes': 0, 'zoneName': 'Cardio', 'order': 2, 'type': 'CARDIO', 'minuteMultiplier': 2}, {'minutes': 0, 'zoneName': 'Peak', 'order': 3, 'type': 'PEAK', 'minuteMultiplier': 2}]}"
2026-01-22 19:36:24+09:00,9052863602845139744,Outdoor Bike,1071,2026-01-22T19:36:24.000+09:00,1432000,23,103,,0.312488,Mile,auto_detected,,,96.0,"[{'minutes': 18, 'caloriesOut': 87.009769, 'name': 'Out of Range', 'min': 30, 'max': 103}, {'minutes': 5, 'caloriesOut': 16.230866, 'name': 'Fat Burn', 'min': 104, 'max': 129}, {'minutes': 0, 'caloriesOut': 0.0, 'name': 'Cardio', 'min': 130, 'max': 160}, {'minutes': 0, 'caloriesOut': 0.0, 'name': 'Peak', 'min': 161, 'max': 220}]","{'totalMinutes': 5, 'minutesInHeartRateZones': [{'minutes': 0, 'zoneName': 'Out of Range', 'order': 0, 'type': 'OUT_OF_ZONE', 'minuteMultiplier': 0}, {'minutes': 5, 'zoneName': 'Fat Burn', 'order': 1, 'type': 'FAT_BURN', 'minuteMultiplier': 1}, {'minutes': 0, 'zoneName': 'Cardio', 'order': 2, 'type': 'CARDIO', 'minuteMultiplier': 2}, {'minutes': 0, 'zoneName': 'Peak', 'order': 3, 'type': 'PEAK', 'minuteMultiplier': 2}]}"
2026-01-23 06:37:15+09:00,3591688619236394800,Bike,90001,2026-01-23T06:37:15.000+09:00,1184000,19,106,,3.139963,Mile,tracker,True,,94.0,"[{'minutes': 19, 'caloriesOut': 106.219718, 'name': 'Out of Range', 'min': 30, 'max': 105}, {'minutes': 0, 'caloriesOut': 0.0, 'name': 'Fat Burn', 'min': 106, 'max': 130}, {'minutes': 0, 'caloriesOut': 0.0, 'name': 'Cardio', 'min': 131, 'max': 161}, {'minutes': 0, 'caloriesOut': 0.0, 'name': 'Peak', 'min': 162, 'max': 220}]","{'totalMinutes': 0, 'minutesInHeartRateZones': [{'minutes': 0, 'zoneName': 'Out of Range', 'order': 0, 'type': 'OUT_OF_ZONE', 'minuteMultiplier': 0}, {'minutes': 0, 'zoneName': 'Fat Burn', 'order': 1, 'type': 'FAT_BURN', 'minuteMultiplier': 1}, {'minutes': 0, 'zoneName': 'Cardio', 'order': 2, 'type': 'CARDIO', 'minuteMultiplier': 2}, {'minutes': 0, 'zoneName': 'Peak', 'order': 3, 'type': 'PEAK', 'minuteMultiplier': 2}]}"
2026-01-23 06:38:32+09:00,1148060571188955200,Outdoor Bike,1071,2026-01-23T06:38:32.000+09:00,1127000,18,107,,0.138484,Mile,auto_detected,,,95.0,"[{'minutes': 17, 'caloriesOut': 107.760623, 'name': 'Out of Range', 'min': 30, 'max': 105}, {'minutes': 1, 'caloriesOut': 0.0, 'name': 'Fat Burn', 'min': 106, 'max': 130}, {'minutes': 0, 'caloriesOut': 0.0, 'name': 'Cardio', 'min': 131, 'max': 161}, {'minutes': 0, 'caloriesOut': 0.0, 'name': 'Peak', 'min': 162, 'max': 220}]","{'totalMinutes': 1, 'minutesInHeartRateZones': [{'minutes': 0, 'zoneName': 'Out of Range', 'order': 0, 'type': 'OUT_OF_ZONE', 'minuteMultiplier': 0}, {'minutes': 1, 'zoneName': 'Fat Burn', 'order': 1, 'type': 'FAT_BURN', 'minuteMultiplier': 1}, {'minutes': 0, 'zoneName': 'Cardio', 'order': 2, 'type': 'CARDIO', 'minuteMultiplier': 2}, {'minutes': 0, 'zoneName': 'Peak', 'order': 3, 'type': 'PEAK', 'minuteMultiplier': 2}]}"
2026-01-23 21:31:57+09:00,6167368295899984376,Outdoor Bike,1071,2026-01-23T21:31:57.000+09:00,1637000,27,86,,0.182994,Mile,auto_detected,,,88.0,"[{'minutes': 26, 'caloriesOut': 84.749775, 'name': 'Out of Range', 'min': 30, 'max': 105}, {'minutes': 1, 'caloriesOut': 1.540905, 'name': 'Fat Burn', 'min': 106, 'max': 130}, {'minutes': 0, 'caloriesOut': 0.0, 'name': 'Cardio', 'min': 131, 'max': 161}, {'minutes': 0, 'caloriesOut': 0.0, 'name': 'Peak', 'min': 162, 'max': 220}]","{'totalMinutes': 1, 'minutesInHeartRateZones': [{'minutes': 0, 'zoneName': 'Out of Range', 'order': 0, 'type': 'OUT_OF_ZONE', 'minuteMultiplier': 0}, {'minutes': 1, 'zoneName': 'Fat Burn', 'order': 1, 'type': 'FAT_BURN', 'minuteMultiplier': 1}, {'minutes': 0, 'zoneName': 'Cardio', 'order': 2, 'type': 'CARDIO', 'minuteMultiplier': 2}, {'minutes': 0, 'zoneName': 'Peak', 'order': 3, 'type': 'PEAK', 'minuteMultiplier': 2}]}"
2026-01-24 07:02:49+09:00,5678651243805435864,Outdoor Bike,1071,2026-01-24T07:02:49.000+09:00,1227000,20,100,,0.46578,Mile,auto_detected,,,103.0,"[{'minutes': 12, 'caloriesOut': 56.602577, 'name': 'Out of Range', 'min': 30, 'max': 105}, {'minutes': 8, 'caloriesOut': 43.556248, 'name': 'Fat Burn', 'min': 106, 'max': 130}, {'minutes': 0, 'caloriesOut': 0.0, 'name': 'Cardio', 'min': 131, 'max': 161}, {'minutes': 0, 'caloriesOut': 0.0, 'name': 'Peak', 'min': 162, 'max': 220}]","{'totalMinutes': 8, 'minutesInHeartRateZones': [{'minutes': 0, 'zoneName': 'Out of Range', 'order': 0, 'type': 'OUT_OF_ZONE', 'minuteMultiplier': 0}, {'minutes': 8, 'zoneName': 'Fat Burn', 'order': 1, 'type': 'FAT_BURN', 'minuteMultiplier': 1}, {'minutes': 0, 'zoneName': 'Cardio', 'order': 2, 'type': 'CARDIO', 'minuteMultiplier': 2}, {'minutes': 0, 'zoneName': 'Peak', 'order': 3, 'type': 'PEAK', 'minuteMultiplier': 2}]}"
2026-01-26 07:30:54+09:00,5084438466086686688,Outdoor Bike,1071,2026-01-26T07:30:54.000+09:00,1331000,22,88,,0.335354,Mile,auto_detected,,,96.0,"[{'minutes': 19, 'caloriesOut': 78.688882, 'name': 'Out of Range', 'min': 30, 'max': 104}, {'minutes': 3, 'caloriesOut': 10.2727, 'name': 'Fat Burn', 'min': 105, 'max': 129}, {'minutes': 0, 'caloriesOut': 0.0, 'name': 'Cardio', 'min': 130, 'max': 161}, {'minutes': 0, 'caloriesOut': 0.0, 'name': 'Peak', 'min': 162, 'max': 220}]","{'totalMinutes': 3, 'minutesInHeartRateZones': [{'minutes': 0, 'zoneName': 'Out of Range', 'order': 0, 'type': 'OUT_OF_ZONE', 'minuteMultiplier': 0}, {'minutes': 3, 'zoneName': 'Fat Burn', 'order': 1, 'type': 'FAT_BURN', 'minuteMultiplier': 1}, {'minutes': 0, 'zoneName': 'Cardio', 'order': 2, 'type': 'CARDIO', 'minuteMultiplier': 2}, {'minutes': 0, 'zoneName': 'Peak', 'order': 3, 'type': 'PEAK', 'minuteMultiplier': 2}]}"
2026-01-26 14:38:23+09:00,4270576051355522208,Weights,2131,2026-01-26T14:38:23.000+09:00,1776000,29,92,138.0,,,tracker,,,94.0,"[{'minutes': 27, 'caloriesOut': 85.26341, 'name': 'Out of Range', 'min': 30, 'max': 104}, {'minutes': 2, 'caloriesOut': 7.704525, 'name': 'Fat Burn', 'min': 105, 'max': 129}, {'minutes': 0, 'caloriesOut': 0.0, 'name': 'Cardio', 'min': 130, 'max': 161}, {'minutes': 0, 'caloriesOut': 0.0, 'name': 'Peak', 'min': 162, 'max': 220}]","{'totalMinutes': 2, 'minutesInHeartRateZones': [{'minutes': 0, 'zoneName': 'Out of Range', 'order': 0, 'type': 'OUT_OF_ZONE', 'minuteMultiplier': 0}, {'minutes': 2, 'zoneName': 'Fat Burn', 'order': 1, 'type': 'FAT_BURN', 'minuteMultiplier': 1}, {'minutes': 0, 'zoneName': 'Cardio', 'order': 2, 'type': 'CARDIO', 'minuteMultiplier': 2}, {'minutes': 0, 'zoneName': 'Peak', 'order': 3, 'type': 'PEAK', 'minuteMultiplier': 2}]}"
2026-01-27 06:45:37+09:00,8521164858639083064,Bike,90001,2026-01-27T06:45:37.000+09:00,1198000,19,122,,3.253903,Mile,tracker,True,,113.0,"[{'minutes': 4, 'caloriesOut': 29.071741, 'name': 'Out of Range', 'min': 30, 'max': 103}, {'minutes': 12, 'caloriesOut': 70.162541, 'name': 'Fat Burn', 'min': 104, 'max': 129}, {'minutes': 3, 'caloriesOut': 23.319029, 'name': 'Cardio', 'min': 130, 'max': 160}, {'minutes': 0, 'caloriesOut': 0.0, 'name': 'Peak', 'min': 161, 'max': 220}]","{'totalMinutes': 18, 'minutesInHeartRateZones': [{'minutes': 0, 'zoneName': 'Out of Range', 'order': 0, 'type': 'OUT_OF_ZONE', 'minuteMultiplier': 0}, {'minutes': 12, 'zoneName': 'Fat Burn', 'order': 1, 'type': 'FAT_BURN', 'minuteMultiplier': 1}, {'minutes': 3, 'zoneName': 'Cardio', 'order': 2, 'type': 'CARDIO', 'minuteMultiplier': 2}, {'minutes': 0, 'zoneName': 'Peak', 'order': 3, 'type': 'PEAK', 'minuteMultiplier': 2}]}"
2026-01-27 19:42:08+09:00,8367917834318156312,Outdoor Bike,1071,2026-01-27T19:42:08.000+09:00,1376000,22,102,,0.412093,Mile,auto_detected,,,100.0,"[{'minutes': 15, 'caloriesOut': 76.223434, 'name': 'Out of Range', 'min': 30, 'max': 103}, {'minutes': 7, 'caloriesOut': 25.887204, 'name': 'Fat Burn', 'min': 104, 'max': 129}, {'minutes': 0, 'caloriesOut': 0.0, 'name': 'Cardio', 'min': 130, 'max': 160}, {'minutes': 0, 'caloriesOut': 0.0, 'name': 'Peak', 'min': 161, 'max': 220}]","{'totalMinutes': 7, 'minutesInHeartRateZones': [{'minutes': 0, 'zoneName': 'Out of Range', 'order': 0, 'type': 'OUT_OF_ZONE', 'minuteMultiplier': 0}, {'minutes': 7, 'zoneName': 'Fat Burn', 'order': 1, 'type': 'FAT_BURN', 'minuteMultiplier': 1}, {'minutes': 0, 'zoneName': 'Cardio', 'order': 2, 'type': 'CARDIO', 'minuteMultiplier': 2}, {'minutes': 0, 'zoneName': 'Peak', 'order': 3, 'type': 'PEAK', 'minuteMultiplier': 2}]}"
2026-01-28 05:52:15+09:00,2826862192167979392,Outdoor Bike,1071,2026-01-28T05:52:15.000+09:00,717000,11,63,,0.281357,Mile,auto_detected,,,121.0,"[{'minutes': 0, 'caloriesOut': 10.889062, 'name': 'Out of Range', 'min': 30, 'max': 103}, {'minutes': 5, 'caloriesOut': 26.298112, 'name': 'Fat Burn', 'min': 104, 'max': 128}, {'minutes': 6, 'caloriesOut': 26.195385, 'name': 'Cardio', 'min': 129, 'max': 160}, {'minutes': 0, 'caloriesOut': 0.0, 'name': 'Peak', 'min': 161, 'max': 220}]","{'totalMinutes': 17, 'minutesInHeartRateZones': [{'minutes': 0, 'zoneName': 'Out of Range', 'order': 0, 'type': 'OUT_OF_ZONE', 'minuteMultiplier': 0}, {'minutes': 5, 'zoneName': 'Fat Burn', 'order': 1, 'type': 'FAT_BURN', 'minuteMultiplier': 1}, {'minutes': 6, 'zoneName': 'Cardio', 'order': 2, 'type': 'CARDIO', 'minuteMultiplier': 2}, {'minutes': 0, 'zoneName': 'Peak', 'order': 3, 'type': 'PEAK', 'minuteMultiplier': 2}]}"
2026-01-28 15:21:50+09:00,9115632026157502424,Weights,2131,2026-01-28T15:21:50.000+09:00,1958000,32,139,316.0,,,tracker,,,98.0,"[{'minutes': 22, 'caloriesOut': 88.858855, 'name': 'Out of Range', 'min': 30, 'max': 103}, {'minutes': 10, 'caloriesOut': 50.233503, 'name': 'Fat Burn', 'min': 104, 'max': 128}, {'minutes': 0, 'caloriesOut': 0.0, 'name': 'Cardio', 'min': 129, 'max': 160}, {'minutes': 0, 'caloriesOut': 0.0, 'name': 'Peak', 'min': 161, 'max': 220}]","{'totalMinutes': 10, 'minutesInHeartRateZones': [{'minutes': 0, 'zoneName': 'Out of Range', 'order': 0, 'type': 'OUT_OF_ZONE', 'minuteMultiplier': 0}, {'minutes': 10, 'zoneName': 'Fat Burn', 'order': 1, 'type': 'FAT_BURN', 'minuteMultiplier': 1}, {'minutes': 0, 'zoneName': 'Cardio', 'order': 2, 'type': 'CARDIO', 'minuteMultiplier': 2}, {'minutes': 0, 'zoneName': 'Peak', 'order': 3, 'type': 'PEAK', 'minuteMultiplier': 2}]}"
2026-01-28 19:39:05+09:00,868626739021317736,Outdoor Bike,1071,2026-01-28T19:39:05.000+09:00,716000,11,34,,0.073632,Mile,auto_detected,,,93.0,"[{'minutes': 10, 'caloriesOut': 30.715373, 'name': 'Out of Range', 'min': 30, 'max': 103}, {'minutes': 1, 'caloriesOut': 3.903626, 'name': 'Fat Burn', 'min': 104, 'max': 128}, {'minutes': 0, 'caloriesOut': 0.0, 'name': 'Cardio', 'min': 129, 'max': 160}, {'minutes': 0, 'caloriesOut': 0.0, 'name': 'Peak', 'min': 161, 'max': 220}]","{'totalMinutes': 1, 'minutesInHeartRateZones': [{'minutes': 0, 'zoneName': 'Out of Range', 'order': 0, 'type': 'OUT_OF_ZONE', 'minuteMultiplier': 0}, {'minutes': 1, 'zoneName': 'Fat Burn', 'order': 1, 'type': 'FAT_BURN', 'minuteMultiplier': 1}, {'minutes': 0, 'zoneName': 'Cardio', 'order': 2, 'type': 'CARDIO', 'minuteMultiplier': 2}, {'minutes': 0, 'zoneName': 'Peak', 'order': 3, 'type': 'PEAK', 'minuteMultiplier': 2}]}"
2026-01-29 05:55:11+09:00,5440757372226076080,Outdoor Bike,1071,2026-01-29T05:55:11.000+09:00,767000,12,88,,0.307517,Mile,auto_detected,,,122.0,"[{'minutes': 1, 'caloriesOut': 14.587234, 'name': 'Out of Range', 'min': 30, 'max': 103}, {'minutes': 8, 'caloriesOut': 52.082589, 'name': 'Fat Burn', 'min': 104, 'max': 129}, {'minutes': 3, 'caloriesOut': 22.189032, 'name': 'Cardio', 'min': 130, 'max': 160}, {'minutes': 0, 'caloriesOut': 0.0, 'name': 'Peak', 'min': 161, 'max': 220}]","{'totalMinutes': 14, 'minutesInHeartRateZones': [{'minutes': 0, 'zoneName': 'Out of Range', 'order': 0, 'type': 'OUT_OF_ZONE', 'minuteMultiplier': 0}, {'minutes': 8, 'zoneName': 'Fat Burn', 'order': 1, 'type': 'FAT_BURN', 'minuteMultiplier': 1}, {'minutes': 3, 'zoneName': 'Cardio', 'order': 2, 'type': 'CARDIO', 'minuteMultiplier': 2}, {'minutes': 0, 'zoneName': 'Peak', 'order': 3, 'type': 'PEAK', 'minuteMultiplier': 2}]}"
2026-01-29 15:46:23+09:00,5031378168922340032,Weights,2131,2026-01-29T15:46:23.000+09:00,1627000,27,123,283.0,,,tracker,,,93.0,"[{'minutes': 24, 'caloriesOut': 114.129697, 'name': 'Out of Range', 'min': 30, 'max': 103}, {'minutes': 3, 'caloriesOut': 9.24543, 'name': 'Fat Burn', 'min': 104, 'max': 129}, {'minutes': 0, 'caloriesOut': 0.0, 'name': 'Cardio', 'min': 130, 'max': 160}, {'minutes': 0, 'caloriesOut': 0.0, 'name': 'Peak', 'min': 161, 'max': 220}]","{'totalMinutes': 3, 'minutesInHeartRateZones': [{'minutes': 0, 'zoneName': 'Out of Range', 'order': 0, 'type': 'OUT_OF_ZONE', 'minuteMultiplier': 0}, {'minutes': 3, 'zoneName': 'Fat Burn', 'order': 1, 'type': 'FAT_BURN', 'minuteMultiplier': 1}, {'minutes': 0, 'zoneName': 'Cardio', 'order': 2, 'type': 'CARDIO', 'minuteMultiplier': 2}, {'minutes': 0, 'zoneName': 'Peak', 'order': 3, 'type': 'PEAK', 'minuteMultiplier': 2}]}"
2026-01-29 18:19:14+09:00,7852036318180164440,Outdoor Bike,1071,2026-01-29T18:19:14.000+09:00,1690000,28,160,,0.34281,Mile,auto_detected,,,114.0,"[{'minutes': 8, 'caloriesOut': 42.631705, 'name': 'Out of Range', 'min': 30, 'max': 103}, {'minutes': 15, 'caloriesOut': 92.762481, 'name': 'Fat Burn', 'min': 104, 'max': 129}, {'minutes': 5, 'caloriesOut': 24.859934, 'name': 'Cardio', 'min': 130, 'max': 160}, {'minutes': 0, 'caloriesOut': 0.0, 'name': 'Peak', 'min': 161, 'max': 220}]","{'totalMinutes': 25, 'minutesInHeartRateZones': [{'minutes': 0, 'zoneName': 'Out of Range', 'order': 0, 'type': 'OUT_OF_ZONE', 'minuteMultiplier': 0}, {'minutes': 15, 'zoneName': 'Fat Burn', 'order': 1, 'type': 'FAT_BURN', 'minuteMultiplier': 1}, {'minutes': 5, 'zoneName': 'Cardio', 'order': 2, 'type': 'CARDIO', 'minuteMultiplier': 2}, {'minutes': 0, 'zoneName': 'Peak', 'order': 3, 'type': 'PEAK', 'minuteMultiplier': 2}]}"
2026-01-30 06:54:25+09:00,1566660994383543200,Outdoor Bike,1071,2026-01-30T06:54:25.000+09:00,1331000,22,104,,0.474106,Mile,auto_detected,,,107.0,"[{'minutes': 10, 'caloriesOut': 43.967156, 'name': 'Out of Range', 'min': 30, 'max': 104}, {'minutes': 11, 'caloriesOut': 54.856218, 'name': 'Fat Burn', 'min': 105, 'max': 129}, {'minutes': 1, 'caloriesOut': 5.958166, 'name': 'Cardio', 'min': 130, 'max': 161}, {'minutes': 0, 'caloriesOut': 0.0, 'name': 'Peak', 'min': 162, 'max': 220}]","{'totalMinutes': 13, 'minutesInHeartRateZones': [{'minutes': 0, 'zoneName': 'Out of Range', 'order': 0, 'type': 'OUT_OF_ZONE', 'minuteMultiplier': 0}, {'minutes': 11, 'zoneName': 'Fat Burn', 'order': 1, 'type': 'FAT_BURN', 'minuteMultiplier': 1}, {'minutes': 1, 'zoneName': 'Cardio', 'order': 2, 'type': 'CARDIO', 'minuteMultiplier': 2}, {'minutes': 0, 'zoneName': 'Peak', 'order': 3, 'type': 'PEAK', 'minuteMultiplier': 2}]}"
2026-01-30 15:44:46+09:00,6168140823048581864,Weights,2131,2026-01-30T15:44:46.000+09:00,2080000,34,121,201.0,,,tracker,,,93.0,"[{'minutes': 31, 'caloriesOut': 115.05424, 'name': 'Out of Range', 'min': 30, 'max': 104}, {'minutes': 3, 'caloriesOut': 6.060893, 'name': 'Fat Burn', 'min': 105, 'max': 129}, {'minutes': 0, 'caloriesOut': 0.0, 'name': 'Cardio', 'min': 130, 'max': 161}, {'minutes': 0, 'caloriesOut': 0.0, 'name': 'Peak', 'min': 162, 'max': 220}]","{'totalMinutes': 3, 'minutesInHeartRateZones': [{'minutes': 0, 'zoneName': 'Out of Range', 'order': 0, 'type': 'OUT_OF_ZONE', 'minuteMultiplier': 0}, {'minutes': 3, 'zoneName': 'Fat Burn', 'order': 1, 'type': 'FAT_BURN', 'minuteMultiplier': 1}, {'minutes': 0, 'zoneName': 'Cardio', 'order': 2, 'type': 'CARDIO', 'minuteMultiplier': 2}, {'minutes': 0, 'zoneName': 'Peak', 'order': 3, 'type': 'PEAK', 'minuteMultiplier': 2}]}"
2026-01-30 21:12:41+09:00,6823325168337371456,Outdoor Bike,1071,2026-01-30T21:12:41.000+09:00,1340000,22,90,,0.288875,Mile,auto_detected,,,95.0,"[{'minutes': 18, 'caloriesOut': 73.552532, 'name': 'Out of Range', 'min': 30, 'max': 104}, {'minutes': 3, 'caloriesOut': 11.402697, 'name': 'Fat Burn', 'min': 105, 'max': 129}, {'minutes': 1, 'caloriesOut': 5.958166, 'name': 'Cardio', 'min': 130, 'max': 161}, {'minutes': 0, 'caloriesOut': 0.0, 'name': 'Peak', 'min': 162, 'max': 220}]","{'totalMinutes': 5, 'minutesInHeartRateZones': [{'minutes': 0, 'zoneName': 'Out of Range', 'order': 0, 'type': 'OUT_OF_ZONE', 'minuteMultiplier': 0}, {'minutes': 3, 'zoneName': 'Fat Burn', 'order': 1, 'type': 'FAT_BURN', 'minuteMultiplier': 1}, {'minutes': 1, 'zoneName': 'Cardio', 'order': 2, 'type': 'CARDIO', 'minuteMultiplier': 2}, {'minutes': 0, 'zoneName': 'Peak', 'order': 3, 'type': 'PEAK', 'minuteMultiplier': 2}]}"
2026-01-31 06:13:50+09:00,1230594691402168184,Outdoor Bike,1071,2026-01-31T06:13:50.000+09:00,870000,14,63,,0.276883,Mile,auto_detected,,,109.0,"[{'minutes': 7, 'caloriesOut': 32.667186, 'name': 'Out of Range', 'min': 30, 'max': 105}, {'minutes': 4, 'caloriesOut': 15.614504, 'name': 'Fat Burn', 'min': 106, 'max': 130}, {'minutes': 3, 'caloriesOut': 14.998142, 'name': 'Cardio', 'min': 131, 'max': 161}, {'minutes': 0, 'caloriesOut': 0.0, 'name': 'Peak', 'min': 162, 'max': 220}]","{'totalMinutes': 10, 'minutesInHeartRateZones': [{'minutes': 0, 'zoneName': 'Out of Range', 'order': 0, 'type': 'OUT_OF_ZONE', 'minuteMultiplier': 0}, {'minutes': 4, 'zoneName': 'Fat Burn', 'order': 1, 'type': 'FAT_BURN', 'minuteMultiplier': 1}, {'minutes': 3, 'zoneName': 'Cardio', 'order': 2, 'type': 'CARDIO', 'minuteMultiplier': 2}, {'minutes': 0, 'zoneName': 'Peak', 'order': 3, 'type': 'PEAK', 'minuteMultiplier': 2}]}"
2026-01-31 08:38:02+09:00,456730003846369968,Outdoor Bike,1071,2026-01-31T08:38:02.000+09:00,1024000,17,71,,0.303229,Mile,auto_detected,,,95.0,"[{'minutes': 13, 'caloriesOut': 52.39077, 'name': 'Out of Range', 'min': 30, 'max': 105}, {'minutes': 4, 'caloriesOut': 18.901768, 'name': 'Fat Burn', 'min': 106, 'max': 130}, {'minutes': 0, 'caloriesOut': 0.0, 'name': 'Cardio', 'min': 131, 'max': 161}, {'minutes': 0, 'caloriesOut': 0.0, 'name': 'Peak', 'min': 162, 'max': 220}]","{'totalMinutes': 4, 'minutesInHeartRateZones': [{'minutes': 0, 'zoneName': 'Out of Range', 'order': 0, 'type': 'OUT_OF_ZONE', 'minuteMultiplier': 0}, {'minutes': 4, 'zoneName': 'Fat Burn', 'order': 1, 'type': 'FAT_BURN', 'minuteMultiplier': 1}, {'minutes': 0, 'zoneName': 'Cardio', 'order': 2, 'type': 'CARDIO', 'minuteMultiplier': 2}, {'minutes': 0, 'zoneName': 'Peak', 'order': 3, 'type': 'PEAK', 'minuteMultiplier': 2}]}"
2026-01-31 15:27:44+09:00,2972652749181130088,Weights,2131,2026-01-31T15:27:44.000+09:00,940000,15,70,244.0,,,tracker,,,99.0,"[{'minutes': 14, 'caloriesOut': 70.984357, 'name': 'Out of Range', 'min': 30, 'max': 105}, {'minutes': 1, 'caloriesOut': 0.0, 'name': 'Fat Burn', 'min': 106, 'max': 130}, {'minutes': 0, 'caloriesOut': 0.0, 'name': 'Cardio', 'min': 131, 'max': 161}, {'minutes': 0, 'caloriesOut': 0.0, 'name': 'Peak', 'min': 162, 'max': 220}]","{'totalMinutes': 1, 'minutesInHeartRateZones': [{'minutes': 0, 'zoneName': 'Out of Range', 'order': 0, 'type': 'OUT_OF_ZONE', 'minuteMultiplier': 0}, {'minutes': 1, 'zoneName': 'Fat Burn', 'order': 1, 'type': 'FAT_BURN', 'minuteMultiplier': 1}, {'minutes': 0, 'zoneName': 'Cardio', 'order': 2, 'type': 'CARDIO', 'minuteMultiplier': 2}, {'minutes': 0, 'zoneName': 'Peak', 'order': 3, 'type': 'PEAK', 'minuteMultiplier': 2}]}"
2026-01-31 15:51:31+09:00,7042206581311743112,Outdoor Bike,1071,2026-01-31T15:51:31.000+09:00,820000,13,68,,0.190699,Mile,auto_detected,,,102.0,"[{'minutes': 10, 'caloriesOut': 55.369853, 'name': 'Out of Range', 'min': 30, 'max': 105}, {'minutes': 3, 'caloriesOut': 13.457237, 'name': 'Fat Burn', 'min': 106, 'max': 130}, {'minutes': 0, 'caloriesOut': 0.0, 'name': 'Cardio', 'min': 131, 'max': 161}, {'minutes': 0, 'caloriesOut': 0.0, 'name': 'Peak', 'min': 162, 'max': 220}]","{'totalMinutes': 3, 'minutesInHeartRateZones': [{'minutes': 0, 'zoneName': 'Out of Range', 'order': 0, 'type': 'OUT_OF_ZONE', 'minuteMultiplier': 0}, {'minutes': 3, 'zoneName': 'Fat Burn', 'order': 1, 'type': 'FAT_BURN', 'minuteMultiplier': 1}, {'minutes': 0, 'zoneName': 'Cardio', 'order': 2, 'type': 'CARDIO', 'minuteMultiplier': 2}, {'minutes': 0, 'zoneName': 'Peak', 'order': 3, 'type': 'PEAK', 'minuteMultiplier': 2}]}"
2026-01-31 18:35:20+09:00,8210113679935785720,Outdoor Bike,1071,2026-01-31T18:35:20.000+09:00,2765000,46,157,,0.467458,Mile,auto_detected,,,94.0,"[{'minutes': 43, 'caloriesOut': 149.056877, 'name': 'Out of Range', 'min': 30, 'max': 105}, {'minutes': 3, 'caloriesOut': 8.320887, 'name': 'Fat Burn', 'min': 106, 'max': 130}, {'minutes': 0, 'caloriesOut': 0.0, 'name': 'Cardio', 'min': 131, 'max': 161}, {'minutes': 0, 'caloriesOut': 0.0, 'name': 'Peak', 'min': 162, 'max': 220}]","{'totalMinutes': 3, 'minutesInHeartRateZones': [{'minutes': 0, 'zoneName': 'Out of Range', 'order': 0, 'type': 'OUT_OF_ZONE', 'minuteMultiplier': 0}, {'minutes': 3, 'zoneName': 'Fat Burn', 'order': 1, 'type': 'FAT_BURN', 'minuteMultiplier': 1}, {'minutes': 0, 'zoneName': 'Cardio', 'order': 2, 'type': 'CARDIO', 'minuteMultiplier': 2}, {'minutes': 0, 'zoneName': 'Peak', 'order': 3, 'type': 'PEAK', 'minuteMultiplier': 2}]}"
2026-02-01 05:45:13+09:00,1634401767864452544,Outdoor Bike,1071,2026-02-01T05:45:13.000+09:00,1587000,26,111,,0.539288,Mile,auto_detected,,,96.0,"[{'minutes': 24, 'caloriesOut': 102.521546, 'name': 'Out of Range', 'min': 30, 'max': 105}, {'minutes': 2, 'caloriesOut': 9.039976, 'name': 'Fat Burn', 'min': 106, 'max': 130}, {'minutes': 0, 'caloriesOut': 0.0, 'name': 'Cardio', 'min': 131, 'max': 161}, {'minutes': 0, 'caloriesOut': 0.0, 'name': 'Peak', 'min': 162, 'max': 220}]","{'totalMinutes': 2, 'minutesInHeartRateZones': [{'minutes': 0, 'zoneName': 'Out of Range', 'order': 0, 'type': 'OUT_OF_ZONE', 'minuteMultiplier': 0}, {'minutes': 2, 'zoneName': 'Fat Burn', 'order': 1, 'type': 'FAT_BURN', 'minuteMultiplier': 1}, {'minutes': 0, 'zoneName': 'Cardio', 'order': 2, 'type': 'CARDIO', 'minuteMultiplier': 2}, {'minutes': 0, 'zoneName': 'Peak', 'order': 3, 'type': 'PEAK', 'minuteMultiplier': 2}]}"
2026-02-01 08:17:56+09:00,3587457435748072400,Outdoor Bike,1071,2026-02-01T08:17:56.000+09:00,1126000,18,88,,0.430921,Mile,auto_detected,,,97.0,"[{'minutes': 15, 'caloriesOut': 80.743422, 'name': 'Out of Range', 'min': 30, 'max': 105}, {'minutes': 2, 'caloriesOut': 4.519988, 'name': 'Fat Burn', 'min': 106, 'max': 130}, {'minutes': 1, 'caloriesOut': 3.184537, 'name': 'Cardio', 'min': 131, 'max': 161}, {'minutes': 0, 'caloriesOut': 0.0, 'name': 'Peak', 'min': 162, 'max': 220}]","{'totalMinutes': 4, 'minutesInHeartRateZones': [{'minutes': 0, 'zoneName': 'Out of Range', 'order': 0, 'type': 'OUT_OF_ZONE', 'minuteMultiplier': 0}, {'minutes': 2, 'zoneName': 'Fat Burn', 'order': 1, 'type': 'FAT_BURN', 'minuteMultiplier': 1}, {'minutes': 1, 'zoneName': 'Cardio', 'order': 2, 'type': 'CARDIO', 'minuteMultiplier': 2}, {'minutes': 0, 'zoneName': 'Peak', 'order': 3, 'type': 'PEAK', 'minuteMultiplier': 2}]}"
2026-02-01 17:54:46+09:00,52863394094342360,Walk,90013,2026-02-01T17:54:46.000+09:00,1075000,17,99,1423.0,0.602854,Mile,auto_detected,,,84.0,"[{'minutes': 17, 'caloriesOut': 99.850644, 'name': 'Out of Range', 'min': 30, 'max': 105}, {'minutes': 0, 'caloriesOut': 0.0, 'name': 'Fat Burn', 'min': 106, 'max': 130}, {'minutes': 0, 'caloriesOut': 0.0, 'name': 'Cardio', 'min': 131, 'max': 161}, {'minutes': 0, 'caloriesOut': 0.0, 'name': 'Peak', 'min': 162, 'max': 220}]","{'totalMinutes': 0, 'minutesInHeartRateZones': [{'minutes': 0, 'zoneName': 'Out of Range', 'order': 0, 'type': 'OUT_OF_ZONE', 'minuteMultiplier': 0}, {'minutes': 0, 'zoneName': 'Fat Burn', 'order': 1, 'type': 'FAT_BURN', 'minuteMultiplier': 1}, {'minutes': 0, 'zoneName': 'Cardio', 'order': 2, 'type': 'CARDIO', 'minuteMultiplier': 2}, {'minutes': 0, 'zoneName': 'Peak', 'order': 3, 'type': 'PEAK', 'minuteMultiplier': 2}]}"
2026-02-01 18:42:33+09:00,2834212647638696560,Walk,90013,2026-02-01T18:42:33.000+09:00,768000,12,67,883.0,0.369902,Mile,auto_detected,,,91.0,"[{'minutes': 12, 'caloriesOut': 67.183458, 'name': 'Out of Range', 'min': 30, 'max': 105}, {'minutes': 0, 'caloriesOut': 0.0, 'name': 'Fat Burn', 'min': 106, 'max': 130}, {'minutes': 0, 'caloriesOut': 0.0, 'name': 'Cardio', 'min': 131, 'max': 161}, {'minutes': 0, 'caloriesOut': 0.0, 'name': 'Peak', 'min': 162, 'max': 220}]","{'totalMinutes': 0, 'minutesInHeartRateZones': [{'minutes': 0, 'zoneName': 'Out of Range', 'order': 0, 'type': 'OUT_OF_ZONE', 'minuteMultiplier': 0}, {'minutes': 0, 'zoneName': 'Fat Burn', 'order': 1, 'type': 'FAT_BURN', 'minuteMultiplier': 1}, {'minutes': 0, 'zoneName': 'Cardio', 'order': 2, 'type': 'CARDIO', 'minuteMultiplier': 2}, {'minutes': 0, 'zoneName': 'Peak', 'order': 3, 'type': 'PEAK', 'minuteMultiplier': 2}]}"
2026-02-01 20:31:47+09:00,3673081994442578256,Walk,90013,2026-02-01T20:31:47.000+09:00,665000,11,57,796.0,0.334857,Mile,auto_detected,,,88.0,"[{'minutes': 11, 'caloriesOut': 57.321666, 'name': 'Out of Range', 'min': 30, 'max': 105}, {'minutes': 0, 'caloriesOut': 0.0, 'name': 'Fat Burn', 'min': 106, 'max': 130}, {'minutes': 0, 'caloriesOut': 0.0, 'name': 'Cardio', 'min': 131, 'max': 161}, {'minutes': 0, 'caloriesOut': 0.0, 'name': 'Peak', 'min': 162, 'max': 220}]","{'totalMinutes': 0, 'minutesInHeartRateZones': [{'minutes': 0, 'zoneName': 'Out of Range', 'order': 0, 'type': 'OUT_OF_ZONE', 'minuteMultiplier': 0}, {'minutes': 0, 'zoneName': 'Fat Burn', 'order': 1, 'type': 'FAT_BURN', 'minuteMultiplier': 1}, {'minutes': 0, 'zoneName': 'Cardio', 'order': 2, 'type': 'CARDIO', 'minuteMultiplier': 2}, {'minutes': 0, 'zoneName': 'Peak', 'order': 3, 'type': 'PEAK', 'minuteMultiplier': 2}]}"
2026-02-01 20:42:52+09:00,4211206790802747104,Outdoor Bike,1071,2026-02-01T20:42:52.000+09:00,1483000,24,99,,0.236991,Mile,auto_detected,,,98.0,"[{'minutes': 20, 'caloriesOut': 83.927959, 'name': 'Out of Range', 'min': 30, 'max': 105}, {'minutes': 4, 'caloriesOut': 15.203596, 'name': 'Fat Burn', 'min': 106, 'max': 130}, {'minutes': 0, 'caloriesOut': 0.0, 'name': 'Cardio', 'min': 131, 'max': 161}, {'minutes': 0, 'caloriesOut': 0.0, 'name': 'Peak', 'min': 162, 'max': 220}]","{'totalMinutes': 4, 'minutesInHeartRateZones': [{'minutes': 0, 'zoneName': 'Out of Range', 'order': 0, 'type': 'OUT_OF_ZONE', 'minuteMultiplier': 0}, {'minutes': 4, 'zoneName': 'Fat Burn', 'order': 1, 'type': 'FAT_BURN', 'minuteMultiplier': 1}, {'minutes': 0, 'zoneName': 'Cardio', 'order': 2, 'type': 'CARDIO', 'minuteMultiplier': 2}, {'minutes': 0, 'zoneName': 'Peak', 'order': 3, 'type': 'PEAK', 'minuteMultiplier': 2}]}"
2026-02-02 06:51:14+09:00,8231315011166235160,Outdoor Bike,1071,2026-02-02T06:51:14.000+09:00,1485000,24,140,,0.52015,Mile,auto_detected,,,113.0,"[{'minutes': 10, 'caloriesOut': 46.22715, 'name': 'Out of Range', 'min': 30, 'max': 106}, {'minutes': 9, 'caloriesOut': 57.321666, 'name': 'Fat Burn', 'min': 107, 'max': 131}, {'minutes': 5, 'caloriesOut': 37.187174, 'name': 'Cardio', 'min': 132, 'max': 161}, {'minutes': 0, 'caloriesOut': 0.0, 'name': 'Peak', 'min': 162, 'max': 220}]","{'totalMinutes': 19, 'minutesInHeartRateZones': [{'minutes': 0, 'zoneName': 'Out of Range', 'order': 0, 'type': 'OUT_OF_ZONE', 'minuteMultiplier': 0}, {'minutes': 9, 'zoneName': 'Fat Burn', 'order': 1, 'type': 'FAT_BURN', 'minuteMultiplier': 1}, {'minutes': 5, 'zoneName': 'Cardio', 'order': 2, 'type': 'CARDIO', 'minuteMultiplier': 2}, {'minutes': 0, 'zoneName': 'Peak', 'order': 3, 'type': 'PEAK', 'minuteMultiplier': 2}]}"
2026-02-03 06:05:40+09:00,121718618821533808,Outdoor Bike,1071,2026-02-03T06:05:40.000+09:00,872000,14,63,,0.246374,Mile,auto_detected,,,103.0,"[{'minutes': 9, 'caloriesOut': 39.652622, 'name': 'Out of Range', 'min': 30, 'max': 106}, {'minutes': 5, 'caloriesOut': 24.243572, 'name': 'Fat Burn', 'min': 107, 'max': 130}, {'minutes': 0, 'caloriesOut': 0.0, 'name': 'Cardio', 'min': 131, 'max': 161}, {'minutes': 0, 'caloriesOut': 0.0, 'name': 'Peak', 'min': 162, 'max': 220}]","{'totalMinutes': 5, 'minutesInHeartRateZones': [{'minutes': 0, 'zoneName': 'Out of Range', 'order': 0, 'type': 'OUT_OF_ZONE', 'minuteMultiplier': 0}, {'minutes': 5, 'zoneName': 'Fat Burn', 'order': 1, 'type': 'FAT_BURN', 'minuteMultiplier': 1}, {'minutes': 0, 'zoneName': 'Cardio', 'order': 2, 'type': 'CARDIO', 'minuteMultiplier': 2}, {'minutes': 0, 'zoneName': 'Peak', 'order': 3, 'type': 'PEAK', 'minuteMultiplier': 2}]}"
2026-02-03 15:44:51+09:00,6698195185485942088,Weights,2131,2026-02-03T15:44:51.000+09:00,2083000,34,91,172.0,,,tracker,,,85.0,"[{'minutes': 34, 'caloriesOut': 91.529757, 'name': 'Out of Range', 'min': 30, 'max': 106}, {'minutes': 0, 'caloriesOut': 0.0, 'name': 'Fat Burn', 'min': 107, 'max': 130}, {'minutes': 0, 'caloriesOut': 0.0, 'name': 'Cardio', 'min': 131, 'max': 161}, {'minutes': 0, 'caloriesOut': 0.0, 'name': 'Peak', 'min': 162, 'max': 220}]","{'totalMinutes': 0, 'minutesInHeartRateZones': [{'minutes': 0, 'zoneName': 'Out of Range', 'order': 0, 'type': 'OUT_OF_ZONE', 'minuteMultiplier': 0}, {'minutes': 0, 'zoneName': 'Fat Burn', 'order': 1, 'type': 'FAT_BURN', 'minuteMultiplier': 1}, {'minutes': 0, 'zoneName': 'Cardio', 'order': 2, 'type': 'CARDIO', 'minuteMultiplier': 2}, {'minutes': 0, 'zoneName': 'Peak', 'order': 3, 'type': 'PEAK', 'minuteMultiplier': 2}]}"
2026-02-03 19:40:35+09:00,5766463558197663864,Outdoor Bike,1071,2026-02-03T19:40:35.000+09:00,1384000,23,72,,0.186101,Mile,auto_detected,,,88.0,"[{'minutes': 21, 'caloriesOut': 65.128918, 'name': 'Out of Range', 'min': 30, 'max': 106}, {'minutes': 2, 'caloriesOut': 7.807252, 'name': 'Fat Burn', 'min': 107, 'max': 130}, {'minutes': 0, 'caloriesOut': 0.0, 'name': 'Cardio', 'min': 131, 'max': 161}, {'minutes': 0, 'caloriesOut': 0.0, 'name': 'Peak', 'min': 162, 'max': 220}]","{'totalMinutes': 2, 'minutesInHeartRateZones': [{'minutes': 0, 'zoneName': 'Out of Range', 'order': 0, 'type': 'OUT_OF_ZONE', 'minuteMultiplier': 0}, {'minutes': 2, 'zoneName': 'Fat Burn', 'order': 1, 'type': 'FAT_BURN', 'minuteMultiplier': 1}, {'minutes': 0, 'zoneName': 'Cardio', 'order': 2, 'type': 'CARDIO', 'minuteMultiplier': 2}, {'minutes': 0, 'zoneName': 'Peak', 'order': 3, 'type': 'PEAK', 'minuteMultiplier': 2}]}"
2026-02-04 05:57:34+09:00,6989106486341167528,Outdoor Bike,1071,2026-02-04T05:57:34.000+09:00,768000,12,59,,0.264207,Mile,auto_detected,,,112.0,"[{'minutes': 5, 'caloriesOut': 29.996284, 'name': 'Out of Range', 'min': 30, 'max': 105}, {'minutes': 3, 'caloriesOut': 10.478154, 'name': 'Fat Burn', 'min': 106, 'max': 130}, {'minutes': 4, 'caloriesOut': 18.696314, 'name': 'Cardio', 'min': 131, 'max': 161}, {'minutes': 0, 'caloriesOut': 0.0, 'name': 'Peak', 'min': 162, 'max': 220}]","{'totalMinutes': 11, 'minutesInHeartRateZones': [{'minutes': 0, 'zoneName': 'Out of Range', 'order': 0, 'type': 'OUT_OF_ZONE', 'minuteMultiplier': 0}, {'minutes': 3, 'zoneName': 'Fat Burn', 'order': 1, 'type': 'FAT_BURN', 'minuteMultiplier': 1}, {'minutes': 4, 'zoneName': 'Cardio', 'order': 2, 'type': 'CARDIO', 'minuteMultiplier': 2}, {'minutes': 0, 'zoneName': 'Peak', 'order': 3, 'type': 'PEAK', 'minuteMultiplier': 2}]}"
2026-02-04 07:04:57+09:00,3412397527192426168,Outdoor Bike,1071,2026-02-04T07:04:57.000+09:00,821000,13,68,,0.360644,Mile,auto_detected,,,99.0,"[{'minutes': 10, 'caloriesOut': 51.466227, 'name': 'Out of Range', 'min': 30, 'max': 105}, {'minutes': 3, 'caloriesOut': 17.258136, 'name': 'Fat Burn', 'min': 106, 'max': 130}, {'minutes': 0, 'caloriesOut': 0.0, 'name': 'Cardio', 'min': 131, 'max': 161}, {'minutes': 0, 'caloriesOut': 0.0, 'name': 'Peak', 'min': 162, 'max': 220}]","{'totalMinutes': 3, 'minutesInHeartRateZones': [{'minutes': 0, 'zoneName': 'Out of Range', 'order': 0, 'type': 'OUT_OF_ZONE', 'minuteMultiplier': 0}, {'minutes': 3, 'zoneName': 'Fat Burn', 'order': 1, 'type': 'FAT_BURN', 'minuteMultiplier': 1}, {'minutes': 0, 'zoneName': 'Cardio', 'order': 2, 'type': 'CARDIO', 'minuteMultiplier': 2}, {'minutes': 0, 'zoneName': 'Peak', 'order': 3, 'type': 'PEAK', 'minuteMultiplier': 2}]}"
2026-02-04 13:58:49+09:00,2298976152566929656,Walk,90013,2026-02-04T13:58:49.000+09:00,665000,11,62,985.0,0.427006,Mile,auto_detected,,,77.0,"[{'minutes': 11, 'caloriesOut': 62.252562, 'name': 'Out of Range', 'min': 30, 'max': 105}, {'minutes': 0, 'caloriesOut': 0.0, 'name': 'Fat Burn', 'min': 106, 'max': 130}, {'minutes': 0, 'caloriesOut': 0.0, 'name': 'Cardio', 'min': 131, 'max': 161}, {'minutes': 0, 'caloriesOut': 0.0, 'name': 'Peak', 'min': 162, 'max': 220}]","{'totalMinutes': 0, 'minutesInHeartRateZones': [{'minutes': 0, 'zoneName': 'Out of Range', 'order': 0, 'type': 'OUT_OF_ZONE', 'minuteMultiplier': 0}, {'minutes': 0, 'zoneName': 'Fat Burn', 'order': 1, 'type': 'FAT_BURN', 'minuteMultiplier': 1}, {'minutes': 0, 'zoneName': 'Cardio', 'order': 2, 'type': 'CARDIO', 'minuteMultiplier': 2}, {'minutes': 0, 'zoneName': 'Peak', 'order': 3, 'type': 'PEAK', 'minuteMultiplier': 2}]}"
2026-02-04 19:57:11+09:00,3680542728931067072,Outdoor Bike,1071,2026-02-04T19:57:11.000+09:00,1485000,24,94,,0.375619,Mile,auto_detected,,,94.0,"[{'minutes': 19, 'caloriesOut': 68.005274, 'name': 'Out of Range', 'min': 30, 'max': 105}, {'minutes': 5, 'caloriesOut': 26.092658, 'name': 'Fat Burn', 'min': 106, 'max': 130}, {'minutes': 0, 'caloriesOut': 0.0, 'name': 'Cardio', 'min': 131, 'max': 161}, {'minutes': 0, 'caloriesOut': 0.0, 'name': 'Peak', 'min': 162, 'max': 220}]","{'totalMinutes': 5, 'minutesInHeartRateZones': [{'minutes': 0, 'zoneName': 'Out of Range', 'order': 0, 'type': 'OUT_OF_ZONE', 'minuteMultiplier': 0}, {'minutes': 5, 'zoneName': 'Fat Burn', 'order': 1, 'type': 'FAT_BURN', 'minuteMultiplier': 1}, {'minutes': 0, 'zoneName': 'Cardio', 'order': 2, 'type': 'CARDIO', 'minuteMultiplier': 2}, {'minutes': 0, 'zoneName': 'Peak', 'order': 3, 'type': 'PEAK', 'minuteMultiplier': 2}]}"
2026-02-05 07:00:15+09:00,2610970888860186560,Outdoor Bike,1071,2026-02-05T07:00:15.000+09:00,1126000,18,95,,0.384007,Mile,auto_detected,,,109.0,"[{'minutes': 7, 'caloriesOut': 44.788972, 'name': 'Out of Range', 'min': 30, 'max': 105}, {'minutes': 11, 'caloriesOut': 50.747138, 'name': 'Fat Burn', 'min': 106, 'max': 130}, {'minutes': 0, 'caloriesOut': 0.0, 'name': 'Cardio', 'min': 131, 'max': 161}, {'minutes': 0, 'caloriesOut': 0.0, 'name': 'Peak', 'min': 162, 'max': 220}]","{'totalMinutes': 11, 'minutesInHeartRateZones': [{'minutes': 0, 'zoneName': 'Out of Range', 'order': 0, 'type': 'OUT_OF_ZONE', 'minuteMultiplier': 0}, {'minutes': 11, 'zoneName': 'Fat Burn', 'order': 1, 'type': 'FAT_BURN', 'minuteMultiplier': 1}, {'minutes': 0, 'zoneName': 'Cardio', 'order': 2, 'type': 'CARDIO', 'minuteMultiplier': 2}, {'minutes': 0, 'zoneName': 'Peak', 'order': 3, 'type': 'PEAK', 'minuteMultiplier': 2}]}"
2026-02-05 15:30:57+09:00,6760466353546692584,Weights,2131,2026-02-05T15:30:57.000+09:00,1851000,30,99,258.0,,,tracker,,,89.0,"[{'minutes': 27, 'caloriesOut': 89.886125, 'name': 'Out of Range', 'min': 30, 'max': 105}, {'minutes': 3, 'caloriesOut': 9.759065, 'name': 'Fat Burn', 'min': 106, 'max': 130}, {'minutes': 0, 'caloriesOut': 0.0, 'name': 'Cardio', 'min': 131, 'max': 161}, {'minutes': 0, 'caloriesOut': 0.0, 'name': 'Peak', 'min': 162, 'max': 220}]","{'totalMinutes': 3, 'minutesInHeartRateZones': [{'minutes': 0, 'zoneName': 'Out of Range', 'order': 0, 'type': 'OUT_OF_ZONE', 'minuteMultiplier': 0}, {'minutes': 3, 'zoneName': 'Fat Burn', 'order': 1, 'type': 'FAT_BURN', 'minuteMultiplier': 1}, {'minutes': 0, 'zoneName': 'Cardio', 'order': 2, 'type': 'CARDIO', 'minuteMultiplier': 2}, {'minutes': 0, 'zoneName': 'Peak', 'order': 3, 'type': 'PEAK', 'minuteMultiplier': 2}]}"
2026-02-05 18:50:11+09:00,3336409708949406088,Outdoor Bike,1071,2026-02-05T18:50:11.000+09:00,2099000,34,124,,0.340636,Mile,auto_detected,,,97.0,"[{'minutes': 31, 'caloriesOut': 116.389691, 'name': 'Out of Range', 'min': 30, 'max': 105}, {'minutes': 3, 'caloriesOut': 8.526341, 'name': 'Fat Burn', 'min': 106, 'max': 130}, {'minutes': 0, 'caloriesOut': 0.0, 'name': 'Cardio', 'min': 131, 'max': 161}, {'minutes': 0, 'caloriesOut': 0.0, 'name': 'Peak', 'min': 162, 'max': 220}]","{'totalMinutes': 3, 'minutesInHeartRateZones': [{'minutes': 0, 'zoneName': 'Out of Range', 'order': 0, 'type': 'OUT_OF_ZONE', 'minuteMultiplier': 0}, {'minutes': 3, 'zoneName': 'Fat Burn', 'order': 1, 'type': 'FAT_BURN', 'minuteMultiplier': 1}, {'minutes': 0, 'zoneName': 'Cardio', 'order': 2, 'type': 'CARDIO', 'minuteMultiplier': 2}, {'minutes': 0, 'zoneName': 'Peak', 'order': 3, 'type': 'PEAK', 'minuteMultiplier': 2}]}"
2026-02-06 06:57:13+09:00,6069604483878877744,Outdoor Bike,1071,2026-02-06T06:57:13.000+09:00,1127000,18,103,,0.34716,Mile,auto_detected,,,114.0,"[{'minutes': 3, 'caloriesOut': 20.442673, 'name': 'Out of Range', 'min': 30, 'max': 105}, {'minutes': 14, 'caloriesOut': 83.311597, 'name': 'Fat Burn', 'min': 106, 'max': 130}, {'minutes': 1, 'caloriesOut': 0.0, 'name': 'Cardio', 'min': 131, 'max': 161}, {'minutes': 0, 'caloriesOut': 0.0, 'name': 'Peak', 'min': 162, 'max': 220}]","{'totalMinutes': 16, 'minutesInHeartRateZones': [{'minutes': 0, 'zoneName': 'Out of Range', 'order': 0, 'type': 'OUT_OF_ZONE', 'minuteMultiplier': 0}, {'minutes': 14, 'zoneName': 'Fat Burn', 'order': 1, 'type': 'FAT_BURN', 'minuteMultiplier': 1}, {'minutes': 1, 'zoneName': 'Cardio', 'order': 2, 'type': 'CARDIO', 'minuteMultiplier': 2}, {'minutes': 0, 'zoneName': 'Peak', 'order': 3, 'type': 'PEAK', 'minuteMultiplier': 2}]}"
2026-02-06 16:08:19+09:00,8929503405821252008,Weights,2131,2026-02-06T16:08:19.000+09:00,1909000,31,109,165.0,,,tracker,,,92.0,"[{'minutes': 27, 'caloriesOut': 92.557027, 'name': 'Out of Range', 'min': 30, 'max': 105}, {'minutes': 4, 'caloriesOut': 16.949955, 'name': 'Fat Burn', 'min': 106, 'max': 130}, {'minutes': 0, 'caloriesOut': 0.0, 'name': 'Cardio', 'min': 131, 'max': 161}, {'minutes': 0, 'caloriesOut': 0.0, 'name': 'Peak', 'min': 162, 'max': 220}]","{'totalMinutes': 4, 'minutesInHeartRateZones': [{'minutes': 0, 'zoneName': 'Out of Range', 'order': 0, 'type': 'OUT_OF_ZONE', 'minuteMultiplier': 0}, {'minutes': 4, 'zoneName': 'Fat Burn', 'order': 1, 'type': 'FAT_BURN', 'minuteMultiplier': 1}, {'minutes': 0, 'zoneName': 'Cardio', 'order': 2, 'type': 'CARDIO', 'minuteMultiplier': 2}, {'minutes': 0, 'zoneName': 'Peak', 'order': 3, 'type': 'PEAK', 'minuteMultiplier': 2}]}"
2026-02-09 09:43:07+09:00,8980371946899179648,Walk,90013,2026-02-09T09:43:07.000+09:00,666000,11,57,775.0,0.314103,Mile,auto_detected,,,91.0,"[{'minutes': 11, 'caloriesOut': 57.116212, 'name': 'Out of Range', 'min': 30, 'max': 105}, {'minutes': 0, 'caloriesOut': 0.0, 'name': 'Fat Burn', 'min': 106, 'max': 130}, {'minutes': 0, 'caloriesOut': 0.0, 'name': 'Cardio', 'min': 131, 'max': 161}, {'minutes': 0, 'caloriesOut': 0.0, 'name': 'Peak', 'min': 162, 'max': 220}]","{'totalMinutes': 0, 'minutesInHeartRateZones': [{'minutes': 0, 'zoneName': 'Out of Range', 'order': 0, 'type': 'OUT_OF_ZONE', 'minuteMultiplier': 0}, {'minutes': 0, 'zoneName': 'Fat Burn', 'order': 1, 'type': 'FAT_BURN', 'minuteMultiplier': 1}, {'minutes': 0, 'zoneName': 'Cardio', 'order': 2, 'type': 'CARDIO', 'minuteMultiplier': 2}, {'minutes': 0, 'zoneName': 'Peak', 'order': 3, 'type': 'PEAK', 'minuteMultiplier': 2}]}"
2026-02-09 16:25:02+09:00,1821932097757725328,Walk,90013,2026-02-09T16:25:02.000+09:00,666000,11,61,927.0,0.405507,Mile,auto_detected,,,91.0,"[{'minutes': 11, 'caloriesOut': 61.6362, 'name': 'Out of Range', 'min': 30, 'max': 105}, {'minutes': 0, 'caloriesOut': 0.0, 'name': 'Fat Burn', 'min': 106, 'max': 130}, {'minutes': 0, 'caloriesOut': 0.0, 'name': 'Cardio', 'min': 131, 'max': 161}, {'minutes': 0, 'caloriesOut': 0.0, 'name': 'Peak', 'min': 162, 'max': 220}]","{'totalMinutes': 0, 'minutesInHeartRateZones': [{'minutes': 0, 'zoneName': 'Out of Range', 'order': 0, 'type': 'OUT_OF_ZONE', 'minuteMultiplier': 0}, {'minutes': 0, 'zoneName': 'Fat Burn', 'order': 1, 'type': 'FAT_BURN', 'minuteMultiplier': 1}, {'minutes': 0, 'zoneName': 'Cardio', 'order': 2, 'type': 'CARDIO', 'minuteMultiplier': 2}, {'minutes': 0, 'zoneName': 'Peak', 'order': 3, 'type': 'PEAK', 'minuteMultiplier': 2}]}"
2026-02-10 07:03:58+09:00,1514595240159303072,Outdoor Bike,1071,2026-02-10T07:03:58.000+09:00,1177000,19,92,,0.33815,Mile,auto_detected,,,110.0,"[{'minutes': 7, 'caloriesOut': 38.214444, 'name': 'Out of Range', 'min': 30, 'max': 104}, {'minutes': 12, 'caloriesOut': 54.650764, 'name': 'Fat Burn', 'min': 105, 'max': 129}, {'minutes': 0, 'caloriesOut': 0.0, 'name': 'Cardio', 'min': 130, 'max': 161}, {'minutes': 0, 'caloriesOut': 0.0, 'name': 'Peak', 'min': 162, 'max': 220}]","{'totalMinutes': 12, 'minutesInHeartRateZones': [{'minutes': 0, 'zoneName': 'Out of Range', 'order': 0, 'type': 'OUT_OF_ZONE', 'minuteMultiplier': 0}, {'minutes': 12, 'zoneName': 'Fat Burn', 'order': 1, 'type': 'FAT_BURN', 'minuteMultiplier': 1}, {'minutes': 0, 'zoneName': 'Cardio', 'order': 2, 'type': 'CARDIO', 'minuteMultiplier': 2}, {'minutes': 0, 'zoneName': 'Peak', 'order': 3, 'type': 'PEAK', 'minuteMultiplier': 2}]}"
2026-02-10 15:25:50+09:00,4679418332722326304,Weights,2131,2026-02-10T15:25:50.000+09:00,1879000,31,130,309.0,,,tracker,,,91.0,"[{'minutes': 29, 'caloriesOut': 125.840575, 'name': 'Out of Range', 'min': 30, 'max': 104}, {'minutes': 2, 'caloriesOut': 4.725442, 'name': 'Fat Burn', 'min': 105, 'max': 129}, {'minutes': 0, 'caloriesOut': 0.0, 'name': 'Cardio', 'min': 130, 'max': 161}, {'minutes': 0, 'caloriesOut': 0.0, 'name': 'Peak', 'min': 162, 'max': 220}]","{'totalMinutes': 2, 'minutesInHeartRateZones': [{'minutes': 0, 'zoneName': 'Out of Range', 'order': 0, 'type': 'OUT_OF_ZONE', 'minuteMultiplier': 0}, {'minutes': 2, 'zoneName': 'Fat Burn', 'order': 1, 'type': 'FAT_BURN', 'minuteMultiplier': 1}, {'minutes': 0, 'zoneName': 'Cardio', 'order': 2, 'type': 'CARDIO', 'minuteMultiplier': 2}, {'minutes': 0, 'zoneName': 'Peak', 'order': 3, 'type': 'PEAK', 'minuteMultiplier': 2}]}"
2026-02-10 19:29:42+09:00,4703738105834126080,Outdoor Bike,1071,2026-02-10T19:29:42.000+09:00,1536000,25,115,,0.337902,Mile,auto_detected,,,100.0,"[{'minutes': 15, 'caloriesOut': 69.957087, 'name': 'Out of Range', 'min': 30, 'max': 104}, {'minutes': 10, 'caloriesOut': 45.19988, 'name': 'Fat Burn', 'min': 105, 'max': 129}, {'minutes': 0, 'caloriesOut': 0.0, 'name': 'Cardio', 'min': 130, 'max': 161}, {'minutes': 0, 'caloriesOut': 0.0, 'name': 'Peak', 'min': 162, 'max': 220}]","{'totalMinutes': 10, 'minutesInHeartRateZones': [{'minutes': 0, 'zoneName': 'Out of Range', 'order': 0, 'type': 'OUT_OF_ZONE', 'minuteMultiplier': 0}, {'minutes': 10, 'zoneName': 'Fat Burn', 'order': 1, 'type': 'FAT_BURN', 'minuteMultiplier': 1}, {'minutes': 0, 'zoneName': 'Cardio', 'order': 2, 'type': 'CARDIO', 'minuteMultiplier': 2}, {'minutes': 0, 'zoneName': 'Peak', 'order': 3, 'type': 'PEAK', 'minuteMultiplier': 2}]}"
2026-02-11 15:42:40+09:00,3827087901847875640,Weights,2131,2026-02-11T15:42:40.000+09:00,1072000,17,48,58.0,,,tracker,,,92.0,"[{'minutes': 17, 'caloriesOut': 48.178963, 'name': 'Out of Range', 'min': 30, 'max': 104}, {'minutes': 0, 'caloriesOut': 0.0, 'name': 'Fat Burn', 'min': 105, 'max': 129}, {'minutes': 0, 'caloriesOut': 0.0, 'name': 'Cardio', 'min': 130, 'max': 161}, {'minutes': 0, 'caloriesOut': 0.0, 'name': 'Peak', 'min': 162, 'max': 220}]","{'totalMinutes': 0, 'minutesInHeartRateZones': [{'minutes': 0, 'zoneName': 'Out of Range', 'order': 0, 'type': 'OUT_OF_ZONE', 'minuteMultiplier': 0}, {'minutes': 0, 'zoneName': 'Fat Burn', 'order': 1, 'type': 'FAT_BURN', 'minuteMultiplier': 1}, {'minutes': 0, 'zoneName': 'Cardio', 'order': 2, 'type': 'CARDIO', 'minuteMultiplier': 2}, {'minutes': 0, 'zoneName': 'Peak', 'order': 3, 'type': 'PEAK', 'minuteMultiplier': 2}]}"
2026-02-12 07:02:09+09:00,495573069645315240,Outdoor Bike,1071,2026-02-12T07:02:09.000+09:00,1075000,17,103,,0.406998,Mile,auto_detected,,,113.0,"[{'minutes': 7, 'caloriesOut': 43.248067, 'name': 'Out of Range', 'min': 30, 'max': 104}, {'minutes': 8, 'caloriesOut': 53.623494, 'name': 'Fat Burn', 'min': 105, 'max': 129}, {'minutes': 2, 'caloriesOut': 6.16362, 'name': 'Cardio', 'min': 130, 'max': 161}, {'minutes': 0, 'caloriesOut': 0.0, 'name': 'Peak', 'min': 162, 'max': 220}]","{'totalMinutes': 12, 'minutesInHeartRateZones': [{'minutes': 0, 'zoneName': 'Out of Range', 'order': 0, 'type': 'OUT_OF_ZONE', 'minuteMultiplier': 0}, {'minutes': 8, 'zoneName': 'Fat Burn', 'order': 1, 'type': 'FAT_BURN', 'minuteMultiplier': 1}, {'minutes': 2, 'zoneName': 'Cardio', 'order': 2, 'type': 'CARDIO', 'minuteMultiplier': 2}, {'minutes': 0, 'zoneName': 'Peak', 'order': 3, 'type': 'PEAK', 'minuteMultiplier': 2}]}"
2026-02-12 13:11:04+09:00,556657951118771128,Walk,90013,2026-02-12T13:11:04.000+09:00,6736000,112,143,769.0,0.198727,Mile,tracker,,,64.0,"[{'minutes': 112, 'caloriesOut': 143.920527, 'name': 'Out of Range', 'min': 30, 'max': 104}, {'minutes': 0, 'caloriesOut': 0.0, 'name': 'Fat Burn', 'min': 105, 'max': 129}, {'minutes': 0, 'caloriesOut': 0.0, 'name': 'Cardio', 'min': 130, 'max': 161}, {'minutes': 0, 'caloriesOut': 0.0, 'name': 'Peak', 'min': 162, 'max': 220}]","{'totalMinutes': 0, 'minutesInHeartRateZones': [{'minutes': 0, 'zoneName': 'Out of Range', 'order': 0, 'type': 'OUT_OF_ZONE', 'minuteMultiplier': 0}, {'minutes': 0, 'zoneName': 'Fat Burn', 'order': 1, 'type': 'FAT_BURN', 'minuteMultiplier': 1}, {'minutes': 0, 'zoneName': 'Cardio', 'order': 2, 'type': 'CARDIO', 'minuteMultiplier': 2}, {'minutes': 0, 'zoneName': 'Peak', 'order': 3, 'type': 'PEAK', 'minuteMultiplier': 2}]}"
2026-02-12 19:26:12+09:00,660634072309798536,Outdoor Bike,1071,2026-02-12T19:26:12.000+09:00,1279000,21,93,,0.268432,Mile,auto_detected,,,104.0,"[{'minutes': 15, 'caloriesOut': 64.512556, 'name': 'Out of Range', 'min': 30, 'max': 104}, {'minutes': 5, 'caloriesOut': 23.935391, 'name': 'Fat Burn', 'min': 105, 'max': 129}, {'minutes': 1, 'caloriesOut': 5.13635, 'name': 'Cardio', 'min': 130, 'max': 161}, {'minutes': 0, 'caloriesOut': 0.0, 'name': 'Peak', 'min': 162, 'max': 220}]","{'totalMinutes': 7, 'minutesInHeartRateZones': [{'minutes': 0, 'zoneName': 'Out of Range', 'order': 0, 'type': 'OUT_OF_ZONE', 'minuteMultiplier': 0}, {'minutes': 5, 'zoneName': 'Fat Burn', 'order': 1, 'type': 'FAT_BURN', 'minuteMultiplier': 1}, {'minutes': 1, 'zoneName': 'Cardio', 'order': 2, 'type': 'CARDIO', 'minuteMultiplier': 2}, {'minutes': 0, 'zoneName': 'Peak', 'order': 3, 'type': 'PEAK', 'minuteMultiplier': 2}]}"
2026-02-13 06:43:42+09:00,7209560620706129544,Outdoor Bike,1071,2026-02-13T06:43:42.000+09:00,1075000,17,85,,0.432226,Mile,auto_detected,,,108.0,"[{'minutes': 9, 'caloriesOut': 45.19988, 'name': 'Out of Range', 'min': 30, 'max': 103}, {'minutes': 7, 'caloriesOut': 35.132634, 'name': 'Fat Burn', 'min': 104, 'max': 129}, {'minutes': 1, 'caloriesOut': 5.13635, 'name': 'Cardio', 'min': 130, 'max': 160}, {'minutes': 0, 'caloriesOut': 0.0, 'name': 'Peak', 'min': 161, 'max': 220}]","{'totalMinutes': 9, 'minutesInHeartRateZones': [{'minutes': 0, 'zoneName': 'Out of Range', 'order': 0, 'type': 'OUT_OF_ZONE', 'minuteMultiplier': 0}, {'minutes': 7, 'zoneName': 'Fat Burn', 'order': 1, 'type': 'FAT_BURN', 'minuteMultiplier': 1}, {'minutes': 1, 'zoneName': 'Cardio', 'order': 2, 'type': 'CARDIO', 'minuteMultiplier': 2}, {'minutes': 0, 'zoneName': 'Peak', 'order': 3, 'type': 'PEAK', 'minuteMultiplier': 2}]}"
2026-02-13 14:32:19+09:00,594796011026254232,Weights,2131,2026-02-13T14:32:19.000+09:00,2067000,34,163,243.0,,,tracker,,,100.0,"[{'minutes': 18, 'caloriesOut': 72.833443, 'name': 'Out of Range', 'min': 30, 'max': 103}, {'minutes': 16, 'caloriesOut': 90.39976, 'name': 'Fat Burn', 'min': 104, 'max': 129}, {'minutes': 0, 'caloriesOut': 0.0, 'name': 'Cardio', 'min': 130, 'max': 160}, {'minutes': 0, 'caloriesOut': 0.0, 'name': 'Peak', 'min': 161, 'max': 220}]","{'totalMinutes': 16, 'minutesInHeartRateZones': [{'minutes': 0, 'zoneName': 'Out of Range', 'order': 0, 'type': 'OUT_OF_ZONE', 'minuteMultiplier': 0}, {'minutes': 16, 'zoneName': 'Fat Burn', 'order': 1, 'type': 'FAT_BURN', 'minuteMultiplier': 1}, {'minutes': 0, 'zoneName': 'Cardio', 'order': 2, 'type': 'CARDIO', 'minuteMultiplier': 2}, {'minutes': 0, 'zoneName': 'Peak', 'order': 3, 'type': 'PEAK', 'minuteMultiplier': 2}]}"
2026-02-13 20:21:10+09:00,1899756125729614120,Outdoor Bike,1071,2026-02-13T20:21:10.000+09:00,1434000,23,95,,0.229969,Mile,auto_detected,,,104.0,"[{'minutes': 11, 'caloriesOut': 51.158046, 'name': 'Out of Range', 'min': 30, 'max': 103}, {'minutes': 11, 'caloriesOut': 43.042613, 'name': 'Fat Burn', 'min': 104, 'max': 129}, {'minutes': 1, 'caloriesOut': 1.540905, 'name': 'Cardio', 'min': 130, 'max': 160}, {'minutes': 0, 'caloriesOut': 0.0, 'name': 'Peak', 'min': 161, 'max': 220}]","{'totalMinutes': 13, 'minutesInHeartRateZones': [{'minutes': 0, 'zoneName': 'Out of Range', 'order': 0, 'type': 'OUT_OF_ZONE', 'minuteMultiplier': 0}, {'minutes': 11, 'zoneName': 'Fat Burn', 'order': 1, 'type': 'FAT_BURN', 'minuteMultiplier': 1}, {'minutes': 1, 'zoneName': 'Cardio', 'order': 2, 'type': 'CARDIO', 'minuteMultiplier': 2}, {'minutes': 0, 'zoneName': 'Peak', 'order': 3, 'type': 'PEAK', 'minuteMultiplier': 2}]}"
2026-02-14 06:49:12+09:00,4569911495297836928,Outdoor Bike,1071,2026-02-14T06:49:12.000+09:00,972000,16,67,,0.267687,Mile,auto_detected,,,96.0,"[{'minutes': 11, 'caloriesOut': 47.357147, 'name': 'Out of Range', 'min': 30, 'max': 104}, {'minutes': 5, 'caloriesOut': 20.442673, 'name': 'Fat Burn', 'min': 105, 'max': 129}, {'minutes': 0, 'caloriesOut': 0.0, 'name': 'Cardio', 'min': 130, 'max': 161}, {'minutes': 0, 'caloriesOut': 0.0, 'name': 'Peak', 'min': 162, 'max': 220}]","{'totalMinutes': 5, 'minutesInHeartRateZones': [{'minutes': 0, 'zoneName': 'Out of Range', 'order': 0, 'type': 'OUT_OF_ZONE', 'minuteMultiplier': 0}, {'minutes': 5, 'zoneName': 'Fat Burn', 'order': 1, 'type': 'FAT_BURN', 'minuteMultiplier': 1}, {'minutes': 0, 'zoneName': 'Cardio', 'order': 2, 'type': 'CARDIO', 'minuteMultiplier': 2}, {'minutes': 0, 'zoneName': 'Peak', 'order': 3, 'type': 'PEAK', 'minuteMultiplier': 2}]}"
2026-02-15 05:58:20+09:00,3065373690409511560,Outdoor Bike,1071,2026-02-15T05:58:20.000+09:00,1433000,23,114,,0.428063,Mile,auto_detected,,,105.0,"[{'minutes': 14, 'caloriesOut': 69.032544, 'name': 'Out of Range', 'min': 30, 'max': 104}, {'minutes': 6, 'caloriesOut': 30.612646, 'name': 'Fat Burn', 'min': 105, 'max': 129}, {'minutes': 3, 'caloriesOut': 15.203596, 'name': 'Cardio', 'min': 130, 'max': 161}, {'minutes': 0, 'caloriesOut': 0.0, 'name': 'Peak', 'min': 162, 'max': 220}]","{'totalMinutes': 12, 'minutesInHeartRateZones': [{'minutes': 0, 'zoneName': 'Out of Range', 'order': 0, 'type': 'OUT_OF_ZONE', 'minuteMultiplier': 0}, {'minutes': 6, 'zoneName': 'Fat Burn', 'order': 1, 'type': 'FAT_BURN', 'minuteMultiplier': 1}, {'minutes': 3, 'zoneName': 'Cardio', 'order': 2, 'type': 'CARDIO', 'minuteMultiplier': 2}, {'minutes': 0, 'zoneName': 'Peak', 'order': 3, 'type': 'PEAK', 'minuteMultiplier': 2}]}"
2026-02-15 08:16:37+09:00,3576527794028720856,Outdoor Bike,1071,2026-02-15T08:16:37.000+09:00,1689000,28,95,,0.387425,Mile,auto_detected,,,93.0,"[{'minutes': 20, 'caloriesOut': 73.96344, 'name': 'Out of Range', 'min': 30, 'max': 104}, {'minutes': 8, 'caloriesOut': 21.983578, 'name': 'Fat Burn', 'min': 105, 'max': 129}, {'minutes': 0, 'caloriesOut': 0.0, 'name': 'Cardio', 'min': 130, 'max': 161}, {'minutes': 0, 'caloriesOut': 0.0, 'name': 'Peak', 'min': 162, 'max': 220}]","{'totalMinutes': 8, 'minutesInHeartRateZones': [{'minutes': 0, 'zoneName': 'Out of Range', 'order': 0, 'type': 'OUT_OF_ZONE', 'minuteMultiplier': 0}, {'minutes': 8, 'zoneName': 'Fat Burn', 'order': 1, 'type': 'FAT_BURN', 'minuteMultiplier': 1}, {'minutes': 0, 'zoneName': 'Cardio', 'order': 2, 'type': 'CARDIO', 'minuteMultiplier': 2}, {'minutes': 0, 'zoneName': 'Peak', 'order': 3, 'type': 'PEAK', 'minuteMultiplier': 2}]}"
2026-02-15 13:16:59+09:00,2163610577945955808,Outdoor Bike,1071,2026-02-15T13:16:59.000+09:00,871000,14,42,,0.096002,Mile,auto_detected,,,93.0,"[{'minutes': 14, 'caloriesOut': 42.323524, 'name': 'Out of Range', 'min': 30, 'max': 104}, {'minutes': 0, 'caloriesOut': 0.0, 'name': 'Fat Burn', 'min': 105, 'max': 129}, {'minutes': 0, 'caloriesOut': 0.0, 'name': 'Cardio', 'min': 130, 'max': 161}, {'minutes': 0, 'caloriesOut': 0.0, 'name': 'Peak', 'min': 162, 'max': 220}]","{'totalMinutes': 0, 'minutesInHeartRateZones': [{'minutes': 0, 'zoneName': 'Out of Range', 'order': 0, 'type': 'OUT_OF_ZONE', 'minuteMultiplier': 0}, {'minutes': 0, 'zoneName': 'Fat Burn', 'order': 1, 'type': 'FAT_BURN', 'minuteMultiplier': 1}, {'minutes': 0, 'zoneName': 'Cardio', 'order': 2, 'type': 'CARDIO', 'minuteMultiplier': 2}, {'minutes': 0, 'zoneName': 'Peak', 'order': 3, 'type': 'PEAK', 'minuteMultiplier': 2}]}"
2026-02-15 17:11:38+09:00,3015775018333504264,Outdoor Bike,1071,2026-02-15T17:11:38.000+09:00,1279000,21,76,,0.262219,Mile,auto_detected,,,92.0,"[{'minutes': 19, 'caloriesOut': 69.340725, 'name': 'Out of Range', 'min': 30, 'max': 104}, {'minutes': 2, 'caloriesOut': 7.601798, 'name': 'Fat Burn', 'min': 105, 'max': 129}, {'minutes': 0, 'caloriesOut': 0.0, 'name': 'Cardio', 'min': 130, 'max': 161}, {'minutes': 0, 'caloriesOut': 0.0, 'name': 'Peak', 'min': 162, 'max': 220}]","{'totalMinutes': 2, 'minutesInHeartRateZones': [{'minutes': 0, 'zoneName': 'Out of Range', 'order': 0, 'type': 'OUT_OF_ZONE', 'minuteMultiplier': 0}, {'minutes': 2, 'zoneName': 'Fat Burn', 'order': 1, 'type': 'FAT_BURN', 'minuteMultiplier': 1}, {'minutes': 0, 'zoneName': 'Cardio', 'order': 2, 'type': 'CARDIO', 'minuteMultiplier': 2}, {'minutes': 0, 'zoneName': 'Peak', 'order': 3, 'type': 'PEAK', 'minuteMultiplier': 2}]}"
2026-02-15 18:24:09+09:00,808971722618882680,Outdoor Bike,1071,2026-02-15T18:24:09.000+09:00,615000,10,22,,0.031193,Mile,auto_detected,,,87.0,"[{'minutes': 10, 'caloriesOut': 22.59994, 'name': 'Out of Range', 'min': 30, 'max': 104}, {'minutes': 0, 'caloriesOut': 0.0, 'name': 'Fat Burn', 'min': 105, 'max': 129}, {'minutes': 0, 'caloriesOut': 0.0, 'name': 'Cardio', 'min': 130, 'max': 161}, {'minutes': 0, 'caloriesOut': 0.0, 'name': 'Peak', 'min': 162, 'max': 220}]","{'totalMinutes': 0, 'minutesInHeartRateZones': [{'minutes': 0, 'zoneName': 'Out of Range', 'order': 0, 'type': 'OUT_OF_ZONE', 'minuteMultiplier': 0}, {'minutes': 0, 'zoneName': 'Fat Burn', 'order': 1, 'type': 'FAT_BURN', 'minuteMultiplier': 1}, {'minutes': 0, 'zoneName': 'Cardio', 'order': 2, 'type': 'CARDIO', 'minuteMultiplier': 2}, {'minutes': 0, 'zoneName': 'Peak', 'order': 3, 'type': 'PEAK', 'minuteMultiplier': 2}]}"
2026-02-16 06:49:53+09:00,2876176998311435648,Bike,90001,2026-02-16T06:49:53.000+09:00,1113000,18,117,,3.258067,Mile,tracker,True,,120.0,"[{'minutes': 5, 'caloriesOut': 34.310818, 'name': 'Out of Range', 'min': 30, 'max': 105}, {'minutes': 8, 'caloriesOut': 46.021696, 'name': 'Fat Burn', 'min': 106, 'max': 130}, {'minutes': 5, 'caloriesOut': 36.673539, 'name': 'Cardio', 'min': 131, 'max': 161}, {'minutes': 0, 'caloriesOut': 0.0, 'name': 'Peak', 'min': 162, 'max': 220}]","{'totalMinutes': 18, 'minutesInHeartRateZones': [{'minutes': 0, 'zoneName': 'Out of Range', 'order': 0, 'type': 'OUT_OF_ZONE', 'minuteMultiplier': 0}, {'minutes': 8, 'zoneName': 'Fat Burn', 'order': 1, 'type': 'FAT_BURN', 'minuteMultiplier': 1}, {'minutes': 5, 'zoneName': 'Cardio', 'order': 2, 'type': 'CARDIO', 'minuteMultiplier': 2}, {'minutes': 0, 'zoneName': 'Peak', 'order': 3, 'type': 'PEAK', 'minuteMultiplier': 2}]}"
2026-02-18 06:50:10+09:00,5962770753639110376,Walk,90013,2026-02-18T06:50:10.000+09:00,921000,15,83,1267.0,0.546869,Mile,auto_detected,,,84.0,"[{'minutes': 15, 'caloriesOut': 83.927959, 'name': 'Out of Range', 'min': 30, 'max': 105}, {'minutes': 0, 'caloriesOut': 0.0, 'name': 'Fat Burn', 'min': 106, 'max': 130}, {'minutes': 0, 'caloriesOut': 0.0, 'name': 'Cardio', 'min': 131, 'max': 161}, {'minutes': 0, 'caloriesOut': 0.0, 'name': 'Peak', 'min': 162, 'max': 220}]","{'totalMinutes': 0, 'minutesInHeartRateZones': [{'minutes': 0, 'zoneName': 'Out of Range', 'order': 0, 'type': 'OUT_OF_ZONE', 'minuteMultiplier': 0}, {'minutes': 0, 'zoneName': 'Fat Burn', 'order': 1, 'type': 'FAT_BURN', 'minuteMultiplier': 1}, {'minutes': 0, 'zoneName': 'Cardio', 'order': 2, 'type': 'CARDIO', 'minuteMultiplier': 2}, {'minutes': 0, 'zoneName': 'Peak', 'order': 3, 'type': 'PEAK', 'minuteMultiplier': 2}]}"
2026-02-18 11:04:26+09:00,4362958660926779368,Walk,90013,2026-02-18T11:04:26.000+09:00,767000,12,70,1024.0,0.440739,Mile,auto_detected,,,89.0,"[{'minutes': 12, 'caloriesOut': 70.88163, 'name': 'Out of Range', 'min': 30, 'max': 105}, {'minutes': 0, 'caloriesOut': 0.0, 'name': 'Fat Burn', 'min': 106, 'max': 130}, {'minutes': 0, 'caloriesOut': 0.0, 'name': 'Cardio', 'min': 131, 'max': 161}, {'minutes': 0, 'caloriesOut': 0.0, 'name': 'Peak', 'min': 162, 'max': 220}]","{'totalMinutes': 0, 'minutesInHeartRateZones': [{'minutes': 0, 'zoneName': 'Out of Range', 'order': 0, 'type': 'OUT_OF_ZONE', 'minuteMultiplier': 0}, {'minutes': 0, 'zoneName': 'Fat Burn', 'order': 1, 'type': 'FAT_BURN', 'minuteMultiplier': 1}, {'minutes': 0, 'zoneName': 'Cardio', 'order': 2, 'type': 'CARDIO', 'minuteMultiplier': 2}, {'minutes': 0, 'zoneName': 'Peak', 'order': 3, 'type': 'PEAK', 'minuteMultiplier': 2}]}"
2026-02-18 12:05:52+09:00,6793205972159489184,Walk,90013,2026-02-18T12:05:52.000+09:00,1486000,24,130,2006.0,0.876568,Mile,auto_detected,,,80.0,"[{'minutes': 24, 'caloriesOut': 130.771471, 'name': 'Out of Range', 'min': 30, 'max': 105}, {'minutes': 0, 'caloriesOut': 0.0, 'name': 'Fat Burn', 'min': 106, 'max': 130}, {'minutes': 0, 'caloriesOut': 0.0, 'name': 'Cardio', 'min': 131, 'max': 161}, {'minutes': 0, 'caloriesOut': 0.0, 'name': 'Peak', 'min': 162, 'max': 220}]","{'totalMinutes': 0, 'minutesInHeartRateZones': [{'minutes': 0, 'zoneName': 'Out of Range', 'order': 0, 'type': 'OUT_OF_ZONE', 'minuteMultiplier': 0}, {'minutes': 0, 'zoneName': 'Fat Burn', 'order': 1, 'type': 'FAT_BURN', 'minuteMultiplier': 1}, {'minutes': 0, 'zoneName': 'Cardio', 'order': 2, 'type': 'CARDIO', 'minuteMultiplier': 2}, {'minutes': 0, 'zoneName': 'Peak', 'order': 3, 'type': 'PEAK', 'minuteMultiplier': 2}]}"
2026-02-18 20:08:50+09:00,4227866515084025856,Walk,90013,2026-02-18T20:08:50.000+09:00,666000,11,63,1019.0,0.435271,Mile,auto_detected,,,91.0,"[{'minutes': 11, 'caloriesOut': 63.896194, 'name': 'Out of Range', 'min': 30, 'max': 105}, {'minutes': 0, 'caloriesOut': 0.0, 'name': 'Fat Burn', 'min': 106, 'max': 130}, {'minutes': 0, 'caloriesOut': 0.0, 'name': 'Cardio', 'min': 131, 'max': 161}, {'minutes': 0, 'caloriesOut': 0.0, 'name': 'Peak', 'min': 162, 'max': 220}]","{'totalMinutes': 0, 'minutesInHeartRateZones': [{'minutes': 0, 'zoneName': 'Out of Range', 'order': 0, 'type': 'OUT_OF_ZONE', 'minuteMultiplier': 0}, {'minutes': 0, 'zoneName': 'Fat Burn', 'order': 1, 'type': 'FAT_BURN', 'minuteMultiplier': 1}, {'minutes': 0, 'zoneName': 'Cardio', 'order': 2, 'type': 'CARDIO', 'minuteMultiplier': 2}, {'minutes': 0, 'zoneName': 'Peak', 'order': 3, 'type': 'PEAK', 'minuteMultiplier': 2}]}"
2026-02-19 06:48:29+09:00,4674189311464031912,Bike,90001,2026-02-19T06:48:29.000+09:00,1195000,19,136,,3.235679,Mile,tracker,True,,114.0,"[{'minutes': 5, 'caloriesOut': 43.967156, 'name': 'Out of Range', 'min': 30, 'max': 103}, {'minutes': 11, 'caloriesOut': 74.066167, 'name': 'Fat Burn', 'min': 104, 'max': 128}, {'minutes': 3, 'caloriesOut': 18.079952, 'name': 'Cardio', 'min': 129, 'max': 160}, {'minutes': 0, 'caloriesOut': 0.0, 'name': 'Peak', 'min': 161, 'max': 220}]","{'totalMinutes': 17, 'minutesInHeartRateZones': [{'minutes': 0, 'zoneName': 'Out of Range', 'order': 0, 'type': 'OUT_OF_ZONE', 'minuteMultiplier': 0}, {'minutes': 11, 'zoneName': 'Fat Burn', 'order': 1, 'type': 'FAT_BURN', 'minuteMultiplier': 1}, {'minutes': 3, 'zoneName': 'Cardio', 'order': 2, 'type': 'CARDIO', 'minuteMultiplier': 2}, {'minutes': 0, 'zoneName': 'Peak', 'order': 3, 'type': 'PEAK', 'minuteMultiplier': 2}]}"
2026-02-19 18:48:04+09:00,7712087393999641536,Outdoor Bike,1071,2026-02-19T18:48:04.000+09:00,1183000,19,83,,0.240346,Mile,auto_detected,,,100.0,"[{'minutes': 15, 'caloriesOut': 65.334372, 'name': 'Out of Range', 'min': 30, 'max': 103}, {'minutes': 3, 'caloriesOut': 13.35451, 'name': 'Fat Burn', 'min': 104, 'max': 128}, {'minutes': 1, 'caloriesOut': 4.519988, 'name': 'Cardio', 'min': 129, 'max': 160}, {'minutes': 0, 'caloriesOut': 0.0, 'name': 'Peak', 'min': 161, 'max': 220}]","{'totalMinutes': 5, 'minutesInHeartRateZones': [{'minutes': 0, 'zoneName': 'Out of Range', 'order': 0, 'type': 'OUT_OF_ZONE', 'minuteMultiplier': 0}, {'minutes': 3, 'zoneName': 'Fat Burn', 'order': 1, 'type': 'FAT_BURN', 'minuteMultiplier': 1}, {'minutes': 1, 'zoneName': 'Cardio', 'order': 2, 'type': 'CARDIO', 'minuteMultiplier': 2}, {'minutes': 0, 'zoneName': 'Peak', 'order': 3, 'type': 'PEAK', 'minuteMultiplier': 2}]}"
2026-02-20 06:53:29+09:00,6718441971200771416,Outdoor Bike,1071,2026-02-20T06:53:29.000+09:00,768000,12,87,,0.345793,Mile,auto_detected,,,126.0,"[{'minutes': 0, 'caloriesOut': 13.149056, 'name': 'Out of Range', 'min': 30, 'max': 103}, {'minutes': 7, 'caloriesOut': 42.528978, 'name': 'Fat Burn', 'min': 104, 'max': 129}, {'minutes': 5, 'caloriesOut': 32.256278, 'name': 'Cardio', 'min': 130, 'max': 160}, {'minutes': 0, 'caloriesOut': 0.0, 'name': 'Peak', 'min': 161, 'max': 220}]","{'totalMinutes': 17, 'minutesInHeartRateZones': [{'minutes': 0, 'zoneName': 'Out of Range', 'order': 0, 'type': 'OUT_OF_ZONE', 'minuteMultiplier': 0}, {'minutes': 7, 'zoneName': 'Fat Burn', 'order': 1, 'type': 'FAT_BURN', 'minuteMultiplier': 1}, {'minutes': 5, 'zoneName': 'Cardio', 'order': 2, 'type': 'CARDIO', 'minuteMultiplier': 2}, {'minutes': 0, 'zoneName': 'Peak', 'order': 3, 'type': 'PEAK', 'minuteMultiplier': 2}]}"
2026-02-20 09:18:32+09:00,5235546493481463744,Outdoor Bike,1071,2026-02-20T09:18:32.000+09:00,6398000,106,527,,2.252222,Mile,auto_detected,,,120.0,"[{'minutes': 19, 'caloriesOut': 86.701588, 'name': 'Out of Range', 'min': 30, 'max': 103}, {'minutes': 62, 'caloriesOut': 306.845549, 'name': 'Fat Burn', 'min': 104, 'max': 129}, {'minutes': 25, 'caloriesOut': 134.264189, 'name': 'Cardio', 'min': 130, 'max': 160}, {'minutes': 0, 'caloriesOut': 0.0, 'name': 'Peak', 'min': 161, 'max': 220}]","{'totalMinutes': 112, 'minutesInHeartRateZones': [{'minutes': 0, 'zoneName': 'Out of Range', 'order': 0, 'type': 'OUT_OF_ZONE', 'minuteMultiplier': 0}, {'minutes': 62, 'zoneName': 'Fat Burn', 'order': 1, 'type': 'FAT_BURN', 'minuteMultiplier': 1}, {'minutes': 25, 'zoneName': 'Cardio', 'order': 2, 'type': 'CARDIO', 'minuteMultiplier': 2}, {'minutes': 0, 'zoneName': 'Peak', 'order': 3, 'type': 'PEAK', 'minuteMultiplier': 2}]}"
2026-02-20 19:50:49+09:00,8492033950099712256,Outdoor Bike,1071,2026-02-20T19:50:49.000+09:00,6041000,100,466,,1.599844,Mile,auto_detected,,,117.0,"[{'minutes': 19, 'caloriesOut': 82.284327, 'name': 'Out of Range', 'min': 30, 'max': 103}, {'minutes': 62, 'caloriesOut': 277.773808, 'name': 'Fat Burn', 'min': 104, 'max': 129}, {'minutes': 19, 'caloriesOut': 106.425172, 'name': 'Cardio', 'min': 130, 'max': 160}, {'minutes': 0, 'caloriesOut': 0.0, 'name': 'Peak', 'min': 161, 'max': 220}]","{'totalMinutes': 100, 'minutesInHeartRateZones': [{'minutes': 0, 'zoneName': 'Out of Range', 'order': 0, 'type': 'OUT_OF_ZONE', 'minuteMultiplier': 0}, {'minutes': 62, 'zoneName': 'Fat Burn', 'order': 1, 'type': 'FAT_BURN', 'minuteMultiplier': 1}, {'minutes': 19, 'zoneName': 'Cardio', 'order': 2, 'type': 'CARDIO', 'minuteMultiplier': 2}, {'minutes': 0, 'zoneName': 'Peak', 'order': 3, 'type': 'PEAK', 'minuteMultiplier': 2}]}"
2026-02-21 07:16:52+09:00,188097104639980944,Outdoor Bike,1071,2026-02-21T07:16:52.000+09:00,1021000,17,54,,0.115699,Mile,auto_detected,,,93.0,"[{'minutes': 16, 'caloriesOut': 49.719868, 'name': 'Out of Range', 'min': 30, 'max': 104}, {'minutes': 1, 'caloriesOut': 4.725442, 'name': 'Fat Burn', 'min': 105, 'max': 129}, {'minutes': 0, 'caloriesOut': 0.0, 'name': 'Cardio', 'min': 130, 'max': 161}, {'minutes': 0, 'caloriesOut': 0.0, 'name': 'Peak', 'min': 162, 'max': 220}]","{'totalMinutes': 1, 'minutesInHeartRateZones': [{'minutes': 0, 'zoneName': 'Out of Range', 'order': 0, 'type': 'OUT_OF_ZONE', 'minuteMultiplier': 0}, {'minutes': 1, 'zoneName': 'Fat Burn', 'order': 1, 'type': 'FAT_BURN', 'minuteMultiplier': 1}, {'minutes': 0, 'zoneName': 'Cardio', 'order': 2, 'type': 'CARDIO', 'minuteMultiplier': 2}, {'minutes': 0, 'zoneName': 'Peak', 'order': 3, 'type': 'PEAK', 'minuteMultiplier': 2}]}"
2026-02-21 08:38:47+09:00,4127682408795413728,Outdoor Bike,1071,2026-02-21T08:38:47.000+09:00,1022000,17,76,,0.153727,Mile,auto_detected,,,105.0,"[{'minutes': 11, 'caloriesOut': 52.288043, 'name': 'Out of Range', 'min': 30, 'max': 104}, {'minutes': 6, 'caloriesOut': 23.935391, 'name': 'Fat Burn', 'min': 105, 'max': 129}, {'minutes': 0, 'caloriesOut': 0.0, 'name': 'Cardio', 'min': 130, 'max': 161}, {'minutes': 0, 'caloriesOut': 0.0, 'name': 'Peak', 'min': 162, 'max': 220}]","{'totalMinutes': 6, 'minutesInHeartRateZones': [{'minutes': 0, 'zoneName': 'Out of Range', 'order': 0, 'type': 'OUT_OF_ZONE', 'minuteMultiplier': 0}, {'minutes': 6, 'zoneName': 'Fat Burn', 'order': 1, 'type': 'FAT_BURN', 'minuteMultiplier': 1}, {'minutes': 0, 'zoneName': 'Cardio', 'order': 2, 'type': 'CARDIO', 'minuteMultiplier': 2}, {'minutes': 0, 'zoneName': 'Peak', 'order': 3, 'type': 'PEAK', 'minuteMultiplier': 2}]}"
2026-02-21 10:16:30+09:00,8456590651653669952,Walk,90013,2026-02-21T10:16:30.000+09:00,352000,5,33,574.0,0.24372,Mile,tracker,,,80.0,"[{'minutes': 5, 'caloriesOut': 33.694456, 'name': 'Out of Range', 'min': 30, 'max': 104}, {'minutes': 0, 'caloriesOut': 0.0, 'name': 'Fat Burn', 'min': 105, 'max': 129}, {'minutes': 0, 'caloriesOut': 0.0, 'name': 'Cardio', 'min': 130, 'max': 161}, {'minutes': 0, 'caloriesOut': 0.0, 'name': 'Peak', 'min': 162, 'max': 220}]","{'totalMinutes': 0, 'minutesInHeartRateZones': [{'minutes': 0, 'zoneName': 'Out of Range', 'order': 0, 'type': 'OUT_OF_ZONE', 'minuteMultiplier': 0}, {'minutes': 0, 'zoneName': 'Fat Burn', 'order': 1, 'type': 'FAT_BURN', 'minuteMultiplier': 1}, {'minutes': 0, 'zoneName': 'Cardio', 'order': 2, 'type': 'CARDIO', 'minuteMultiplier': 2}, {'minutes': 0, 'zoneName': 'Peak', 'order': 3, 'type': 'PEAK', 'minuteMultiplier': 2}]}"
2026-02-22 06:00:27+09:00,1083241627228515752,Outdoor Bike,1071,2026-02-22T06:00:27.000+09:00,1842000,30,90,,0.274087,Mile,auto_detected,,,91.0,"[{'minutes': 29, 'caloriesOut': 87.112496, 'name': 'Out of Range', 'min': 30, 'max': 103}, {'minutes': 1, 'caloriesOut': 3.287264, 'name': 'Fat Burn', 'min': 104, 'max': 129}, {'minutes': 0, 'caloriesOut': 0.0, 'name': 'Cardio', 'min': 130, 'max': 160}, {'minutes': 0, 'caloriesOut': 0.0, 'name': 'Peak', 'min': 161, 'max': 220}]","{'totalMinutes': 1, 'minutesInHeartRateZones': [{'minutes': 0, 'zoneName': 'Out of Range', 'order': 0, 'type': 'OUT_OF_ZONE', 'minuteMultiplier': 0}, {'minutes': 1, 'zoneName': 'Fat Burn', 'order': 1, 'type': 'FAT_BURN', 'minuteMultiplier': 1}, {'minutes': 0, 'zoneName': 'Cardio', 'order': 2, 'type': 'CARDIO', 'minuteMultiplier': 2}, {'minutes': 0, 'zoneName': 'Peak', 'order': 3, 'type': 'PEAK', 'minuteMultiplier': 2}]}"
2026-02-22 08:12:42+09:00,7333001867151512312,Outdoor Bike,1071,2026-02-22T08:12:42.000+09:00,1127000,18,71,,0.339517,Mile,auto_detected,,,88.0,"[{'minutes': 17, 'caloriesOut': 66.875277, 'name': 'Out of Range', 'min': 30, 'max': 103}, {'minutes': 1, 'caloriesOut': 4.519988, 'name': 'Fat Burn', 'min': 104, 'max': 129}, {'minutes': 0, 'caloriesOut': 0.0, 'name': 'Cardio', 'min': 130, 'max': 160}, {'minutes': 0, 'caloriesOut': 0.0, 'name': 'Peak', 'min': 161, 'max': 220}]","{'totalMinutes': 1, 'minutesInHeartRateZones': [{'minutes': 0, 'zoneName': 'Out of Range', 'order': 0, 'type': 'OUT_OF_ZONE', 'minuteMultiplier': 0}, {'minutes': 1, 'zoneName': 'Fat Burn', 'order': 1, 'type': 'FAT_BURN', 'minuteMultiplier': 1}, {'minutes': 0, 'zoneName': 'Cardio', 'order': 2, 'type': 'CARDIO', 'minuteMultiplier': 2}, {'minutes': 0, 'zoneName': 'Peak', 'order': 3, 'type': 'PEAK', 'minuteMultiplier': 2}]}"
2026-02-22 15:21:54+09:00,3307961820725836288,Outdoor Bike,1071,2026-02-22T15:21:54.000+09:00,666000,11,44,,0.179514,Mile,auto_detected,,,108.0,"[{'minutes': 4, 'caloriesOut': 17.052682, 'name': 'Out of Range', 'min': 30, 'max': 103}, {'minutes': 6, 'caloriesOut': 23.729937, 'name': 'Fat Burn', 'min': 104, 'max': 129}, {'minutes': 1, 'caloriesOut': 3.389991, 'name': 'Cardio', 'min': 130, 'max': 160}, {'minutes': 0, 'caloriesOut': 0.0, 'name': 'Peak', 'min': 161, 'max': 220}]","{'totalMinutes': 8, 'minutesInHeartRateZones': [{'minutes': 0, 'zoneName': 'Out of Range', 'order': 0, 'type': 'OUT_OF_ZONE', 'minuteMultiplier': 0}, {'minutes': 6, 'zoneName': 'Fat Burn', 'order': 1, 'type': 'FAT_BURN', 'minuteMultiplier': 1}, {'minutes': 1, 'zoneName': 'Cardio', 'order': 2, 'type': 'CARDIO', 'minuteMultiplier': 2}, {'minutes': 0, 'zoneName': 'Peak', 'order': 3, 'type': 'PEAK', 'minuteMultiplier': 2}]}"
2026-02-22 15:37:41+09:00,1703087576259174856,Weights,2131,2026-02-22T15:37:41.000+09:00,2502000,41,214,275.0,,,tracker,,,110.0,"[{'minutes': 4, 'caloriesOut': 20.648127, 'name': 'Out of Range', 'min': 30, 'max': 103}, {'minutes': 37, 'caloriesOut': 194.15403, 'name': 'Fat Burn', 'min': 104, 'max': 129}, {'minutes': 0, 'caloriesOut': 0.0, 'name': 'Cardio', 'min': 130, 'max': 160}, {'minutes': 0, 'caloriesOut': 0.0, 'name': 'Peak', 'min': 161, 'max': 220}]","{'totalMinutes': 37, 'minutesInHeartRateZones': [{'minutes': 0, 'zoneName': 'Out of Range', 'order': 0, 'type': 'OUT_OF_ZONE', 'minuteMultiplier': 0}, {'minutes': 37, 'zoneName': 'Fat Burn', 'order': 1, 'type': 'FAT_BURN', 'minuteMultiplier': 1}, {'minutes': 0, 'zoneName': 'Cardio', 'order': 2, 'type': 'CARDIO', 'minuteMultiplier': 2}, {'minutes': 0, 'zoneName': 'Peak', 'order': 3, 'type': 'PEAK', 'minuteMultiplier': 2}]}"
2026-02-23 07:09:09+09:00,1102839094337104904,Outdoor Bike,1071,2026-02-23T07:09:09.000+09:00,1792000,29,159,,0.435146,Mile,auto_detected,,,112.0,"[{'minutes': 8, 'caloriesOut': 46.021696, 'name': 'Out of Range', 'min': 30, 'max': 103}, {'minutes': 16, 'caloriesOut': 85.674318, 'name': 'Fat Burn', 'min': 104, 'max': 129}, {'minutes': 5, 'caloriesOut': 27.530836, 'name': 'Cardio', 'min': 130, 'max': 160}, {'minutes': 0, 'caloriesOut': 0.0, 'name': 'Peak', 'min': 161, 'max': 220}]","{'totalMinutes': 26, 'minutesInHeartRateZones': [{'minutes': 0, 'zoneName': 'Out of Range', 'order': 0, 'type': 'OUT_OF_ZONE', 'minuteMultiplier': 0}, {'minutes': 16, 'zoneName': 'Fat Burn', 'order': 1, 'type': 'FAT_BURN', 'minuteMultiplier': 1}, {'minutes': 5, 'zoneName': 'Cardio', 'order': 2, 'type': 'CARDIO', 'minuteMultiplier': 2}, {'minutes': 0, 'zoneName': 'Peak', 'order': 3, 'type': 'PEAK', 'minuteMultiplier': 2}]}"
2026-02-23 16:39:08+09:00,812880043161904088,Outdoor Bike,1071,2026-02-23T16:39:08.000+09:00,1486000,24,138,,0.293971,Mile,auto_detected,,,116.0,"[{'minutes': 1, 'caloriesOut': 10.683608, 'name': 'Out of Range', 'min': 30, 'max': 103}, {'minutes': 21, 'caloriesOut': 118.238777, 'name': 'Fat Burn', 'min': 104, 'max': 129}, {'minutes': 2, 'caloriesOut': 9.861792, 'name': 'Cardio', 'min': 130, 'max': 160}, {'minutes': 0, 'caloriesOut': 0.0, 'name': 'Peak', 'min': 161, 'max': 220}]","{'totalMinutes': 25, 'minutesInHeartRateZones': [{'minutes': 0, 'zoneName': 'Out of Range', 'order': 0, 'type': 'OUT_OF_ZONE', 'minuteMultiplier': 0}, {'minutes': 21, 'zoneName': 'Fat Burn', 'order': 1, 'type': 'FAT_BURN', 'minuteMultiplier': 1}, {'minutes': 2, 'zoneName': 'Cardio', 'order': 2, 'type': 'CARDIO', 'minuteMultiplier': 2}, {'minutes': 0, 'zoneName': 'Peak', 'order': 3, 'type': 'PEAK', 'minuteMultiplier': 2}]}"
2026-02-23 17:56:48+09:00,726697439143574400,Outdoor Bike,1071,2026-02-23T17:56:48.000+09:00,614000,10,39,,0.047535,Mile,auto_detected,,,95.0,"[{'minutes': 9, 'caloriesOut': 34.310818, 'name': 'Out of Range', 'min': 30, 'max': 103}, {'minutes': 1, 'caloriesOut': 4.725442, 'name': 'Fat Burn', 'min': 104, 'max': 129}, {'minutes': 0, 'caloriesOut': 0.0, 'name': 'Cardio', 'min': 130, 'max': 160}, {'minutes': 0, 'caloriesOut': 0.0, 'name': 'Peak', 'min': 161, 'max': 220}]","{'totalMinutes': 1, 'minutesInHeartRateZones': [{'minutes': 0, 'zoneName': 'Out of Range', 'order': 0, 'type': 'OUT_OF_ZONE', 'minuteMultiplier': 0}, {'minutes': 1, 'zoneName': 'Fat Burn', 'order': 1, 'type': 'FAT_BURN', 'minuteMultiplier': 1}, {'minutes': 0, 'zoneName': 'Cardio', 'order': 2, 'type': 'CARDIO', 'minuteMultiplier': 2}, {'minutes': 0, 'zoneName': 'Peak', 'order': 3, 'type': 'PEAK', 'minuteMultiplier': 2}]}"
2026-02-24 06:49:03+09:00,3662144810580594648,Outdoor Bike,1071,2026-02-24T06:49:03.000+09:00,1321000,22,108,,0.359153,Mile,auto_detected,,,102.0,"[{'minutes': 14, 'caloriesOut': 71.497992, 'name': 'Out of Range', 'min': 30, 'max': 103}, {'minutes': 8, 'caloriesOut': 36.673539, 'name': 'Fat Burn', 'min': 104, 'max': 128}, {'minutes': 0, 'caloriesOut': 0.0, 'name': 'Cardio', 'min': 129, 'max': 160}, {'minutes': 0, 'caloriesOut': 0.0, 'name': 'Peak', 'min': 161, 'max': 220}]","{'totalMinutes': 8, 'minutesInHeartRateZones': [{'minutes': 0, 'zoneName': 'Out of Range', 'order': 0, 'type': 'OUT_OF_ZONE', 'minuteMultiplier': 0}, {'minutes': 8, 'zoneName': 'Fat Burn', 'order': 1, 'type': 'FAT_BURN', 'minuteMultiplier': 1}, {'minutes': 0, 'zoneName': 'Cardio', 'order': 2, 'type': 'CARDIO', 'minuteMultiplier': 2}, {'minutes': 0, 'zoneName': 'Peak', 'order': 3, 'type': 'PEAK', 'minuteMultiplier': 2}]}"
2026-02-24 15:58:24+09:00,1638442766581276224,Walk,90013,2026-02-24T15:58:24.000+09:00,614000,10,54,818.0,0.357848,Mile,auto_detected,,,85.0,"[{'minutes': 10, 'caloriesOut': 54.958945, 'name': 'Out of Range', 'min': 30, 'max': 103}, {'minutes': 0, 'caloriesOut': 0.0, 'name': 'Fat Burn', 'min': 104, 'max': 128}, {'minutes': 0, 'caloriesOut': 0.0, 'name': 'Cardio', 'min': 129, 'max': 160}, {'minutes': 0, 'caloriesOut': 0.0, 'name': 'Peak', 'min': 161, 'max': 220}]","{'totalMinutes': 0, 'minutesInHeartRateZones': [{'minutes': 0, 'zoneName': 'Out of Range', 'order': 0, 'type': 'OUT_OF_ZONE', 'minuteMultiplier': 0}, {'minutes': 0, 'zoneName': 'Fat Burn', 'order': 1, 'type': 'FAT_BURN', 'minuteMultiplier': 1}, {'minutes': 0, 'zoneName': 'Cardio', 'order': 2, 'type': 'CARDIO', 'minuteMultiplier': 2}, {'minutes': 0, 'zoneName': 'Peak', 'order': 3, 'type': 'PEAK', 'minuteMultiplier': 2}]}"
2026-02-24 18:14:14+09:00,5581878651815539008,Outdoor Bike,1071,2026-02-24T18:14:14.000+09:00,1638000,27,93,,0.211018,Mile,auto_detected,,,99.0,"[{'minutes': 22, 'caloriesOut': 74.477075, 'name': 'Out of Range', 'min': 30, 'max': 103}, {'minutes': 4, 'caloriesOut': 14.689961, 'name': 'Fat Burn', 'min': 104, 'max': 128}, {'minutes': 1, 'caloriesOut': 4.314534, 'name': 'Cardio', 'min': 129, 'max': 160}, {'minutes': 0, 'caloriesOut': 0.0, 'name': 'Peak', 'min': 161, 'max': 220}]","{'totalMinutes': 6, 'minutesInHeartRateZones': [{'minutes': 0, 'zoneName': 'Out of Range', 'order': 0, 'type': 'OUT_OF_ZONE', 'minuteMultiplier': 0}, {'minutes': 4, 'zoneName': 'Fat Burn', 'order': 1, 'type': 'FAT_BURN', 'minuteMultiplier': 1}, {'minutes': 1, 'zoneName': 'Cardio', 'order': 2, 'type': 'CARDIO', 'minuteMultiplier': 2}, {'minutes': 0, 'zoneName': 'Peak', 'order': 3, 'type': 'PEAK', 'minuteMultiplier': 2}]}"
2026-02-25 07:25:15+09:00,6507816987733208768,Walk,90013,2026-02-25T07:25:15.000+09:00,665000,11,62,967.0,0.414641,Mile,auto_detected,,,91.0,"[{'minutes': 11, 'caloriesOut': 62.766197, 'name': 'Out of Range', 'min': 30, 'max': 102}, {'minutes': 0, 'caloriesOut': 0.0, 'name': 'Fat Burn', 'min': 103, 'max': 128}, {'minutes': 0, 'caloriesOut': 0.0, 'name': 'Cardio', 'min': 129, 'max': 160}, {'minutes': 0, 'caloriesOut': 0.0, 'name': 'Peak', 'min': 161, 'max': 220}]","{'totalMinutes': 0, 'minutesInHeartRateZones': [{'minutes': 0, 'zoneName': 'Out of Range', 'order': 0, 'type': 'OUT_OF_ZONE', 'minuteMultiplier': 0}, {'minutes': 0, 'zoneName': 'Fat Burn', 'order': 1, 'type': 'FAT_BURN', 'minuteMultiplier': 1}, {'minutes': 0, 'zoneName': 'Cardio', 'order': 2, 'type': 'CARDIO', 'minuteMultiplier': 2}, {'minutes': 0, 'zoneName': 'Peak', 'order': 3, 'type': 'PEAK', 'minuteMultiplier': 2}]}"
2026-02-25 16:07:09+09:00,4902554896348146912,Weights,2131,2026-02-25T16:07:09.000+09:00,1491000,24,99,259.0,,,tracker,,,94.0,"[{'minutes': 24, 'caloriesOut': 99.542463, 'name': 'Out of Range', 'min': 30, 'max': 102}, {'minutes': 0, 'caloriesOut': 0.0, 'name': 'Fat Burn', 'min': 103, 'max': 128}, {'minutes': 0, 'caloriesOut': 0.0, 'name': 'Cardio', 'min': 129, 'max': 160}, {'minutes': 0, 'caloriesOut': 0.0, 'name': 'Peak', 'min': 161, 'max': 220}]","{'totalMinutes': 0, 'minutesInHeartRateZones': [{'minutes': 0, 'zoneName': 'Out of Range', 'order': 0, 'type': 'OUT_OF_ZONE', 'minuteMultiplier': 0}, {'minutes': 0, 'zoneName': 'Fat Burn', 'order': 1, 'type': 'FAT_BURN', 'minuteMultiplier': 1}, {'minutes': 0, 'zoneName': 'Cardio', 'order': 2, 'type': 'CARDIO', 'minuteMultiplier': 2}, {'minutes': 0, 'zoneName': 'Peak', 'order': 3, 'type': 'PEAK', 'minuteMultiplier': 2}]}"
2026-02-25 19:50:10+09:00,6066976552569706608,Walk,90013,2026-02-25T19:50:10.000+09:00,666000,11,60,919.0,0.387114,Mile,auto_detected,,,95.0,"[{'minutes': 9, 'caloriesOut': 59.58166, 'name': 'Out of Range', 'min': 30, 'max': 102}, {'minutes': 2, 'caloriesOut': 1.129997, 'name': 'Fat Burn', 'min': 103, 'max': 128}, {'minutes': 0, 'caloriesOut': 0.0, 'name': 'Cardio', 'min': 129, 'max': 160}, {'minutes': 0, 'caloriesOut': 0.0, 'name': 'Peak', 'min': 161, 'max': 220}]","{'totalMinutes': 2, 'minutesInHeartRateZones': [{'minutes': 0, 'zoneName': 'Out of Range', 'order': 0, 'type': 'OUT_OF_ZONE', 'minuteMultiplier': 0}, {'minutes': 2, 'zoneName': 'Fat Burn', 'order': 1, 'type': 'FAT_BURN', 'minuteMultiplier': 1}, {'minutes': 0, 'zoneName': 'Cardio', 'order': 2, 'type': 'CARDIO', 'minuteMultiplier': 2}, {'minutes': 0, 'zoneName': 'Peak', 'order': 3, 'type': 'PEAK', 'minuteMultiplier': 2}]}"
2026-02-27 07:04:40+09:00,4555448830986625064,Outdoor Bike,1071,2026-02-27T07:04:40.000+09:00,1279000,21,91,,0.331004,Mile,auto_detected,,,96.0,"[{'minutes': 17, 'caloriesOut': 73.860713, 'name': 'Out of Range', 'min': 30, 'max': 102}, {'minutes': 4, 'caloriesOut': 17.46359, 'name': 'Fat Burn', 'min': 103, 'max': 128}, {'minutes': 0, 'caloriesOut': 0.0, 'name': 'Cardio', 'min': 129, 'max': 160}, {'minutes': 0, 'caloriesOut': 0.0, 'name': 'Peak', 'min': 161, 'max': 220}]","{'totalMinutes': 4, 'minutesInHeartRateZones': [{'minutes': 0, 'zoneName': 'Out of Range', 'order': 0, 'type': 'OUT_OF_ZONE', 'minuteMultiplier': 0}, {'minutes': 4, 'zoneName': 'Fat Burn', 'order': 1, 'type': 'FAT_BURN', 'minuteMultiplier': 1}, {'minutes': 0, 'zoneName': 'Cardio', 'order': 2, 'type': 'CARDIO', 'minuteMultiplier': 2}, {'minutes': 0, 'zoneName': 'Peak', 'order': 3, 'type': 'PEAK', 'minuteMultiplier': 2}]}"
2026-02-27 15:12:43+09:00,3759796425199755256,Outdoor Bike,1071,2026-02-27T15:12:43.000+09:00,1024000,17,75,,0.258925,Mile,auto_detected,,,105.0,"[{'minutes': 10, 'caloriesOut': 50.849865, 'name': 'Out of Range', 'min': 30, 'max': 102}, {'minutes': 7, 'caloriesOut': 25.065388, 'name': 'Fat Burn', 'min': 103, 'max': 128}, {'minutes': 0, 'caloriesOut': 0.0, 'name': 'Cardio', 'min': 129, 'max': 160}, {'minutes': 0, 'caloriesOut': 0.0, 'name': 'Peak', 'min': 161, 'max': 220}]","{'totalMinutes': 7, 'minutesInHeartRateZones': [{'minutes': 0, 'zoneName': 'Out of Range', 'order': 0, 'type': 'OUT_OF_ZONE', 'minuteMultiplier': 0}, {'minutes': 7, 'zoneName': 'Fat Burn', 'order': 1, 'type': 'FAT_BURN', 'minuteMultiplier': 1}, {'minutes': 0, 'zoneName': 'Cardio', 'order': 2, 'type': 'CARDIO', 'minuteMultiplier': 2}, {'minutes': 0, 'zoneName': 'Peak', 'order': 3, 'type': 'PEAK', 'minuteMultiplier': 2}]}"
2026-02-27 15:51:08+09:00,6503162622483525640,Outdoor Bike,1071,2026-02-27T15:51:08.000+09:00,922000,15,83,,0.112282,Mile,auto_detected,,,116.0,"[{'minutes': 0, 'caloriesOut': 4.622715, 'name': 'Out of Range', 'min': 30, 'max': 102}, {'minutes': 15, 'caloriesOut': 78.483428, 'name': 'Fat Burn', 'min': 103, 'max': 128}, {'minutes': 0, 'caloriesOut': 0.0, 'name': 'Cardio', 'min': 129, 'max': 160}, {'minutes': 0, 'caloriesOut': 0.0, 'name': 'Peak', 'min': 161, 'max': 220}]","{'totalMinutes': 15, 'minutesInHeartRateZones': [{'minutes': 0, 'zoneName': 'Out of Range', 'order': 0, 'type': 'OUT_OF_ZONE', 'minuteMultiplier': 0}, {'minutes': 15, 'zoneName': 'Fat Burn', 'order': 1, 'type': 'FAT_BURN', 'minuteMultiplier': 1}, {'minutes': 0, 'zoneName': 'Cardio', 'order': 2, 'type': 'CARDIO', 'minuteMultiplier': 2}, {'minutes': 0, 'zoneName': 'Peak', 'order': 3, 'type': 'PEAK', 'minuteMultiplier': 2}]}"
2026-02-27 18:22:11+09:00,2819476879770965936,Walk,90013,2026-02-27T18:22:11.000+09:00,614000,10,60,814.0,0.337467,Mile,auto_detected,,,102.0,"[{'minutes': 4, 'caloriesOut': 26.298112, 'name': 'Out of Range', 'min': 30, 'max': 102}, {'minutes': 6, 'caloriesOut': 34.310818, 'name': 'Fat Burn', 'min': 103, 'max': 128}, {'minutes': 0, 'caloriesOut': 0.0, 'name': 'Cardio', 'min': 129, 'max': 160}, {'minutes': 0, 'caloriesOut': 0.0, 'name': 'Peak', 'min': 161, 'max': 220}]","{'totalMinutes': 6, 'minutesInHeartRateZones': [{'minutes': 0, 'zoneName': 'Out of Range', 'order': 0, 'type': 'OUT_OF_ZONE', 'minuteMultiplier': 0}, {'minutes': 6, 'zoneName': 'Fat Burn', 'order': 1, 'type': 'FAT_BURN', 'minuteMultiplier': 1}, {'minutes': 0, 'zoneName': 'Cardio', 'order': 2, 'type': 'CARDIO', 'minuteMultiplier': 2}, {'minutes': 0, 'zoneName': 'Peak', 'order': 3, 'type': 'PEAK', 'minuteMultiplier': 2}]}"
2026-02-27 19:21:03+09:00,3742964554748629920,Walk,90013,2026-02-27T19:21:03.000+09:00,4199000,69,486,7510.0,4.30225,Mile,auto_detected,,,103.0,"[{'minutes': 38, 'caloriesOut': 273.151093, 'name': 'Out of Range', 'min': 30, 'max': 102}, {'minutes': 31, 'caloriesOut': 213.67216, 'name': 'Fat Burn', 'min': 103, 'max': 128}, {'minutes': 0, 'caloriesOut': 0.0, 'name': 'Cardio', 'min': 129, 'max': 160}, {'minutes': 0, 'caloriesOut': 0.0, 'name': 'Peak', 'min': 161, 'max': 220}]","{'totalMinutes': 31, 'minutesInHeartRateZones': [{'minutes': 0, 'zoneName': 'Out of Range', 'order': 0, 'type': 'OUT_OF_ZONE', 'minuteMultiplier': 0}, {'minutes': 31, 'zoneName': 'Fat Burn', 'order': 1, 'type': 'FAT_BURN', 'minuteMultiplier': 1}, {'minutes': 0, 'zoneName': 'Cardio', 'order': 2, 'type': 'CARDIO', 'minuteMultiplier': 2}, {'minutes': 0, 'zoneName': 'Peak', 'order': 3, 'type': 'PEAK', 'minuteMultiplier': 2}]}"
2026-02-27 21:35:02+09:00,7544663222234943840,Walk,90013,2026-02-27T21:35:02.000+09:00,2457000,40,273,4518.0,2.590869,Mile,auto_detected,,,90.0,"[{'minutes': 40, 'caloriesOut': 273.767455, 'name': 'Out of Range', 'min': 30, 'max': 102}, {'minutes': 0, 'caloriesOut': 0.0, 'name': 'Fat Burn', 'min': 103, 'max': 128}, {'minutes': 0, 'caloriesOut': 0.0, 'name': 'Cardio', 'min': 129, 'max': 160}, {'minutes': 0, 'caloriesOut': 0.0, 'name': 'Peak', 'min': 161, 'max': 220}]","{'totalMinutes': 0, 'minutesInHeartRateZones': [{'minutes': 0, 'zoneName': 'Out of Range', 'order': 0, 'type': 'OUT_OF_ZONE', 'minuteMultiplier': 0}, {'minutes': 0, 'zoneName': 'Fat Burn', 'order': 1, 'type': 'FAT_BURN', 'minuteMultiplier': 1}, {'minutes': 0, 'zoneName': 'Cardio', 'order': 2, 'type': 'CARDIO', 'minuteMultiplier': 2}, {'minutes': 0, 'zoneName': 'Peak', 'order': 3, 'type': 'PEAK', 'minuteMultiplier': 2}]}"
2026-02-28 08:18:24+09:00,2157968098627408280,Outdoor Bike,1071,2026-02-28T08:18:24.000+09:00,1739000,28,141,,0.297326,Mile,auto_detected,,,103.0,"[{'minutes': 18, 'caloriesOut': 93.687024, 'name': 'Out of Range', 'min': 30, 'max': 102}, {'minutes': 9, 'caloriesOut': 42.11807, 'name': 'Fat Burn', 'min': 103, 'max': 128}, {'minutes': 1, 'caloriesOut': 5.341804, 'name': 'Cardio', 'min': 129, 'max': 160}, {'minutes': 0, 'caloriesOut': 0.0, 'name': 'Peak', 'min': 161, 'max': 220}]","{'totalMinutes': 11, 'minutesInHeartRateZones': [{'minutes': 0, 'zoneName': 'Out of Range', 'order': 0, 'type': 'OUT_OF_ZONE', 'minuteMultiplier': 0}, {'minutes': 9, 'zoneName': 'Fat Burn', 'order': 1, 'type': 'FAT_BURN', 'minuteMultiplier': 1}, {'minutes': 1, 'zoneName': 'Cardio', 'order': 2, 'type': 'CARDIO', 'minuteMultiplier': 2}, {'minutes': 0, 'zoneName': 'Peak', 'order': 3, 'type': 'PEAK', 'minuteMultiplier': 2}]}"
2026-02-28 18:08:43+09:00,5004721712195827648,Outdoor Bike,1071,2026-02-28T18:08:43.000+09:00,871000,14,53,,0.158077,Mile,auto_detected,,,95.0,"[{'minutes': 12, 'caloriesOut': 47.048966, 'name': 'Out of Range', 'min': 30, 'max': 102}, {'minutes': 2, 'caloriesOut': 6.369074, 'name': 'Fat Burn', 'min': 103, 'max': 128}, {'minutes': 0, 'caloriesOut': 0.0, 'name': 'Cardio', 'min': 129, 'max': 160}, {'minutes': 0, 'caloriesOut': 0.0, 'name': 'Peak', 'min': 161, 'max': 220}]","{'totalMinutes': 2, 'minutesInHeartRateZones': [{'minutes': 0, 'zoneName': 'Out of Range', 'order': 0, 'type': 'OUT_OF_ZONE', 'minuteMultiplier': 0}, {'minutes': 2, 'zoneName': 'Fat Burn', 'order': 1, 'type': 'FAT_BURN', 'minuteMultiplier': 1}, {'minutes': 0, 'zoneName': 'Cardio', 'order': 2, 'type': 'CARDIO', 'minuteMultiplier': 2}, {'minutes': 0, 'zoneName': 'Peak', 'order': 3, 'type': 'PEAK', 'minuteMultiplier': 2}]}"
2026-02-28 19:04:11+09:00,8788479439081942136,Outdoor Bike,1071,2026-02-28T19:04:11.000+09:00,624000,10,26,,0.037779,Mile,auto_detected,,,87.0,"[{'minutes': 10, 'caloriesOut': 26.606293, 'name': 'Out of Range', 'min': 30, 'max': 102}, {'minutes': 0, 'caloriesOut': 0.0, 'name': 'Fat Burn', 'min': 103, 'max': 128}, {'minutes': 0, 'caloriesOut': 0.0, 'name': 'Cardio', 'min': 129, 'max': 160}, {'minutes': 0, 'caloriesOut': 0.0, 'name': 'Peak', 'min': 161, 'max': 220}]","{'totalMinutes': 0, 'minutesInHeartRateZones': [{'minutes': 0, 'zoneName': 'Out of Range', 'order': 0, 'type': 'OUT_OF_ZONE', 'minuteMultiplier': 0}, {'minutes': 0, 'zoneName': 'Fat Burn', 'order': 1, 'type': 'FAT_BURN', 'minuteMultiplier': 1}, {'minutes': 0, 'zoneName': 'Cardio', 'order': 2, 'type': 'CARDIO', 'minuteMultiplier': 2}, {'minutes': 0, 'zoneName': 'Peak', 'order': 3, 'type': 'PEAK', 'minuteMultiplier': 2}]}"
2026-03-01 06:05:35+09:00,2285858176030348200,Outdoor Bike,1071,2026-03-01T06:05:35.000+09:00,2052000,34,119,,0.280922,Mile,auto_detected,,,94.0,"[{'minutes': 29, 'caloriesOut': 97.59065, 'name': 'Out of Range', 'min': 30, 'max': 102}, {'minutes': 5, 'caloriesOut': 22.189032, 'name': 'Fat Burn', 'min': 103, 'max': 128}, {'minutes': 0, 'caloriesOut': 0.0, 'name': 'Cardio', 'min': 129, 'max': 160}, {'minutes': 0, 'caloriesOut': 0.0, 'name': 'Peak', 'min': 161, 'max': 220}]","{'totalMinutes': 5, 'minutesInHeartRateZones': [{'minutes': 0, 'zoneName': 'Out of Range', 'order': 0, 'type': 'OUT_OF_ZONE', 'minuteMultiplier': 0}, {'minutes': 5, 'zoneName': 'Fat Burn', 'order': 1, 'type': 'FAT_BURN', 'minuteMultiplier': 1}, {'minutes': 0, 'zoneName': 'Cardio', 'order': 2, 'type': 'CARDIO', 'minuteMultiplier': 2}, {'minutes': 0, 'zoneName': 'Peak', 'order': 3, 'type': 'PEAK', 'minuteMultiplier': 2}]}"
2026-03-01 08:11:06+09:00,8505226929274227032,Outdoor Bike,1071,2026-03-01T08:11:06.000+09:00,1331000,22,90,,0.306709,Mile,auto_detected,,,108.0,"[{'minutes': 6, 'caloriesOut': 27.222655, 'name': 'Out of Range', 'min': 30, 'max': 102}, {'minutes': 14, 'caloriesOut': 53.623494, 'name': 'Fat Burn', 'min': 103, 'max': 128}, {'minutes': 2, 'caloriesOut': 9.450884, 'name': 'Cardio', 'min': 129, 'max': 160}, {'minutes': 0, 'caloriesOut': 0.0, 'name': 'Peak', 'min': 161, 'max': 220}]","{'totalMinutes': 18, 'minutesInHeartRateZones': [{'minutes': 0, 'zoneName': 'Out of Range', 'order': 0, 'type': 'OUT_OF_ZONE', 'minuteMultiplier': 0}, {'minutes': 14, 'zoneName': 'Fat Burn', 'order': 1, 'type': 'FAT_BURN', 'minuteMultiplier': 1}, {'minutes': 2, 'zoneName': 'Cardio', 'order': 2, 'type': 'CARDIO', 'minuteMultiplier': 2}, {'minutes': 0, 'zoneName': 'Peak', 'order': 3, 'type': 'PEAK', 'minuteMultiplier': 2}]}"
2026-03-01 09:35:34+09:00,507999513573368312,Outdoor Bike,1071,2026-03-01T09:35:34.000+09:00,921000,15,91,,0.255632,Mile,auto_detected,,,120.0,"[{'minutes': 0, 'caloriesOut': 6.16362, 'name': 'Out of Range', 'min': 30, 'max': 102}, {'minutes': 14, 'caloriesOut': 79.921606, 'name': 'Fat Burn', 'min': 103, 'max': 128}, {'minutes': 1, 'caloriesOut': 5.13635, 'name': 'Cardio', 'min': 129, 'max': 160}, {'minutes': 0, 'caloriesOut': 0.0, 'name': 'Peak', 'min': 161, 'max': 220}]","{'totalMinutes': 16, 'minutesInHeartRateZones': [{'minutes': 0, 'zoneName': 'Out of Range', 'order': 0, 'type': 'OUT_OF_ZONE', 'minuteMultiplier': 0}, {'minutes': 14, 'zoneName': 'Fat Burn', 'order': 1, 'type': 'FAT_BURN', 'minuteMultiplier': 1}, {'minutes': 1, 'zoneName': 'Cardio', 'order': 2, 'type': 'CARDIO', 'minuteMultiplier': 2}, {'minutes': 0, 'zoneName': 'Peak', 'order': 3, 'type': 'PEAK', 'minuteMultiplier': 2}]}"
2026-03-01 12:27:04+09:00,4517359014095040160,Outdoor Bike,1071,2026-03-01T12:27:04.000+09:00,1076000,17,90,,0.260789,Mile,auto_detected,,,106.0,"[{'minutes': 6, 'caloriesOut': 32.667186, 'name': 'Out of Range', 'min': 30, 'max': 102}, {'minutes': 11, 'caloriesOut': 57.424393, 'name': 'Fat Burn', 'min': 103, 'max': 128}, {'minutes': 0, 'caloriesOut': 0.0, 'name': 'Cardio', 'min': 129, 'max': 160}, {'minutes': 0, 'caloriesOut': 0.0, 'name': 'Peak', 'min': 161, 'max': 220}]","{'totalMinutes': 11, 'minutesInHeartRateZones': [{'minutes': 0, 'zoneName': 'Out of Range', 'order': 0, 'type': 'OUT_OF_ZONE', 'minuteMultiplier': 0}, {'minutes': 11, 'zoneName': 'Fat Burn', 'order': 1, 'type': 'FAT_BURN', 'minuteMultiplier': 1}, {'minutes': 0, 'zoneName': 'Cardio', 'order': 2, 'type': 'CARDIO', 'minuteMultiplier': 2}, {'minutes': 0, 'zoneName': 'Peak', 'order': 3, 'type': 'PEAK', 'minuteMultiplier': 2}]}"
2026-03-01 20:36:02+09:00,7810802815418158336,Outdoor Bike,1071,2026-03-01T20:36:02.000+09:00,1177000,19,50,,0.11775,Mile,auto_detected,,,84.0,"[{'minutes': 18, 'caloriesOut': 47.151693, 'name': 'Out of Range', 'min': 30, 'max': 102}, {'minutes': 1, 'caloriesOut': 3.287264, 'name': 'Fat Burn', 'min': 103, 'max': 128}, {'minutes': 0, 'caloriesOut': 0.0, 'name': 'Cardio', 'min': 129, 'max': 160}, {'minutes': 0, 'caloriesOut': 0.0, 'name': 'Peak', 'min': 161, 'max': 220}]","{'totalMinutes': 1, 'minutesInHeartRateZones': [{'minutes': 0, 'zoneName': 'Out of Range', 'order': 0, 'type': 'OUT_OF_ZONE', 'minuteMultiplier': 0}, {'minutes': 1, 'zoneName': 'Fat Burn', 'order': 1, 'type': 'FAT_BURN', 'minuteMultiplier': 1}, {'minutes': 0, 'zoneName': 'Cardio', 'order': 2, 'type': 'CARDIO', 'minuteMultiplier': 2}, {'minutes': 0, 'zoneName': 'Peak', 'order': 3, 'type': 'PEAK', 'minuteMultiplier': 2}]}"
2026-03-01 21:43:26+09:00,7671557697326220336,Outdoor Bike,1071,2026-03-01T21:43:26.000+09:00,1076000,17,36,,0.065493,Mile,auto_detected,,,75.0,"[{'minutes': 17, 'caloriesOut': 36.570812, 'name': 'Out of Range', 'min': 30, 'max': 102}, {'minutes': 0, 'caloriesOut': 0.0, 'name': 'Fat Burn', 'min': 103, 'max': 128}, {'minutes': 0, 'caloriesOut': 0.0, 'name': 'Cardio', 'min': 129, 'max': 160}, {'minutes': 0, 'caloriesOut': 0.0, 'name': 'Peak', 'min': 161, 'max': 220}]","{'totalMinutes': 0, 'minutesInHeartRateZones': [{'minutes': 0, 'zoneName': 'Out of Range', 'order': 0, 'type': 'OUT_OF_ZONE', 'minuteMultiplier': 0}, {'minutes': 0, 'zoneName': 'Fat Burn', 'order': 1, 'type': 'FAT_BURN', 'minuteMultiplier': 1}, {'minutes': 0, 'zoneName': 'Cardio', 'order': 2, 'type': 'CARDIO', 'minuteMultiplier': 2}, {'minutes': 0, 'zoneName': 'Peak', 'order': 3, 'type': 'PEAK', 'minuteMultiplier': 2}]}"
2026-03-02 10:16:04+09:00,3197847986953037720,Outdoor Bike,1071,2026-03-02T10:16:04.000+09:00,1536000,25,109,,0.322057,Mile,auto_detected,,,111.0,"[{'minutes': 4, 'caloriesOut': 10.683608, 'name': 'Out of Range', 'min': 30, 'max': 103}, {'minutes': 21, 'caloriesOut': 98.926101, 'name': 'Fat Burn', 'min': 104, 'max': 128}, {'minutes': 0, 'caloriesOut': 0.0, 'name': 'Cardio', 'min': 129, 'max': 160}, {'minutes': 0, 'caloriesOut': 0.0, 'name': 'Peak', 'min': 161, 'max': 220}]","{'totalMinutes': 21, 'minutesInHeartRateZones': [{'minutes': 0, 'zoneName': 'Out of Range', 'order': 0, 'type': 'OUT_OF_ZONE', 'minuteMultiplier': 0}, {'minutes': 21, 'zoneName': 'Fat Burn', 'order': 1, 'type': 'FAT_BURN', 'minuteMultiplier': 1}, {'minutes': 0, 'zoneName': 'Cardio', 'order': 2, 'type': 'CARDIO', 'minuteMultiplier': 2}, {'minutes': 0, 'zoneName': 'Peak', 'order': 3, 'type': 'PEAK', 'minuteMultiplier': 2}]}"
2026-03-02 17:37:11+09:00,2445305782699497816,Outdoor Bike,1071,2026-03-02T17:37:11.000+09:00,1588000,26,117,,0.271229,Mile,auto_detected,,,102.0,"[{'minutes': 14, 'caloriesOut': 72.114354, 'name': 'Out of Range', 'min': 30, 'max': 103}, {'minutes': 12, 'caloriesOut': 45.405334, 'name': 'Fat Burn', 'min': 104, 'max': 128}, {'minutes': 0, 'caloriesOut': 0.0, 'name': 'Cardio', 'min': 129, 'max': 160}, {'minutes': 0, 'caloriesOut': 0.0, 'name': 'Peak', 'min': 161, 'max': 220}]","{'totalMinutes': 12, 'minutesInHeartRateZones': [{'minutes': 0, 'zoneName': 'Out of Range', 'order': 0, 'type': 'OUT_OF_ZONE', 'minuteMultiplier': 0}, {'minutes': 12, 'zoneName': 'Fat Burn', 'order': 1, 'type': 'FAT_BURN', 'minuteMultiplier': 1}, {'minutes': 0, 'zoneName': 'Cardio', 'order': 2, 'type': 'CARDIO', 'minuteMultiplier': 2}, {'minutes': 0, 'zoneName': 'Peak', 'order': 3, 'type': 'PEAK', 'minuteMultiplier': 2}]}"
2026-03-03 07:47:06+09:00,8810169152593356176,Walk,90013,2026-03-03T07:47:06.000+09:00,665000,11,57,875.0,0.379285,Mile,auto_detected,,,89.0,"[{'minutes': 11, 'caloriesOut': 57.629847, 'name': 'Out of Range', 'min': 30, 'max': 103}, {'minutes': 0, 'caloriesOut': 0.0, 'name': 'Fat Burn', 'min': 104, 'max': 129}, {'minutes': 0, 'caloriesOut': 0.0, 'name': 'Cardio', 'min': 130, 'max': 160}, {'minutes': 0, 'caloriesOut': 0.0, 'name': 'Peak', 'min': 161, 'max': 220}]","{'totalMinutes': 0, 'minutesInHeartRateZones': [{'minutes': 0, 'zoneName': 'Out of Range', 'order': 0, 'type': 'OUT_OF_ZONE', 'minuteMultiplier': 0}, {'minutes': 0, 'zoneName': 'Fat Burn', 'order': 1, 'type': 'FAT_BURN', 'minuteMultiplier': 1}, {'minutes': 0, 'zoneName': 'Cardio', 'order': 2, 'type': 'CARDIO', 'minuteMultiplier': 2}, {'minutes': 0, 'zoneName': 'Peak', 'order': 3, 'type': 'PEAK', 'minuteMultiplier': 2}]}"
2026-03-03 16:48:36+09:00,8254477962760901872,Weights,2131,2026-03-03T16:48:36.000+09:00,11040000,184,410,1413.0,,,tracker,,,82.0,"[{'minutes': 172, 'caloriesOut': 352.148156, 'name': 'Out of Range', 'min': 30, 'max': 103}, {'minutes': 12, 'caloriesOut': 58.55439, 'name': 'Fat Burn', 'min': 104, 'max': 129}, {'minutes': 0, 'caloriesOut': 0.0, 'name': 'Cardio', 'min': 130, 'max': 160}, {'minutes': 0, 'caloriesOut': 0.0, 'name': 'Peak', 'min': 161, 'max': 220}]","{'totalMinutes': 12, 'minutesInHeartRateZones': [{'minutes': 0, 'zoneName': 'Out of Range', 'order': 0, 'type': 'OUT_OF_ZONE', 'minuteMultiplier': 0}, {'minutes': 12, 'zoneName': 'Fat Burn', 'order': 1, 'type': 'FAT_BURN', 'minuteMultiplier': 1}, {'minutes': 0, 'zoneName': 'Cardio', 'order': 2, 'type': 'CARDIO', 'minuteMultiplier': 2}, {'minutes': 0, 'zoneName': 'Peak', 'order': 3, 'type': 'PEAK', 'minuteMultiplier': 2}]}"
2026-03-03 20:11:11+09:00,3619189214782601368,Walk,90013,2026-03-03T20:11:11.000+09:00,614000,10,57,918.0,0.410105,Mile,auto_detected,,,88.0,"[{'minutes': 10, 'caloriesOut': 57.321666, 'name': 'Out of Range', 'min': 30, 'max': 103}, {'minutes': 0, 'caloriesOut': 0.0, 'name': 'Fat Burn', 'min': 104, 'max': 129}, {'minutes': 0, 'caloriesOut': 0.0, 'name': 'Cardio', 'min': 130, 'max': 160}, {'minutes': 0, 'caloriesOut': 0.0, 'name': 'Peak', 'min': 161, 'max': 220}]","{'totalMinutes': 0, 'minutesInHeartRateZones': [{'minutes': 0, 'zoneName': 'Out of Range', 'order': 0, 'type': 'OUT_OF_ZONE', 'minuteMultiplier': 0}, {'minutes': 0, 'zoneName': 'Fat Burn', 'order': 1, 'type': 'FAT_BURN', 'minuteMultiplier': 1}, {'minutes': 0, 'zoneName': 'Cardio', 'order': 2, 'type': 'CARDIO', 'minuteMultiplier': 2}, {'minutes': 0, 'zoneName': 'Peak', 'order': 3, 'type': 'PEAK', 'minuteMultiplier': 2}]}"
2026-03-04 07:08:13+09:00,2073904130647729120,Outdoor Bike,1071,2026-03-04T07:08:13.000+09:00,1127000,18,65,,0.25818,Mile,auto_detected,,,97.0,"[{'minutes': 12, 'caloriesOut': 43.658975, 'name': 'Out of Range', 'min': 30, 'max': 104}, {'minutes': 6, 'caloriesOut': 21.778124, 'name': 'Fat Burn', 'min': 105, 'max': 129}, {'minutes': 0, 'caloriesOut': 0.0, 'name': 'Cardio', 'min': 130, 'max': 161}, {'minutes': 0, 'caloriesOut': 0.0, 'name': 'Peak', 'min': 162, 'max': 220}]","{'totalMinutes': 6, 'minutesInHeartRateZones': [{'minutes': 0, 'zoneName': 'Out of Range', 'order': 0, 'type': 'OUT_OF_ZONE', 'minuteMultiplier': 0}, {'minutes': 6, 'zoneName': 'Fat Burn', 'order': 1, 'type': 'FAT_BURN', 'minuteMultiplier': 1}, {'minutes': 0, 'zoneName': 'Cardio', 'order': 2, 'type': 'CARDIO', 'minuteMultiplier': 2}, {'minutes': 0, 'zoneName': 'Peak', 'order': 3, 'type': 'PEAK', 'minuteMultiplier': 2}]}"
2026-03-05 07:21:22+09:00,6627470074938346800,Outdoor Bike,1071,2026-03-05T07:21:22.000+09:00,973000,16,80,,0.322616,Mile,auto_detected,,,107.0,"[{'minutes': 7, 'caloriesOut': 38.625352, 'name': 'Out of Range', 'min': 30, 'max': 104}, {'minutes': 9, 'caloriesOut': 42.220797, 'name': 'Fat Burn', 'min': 105, 'max': 129}, {'minutes': 0, 'caloriesOut': 0.0, 'name': 'Cardio', 'min': 130, 'max': 161}, {'minutes': 0, 'caloriesOut': 0.0, 'name': 'Peak', 'min': 162, 'max': 220}]","{'totalMinutes': 9, 'minutesInHeartRateZones': [{'minutes': 0, 'zoneName': 'Out of Range', 'order': 0, 'type': 'OUT_OF_ZONE', 'minuteMultiplier': 0}, {'minutes': 9, 'zoneName': 'Fat Burn', 'order': 1, 'type': 'FAT_BURN', 'minuteMultiplier': 1}, {'minutes': 0, 'zoneName': 'Cardio', 'order': 2, 'type': 'CARDIO', 'minuteMultiplier': 2}, {'minutes': 0, 'zoneName': 'Peak', 'order': 3, 'type': 'PEAK', 'minuteMultiplier': 2}]}"
2026-03-05 09:17:24+09:00,4209942098068061824,Outdoor Bike,1071,2026-03-05T09:17:24.000+09:00,7681000,128,645,,2.293854,Mile,auto_detected,,,116.0,"[{'minutes': 7, 'caloriesOut': 38.830806, 'name': 'Out of Range', 'min': 30, 'max': 104}, {'minutes': 115, 'caloriesOut': 577.942102, 'name': 'Fat Burn', 'min': 105, 'max': 129}, {'minutes': 6, 'caloriesOut': 28.76356, 'name': 'Cardio', 'min': 130, 'max': 161}, {'minutes': 0, 'caloriesOut': 0.0, 'name': 'Peak', 'min': 162, 'max': 220}]","{'totalMinutes': 127, 'minutesInHeartRateZones': [{'minutes': 0, 'zoneName': 'Out of Range', 'order': 0, 'type': 'OUT_OF_ZONE', 'minuteMultiplier': 0}, {'minutes': 115, 'zoneName': 'Fat Burn', 'order': 1, 'type': 'FAT_BURN', 'minuteMultiplier': 1}, {'minutes': 6, 'zoneName': 'Cardio', 'order': 2, 'type': 'CARDIO', 'minuteMultiplier': 2}, {'minutes': 0, 'zoneName': 'Peak', 'order': 3, 'type': 'PEAK', 'minuteMultiplier': 2}]}"
2026-03-05 17:16:08+09:00,258377313965222480,Outdoor Bike,1071,2026-03-05T17:16:08.000+09:00,5620000,93,534,,1.789673,Mile,auto_detected,,,130.0,"[{'minutes': 3, 'caloriesOut': 15.511777, 'name': 'Out of Range', 'min': 30, 'max': 104}, {'minutes': 49, 'caloriesOut': 277.260173, 'name': 'Fat Burn', 'min': 105, 'max': 129}, {'minutes': 41, 'caloriesOut': 242.127539, 'name': 'Cardio', 'min': 130, 'max': 161}, {'minutes': 0, 'caloriesOut': 0.0, 'name': 'Peak', 'min': 162, 'max': 220}]","{'totalMinutes': 131, 'minutesInHeartRateZones': [{'minutes': 0, 'zoneName': 'Out of Range', 'order': 0, 'type': 'OUT_OF_ZONE', 'minuteMultiplier': 0}, {'minutes': 49, 'zoneName': 'Fat Burn', 'order': 1, 'type': 'FAT_BURN', 'minuteMultiplier': 1}, {'minutes': 41, 'zoneName': 'Cardio', 'order': 2, 'type': 'CARDIO', 'minuteMultiplier': 2}, {'minutes': 0, 'zoneName': 'Peak', 'order': 3, 'type': 'PEAK', 'minuteMultiplier': 2}]}"
2026-03-06 07:03:00+09:00,4320573437165571088,Outdoor Bike,1071,2026-03-06T07:03:00.000+09:00,1684000,28,122,,0.54283,Mile,auto_detected,,,91.0,"[{'minutes': 27, 'caloriesOut': 116.903326, 'name': 'Out of Range', 'min': 30, 'max': 105}, {'minutes': 1, 'caloriesOut': 5.13635, 'name': 'Fat Burn', 'min': 106, 'max': 130}, {'minutes': 0, 'caloriesOut': 0.0, 'name': 'Cardio', 'min': 131, 'max': 161}, {'minutes': 0, 'caloriesOut': 0.0, 'name': 'Peak', 'min': 162, 'max': 220}]","{'totalMinutes': 1, 'minutesInHeartRateZones': [{'minutes': 0, 'zoneName': 'Out of Range', 'order': 0, 'type': 'OUT_OF_ZONE', 'minuteMultiplier': 0}, {'minutes': 1, 'zoneName': 'Fat Burn', 'order': 1, 'type': 'FAT_BURN', 'minuteMultiplier': 1}, {'minutes': 0, 'zoneName': 'Cardio', 'order': 2, 'type': 'CARDIO', 'minuteMultiplier': 2}, {'minutes': 0, 'zoneName': 'Peak', 'order': 3, 'type': 'PEAK', 'minuteMultiplier': 2}]}"
2026-03-07 07:03:22+09:00,398535305670855776,Outdoor Bike,1071,2026-03-07T07:03:22.000+09:00,973000,16,51,,0.131606,Mile,auto_detected,,,91.0,"[{'minutes': 15, 'caloriesOut': 49.103506, 'name': 'Out of Range', 'min': 30, 'max': 104}, {'minutes': 1, 'caloriesOut': 2.670902, 'name': 'Fat Burn', 'min': 105, 'max': 129}, {'minutes': 0, 'caloriesOut': 0.0, 'name': 'Cardio', 'min': 130, 'max': 161}, {'minutes': 0, 'caloriesOut': 0.0, 'name': 'Peak', 'min': 162, 'max': 220}]","{'totalMinutes': 1, 'minutesInHeartRateZones': [{'minutes': 0, 'zoneName': 'Out of Range', 'order': 0, 'type': 'OUT_OF_ZONE', 'minuteMultiplier': 0}, {'minutes': 1, 'zoneName': 'Fat Burn', 'order': 1, 'type': 'FAT_BURN', 'minuteMultiplier': 1}, {'minutes': 0, 'zoneName': 'Cardio', 'order': 2, 'type': 'CARDIO', 'minuteMultiplier': 2}, {'minutes': 0, 'zoneName': 'Peak', 'order': 3, 'type': 'PEAK', 'minuteMultiplier': 2}]}"
2026-03-07 08:40:38+09:00,3048655806095668432,Outdoor Bike,1071,2026-03-07T08:40:38.000+09:00,1024000,17,75,,0.34511,Mile,auto_detected,,,94.0,"[{'minutes': 16, 'caloriesOut': 70.059814, 'name': 'Out of Range', 'min': 30, 'max': 104}, {'minutes': 1, 'caloriesOut': 5.13635, 'name': 'Fat Burn', 'min': 105, 'max': 129}, {'minutes': 0, 'caloriesOut': 0.0, 'name': 'Cardio', 'min': 130, 'max': 161}, {'minutes': 0, 'caloriesOut': 0.0, 'name': 'Peak', 'min': 162, 'max': 220}]","{'totalMinutes': 1, 'minutesInHeartRateZones': [{'minutes': 0, 'zoneName': 'Out of Range', 'order': 0, 'type': 'OUT_OF_ZONE', 'minuteMultiplier': 0}, {'minutes': 1, 'zoneName': 'Fat Burn', 'order': 1, 'type': 'FAT_BURN', 'minuteMultiplier': 1}, {'minutes': 0, 'zoneName': 'Cardio', 'order': 2, 'type': 'CARDIO', 'minuteMultiplier': 2}, {'minutes': 0, 'zoneName': 'Peak', 'order': 3, 'type': 'PEAK', 'minuteMultiplier': 2}]}"
2026-03-07 13:23:04+09:00,7439674047208653848,Outdoor Bike,1071,2026-03-07T13:23:04.000+09:00,1024000,17,58,,0.216424,Mile,auto_detected,,,99.0,"[{'minutes': 12, 'caloriesOut': 41.296254, 'name': 'Out of Range', 'min': 30, 'max': 104}, {'minutes': 5, 'caloriesOut': 16.744501, 'name': 'Fat Burn', 'min': 105, 'max': 129}, {'minutes': 0, 'caloriesOut': 0.0, 'name': 'Cardio', 'min': 130, 'max': 161}, {'minutes': 0, 'caloriesOut': 0.0, 'name': 'Peak', 'min': 162, 'max': 220}]","{'totalMinutes': 5, 'minutesInHeartRateZones': [{'minutes': 0, 'zoneName': 'Out of Range', 'order': 0, 'type': 'OUT_OF_ZONE', 'minuteMultiplier': 0}, {'minutes': 5, 'zoneName': 'Fat Burn', 'order': 1, 'type': 'FAT_BURN', 'minuteMultiplier': 1}, {'minutes': 0, 'zoneName': 'Cardio', 'order': 2, 'type': 'CARDIO', 'minuteMultiplier': 2}, {'minutes': 0, 'zoneName': 'Peak', 'order': 3, 'type': 'PEAK', 'minuteMultiplier': 2}]}"
2026-03-07 20:06:40+09:00,1289149533648971464,Outdoor Bike,1071,2026-03-07T20:06:40.000+09:00,871000,14,38,,0.069034,Mile,auto_detected,,,82.0,"[{'minutes': 14, 'caloriesOut': 38.111717, 'name': 'Out of Range', 'min': 30, 'max': 104}, {'minutes': 0, 'caloriesOut': 0.0, 'name': 'Fat Burn', 'min': 105, 'max': 129}, {'minutes': 0, 'caloriesOut': 0.0, 'name': 'Cardio', 'min': 130, 'max': 161}, {'minutes': 0, 'caloriesOut': 0.0, 'name': 'Peak', 'min': 162, 'max': 220}]","{'totalMinutes': 0, 'minutesInHeartRateZones': [{'minutes': 0, 'zoneName': 'Out of Range', 'order': 0, 'type': 'OUT_OF_ZONE', 'minuteMultiplier': 0}, {'minutes': 0, 'zoneName': 'Fat Burn', 'order': 1, 'type': 'FAT_BURN', 'minuteMultiplier': 1}, {'minutes': 0, 'zoneName': 'Cardio', 'order': 2, 'type': 'CARDIO', 'minuteMultiplier': 2}, {'minutes': 0, 'zoneName': 'Peak', 'order': 3, 'type': 'PEAK', 'minuteMultiplier': 2}]}"
2026-03-08 09:19:23+09:00,3288305970519282384,Outdoor Bike,1071,2026-03-08T09:19:23.000+09:00,819000,13,62,,0.275702,Mile,auto_detected,,,98.0,"[{'minutes': 12, 'caloriesOut': 57.938028, 'name': 'Out of Range', 'min': 30, 'max': 105}, {'minutes': 1, 'caloriesOut': 4.930896, 'name': 'Fat Burn', 'min': 106, 'max': 130}, {'minutes': 0, 'caloriesOut': 0.0, 'name': 'Cardio', 'min': 131, 'max': 161}, {'minutes': 0, 'caloriesOut': 0.0, 'name': 'Peak', 'min': 162, 'max': 220}]","{'totalMinutes': 1, 'minutesInHeartRateZones': [{'minutes': 0, 'zoneName': 'Out of Range', 'order': 0, 'type': 'OUT_OF_ZONE', 'minuteMultiplier': 0}, {'minutes': 1, 'zoneName': 'Fat Burn', 'order': 1, 'type': 'FAT_BURN', 'minuteMultiplier': 1}, {'minutes': 0, 'zoneName': 'Cardio', 'order': 2, 'type': 'CARDIO', 'minuteMultiplier': 2}, {'minutes': 0, 'zoneName': 'Peak', 'order': 3, 'type': 'PEAK', 'minuteMultiplier': 2}]}"
2026-03-08 14:28:17+09:00,7039363496543689600,Outdoor Bike,1071,2026-03-08T14:28:17.000+09:00,13107000,218,1209,,5.303403,Mile,auto_detected,,,111.0,"[{'minutes': 61, 'caloriesOut': 328.418219, 'name': 'Out of Range', 'min': 30, 'max': 105}, {'minutes': 150, 'caloriesOut': 834.14324, 'name': 'Fat Burn', 'min': 106, 'max': 130}, {'minutes': 7, 'caloriesOut': 46.638058, 'name': 'Cardio', 'min': 131, 'max': 161}, {'minutes': 0, 'caloriesOut': 0.0, 'name': 'Peak', 'min': 162, 'max': 220}]","{'totalMinutes': 164, 'minutesInHeartRateZones': [{'minutes': 0, 'zoneName': 'Out of Range', 'order': 0, 'type': 'OUT_OF_ZONE', 'minuteMultiplier': 0}, {'minutes': 150, 'zoneName': 'Fat Burn', 'order': 1, 'type': 'FAT_BURN', 'minuteMultiplier': 1}, {'minutes': 7, 'zoneName': 'Cardio', 'order': 2, 'type': 'CARDIO', 'minuteMultiplier': 2}, {'minutes': 0, 'zoneName': 'Peak', 'order': 3, 'type': 'PEAK', 'minuteMultiplier': 2}]}"
2026-03-09 06:58:07+09:00,8174707810519413512,Outdoor Bike,1071,2026-03-09T06:58:07.000+09:00,1637000,27,133,,0.437507,Mile,auto_detected,,,102.0,"[{'minutes': 21, 'caloriesOut': 101.391549, 'name': 'Out of Range', 'min': 30, 'max': 104}, {'minutes': 6, 'caloriesOut': 32.359005, 'name': 'Fat Burn', 'min': 105, 'max': 129}, {'minutes': 0, 'caloriesOut': 0.0, 'name': 'Cardio', 'min': 130, 'max': 161}, {'minutes': 0, 'caloriesOut': 0.0, 'name': 'Peak', 'min': 162, 'max': 220}]","{'totalMinutes': 6, 'minutesInHeartRateZones': [{'minutes': 0, 'zoneName': 'Out of Range', 'order': 0, 'type': 'OUT_OF_ZONE', 'minuteMultiplier': 0}, {'minutes': 6, 'zoneName': 'Fat Burn', 'order': 1, 'type': 'FAT_BURN', 'minuteMultiplier': 1}, {'minutes': 0, 'zoneName': 'Cardio', 'order': 2, 'type': 'CARDIO', 'minuteMultiplier': 2}, {'minutes': 0, 'zoneName': 'Peak', 'order': 3, 'type': 'PEAK', 'minuteMultiplier': 2}]}"
2026-03-09 18:05:48+09:00,1416781110666354912,Outdoor Bike,1071,2026-03-09T18:05:48.000+09:00,1128000,18,61,,0.222451,Mile,auto_detected,,,91.0,"[{'minutes': 17, 'caloriesOut': 58.451663, 'name': 'Out of Range', 'min': 30, 'max': 104}, {'minutes': 1, 'caloriesOut': 3.287264, 'name': 'Fat Burn', 'min': 105, 'max': 129}, {'minutes': 0, 'caloriesOut': 0.0, 'name': 'Cardio', 'min': 130, 'max': 161}, {'minutes': 0, 'caloriesOut': 0.0, 'name': 'Peak', 'min': 162, 'max': 220}]","{'totalMinutes': 1, 'minutesInHeartRateZones': [{'minutes': 0, 'zoneName': 'Out of Range', 'order': 0, 'type': 'OUT_OF_ZONE', 'minuteMultiplier': 0}, {'minutes': 1, 'zoneName': 'Fat Burn', 'order': 1, 'type': 'FAT_BURN', 'minuteMultiplier': 1}, {'minutes': 0, 'zoneName': 'Cardio', 'order': 2, 'type': 'CARDIO', 'minuteMultiplier': 2}, {'minutes': 0, 'zoneName': 'Peak', 'order': 3, 'type': 'PEAK', 'minuteMultiplier': 2}]}"
2026-03-09 19:14:05+09:00,3383311748844258048,Outdoor Bike,1071,2026-03-09T19:14:05.000+09:00,666000,11,29,,0.048716,Mile,auto_detected,,,87.0,"[{'minutes': 11, 'caloriesOut': 29.379922, 'name': 'Out of Range', 'min': 30, 'max': 104}, {'minutes': 0, 'caloriesOut': 0.0, 'name': 'Fat Burn', 'min': 105, 'max': 129}, {'minutes': 0, 'caloriesOut': 0.0, 'name': 'Cardio', 'min': 130, 'max': 161}, {'minutes': 0, 'caloriesOut': 0.0, 'name': 'Peak', 'min': 162, 'max': 220}]","{'totalMinutes': 0, 'minutesInHeartRateZones': [{'minutes': 0, 'zoneName': 'Out of Range', 'order': 0, 'type': 'OUT_OF_ZONE', 'minuteMultiplier': 0}, {'minutes': 0, 'zoneName': 'Fat Burn', 'order': 1, 'type': 'FAT_BURN', 'minuteMultiplier': 1}, {'minutes': 0, 'zoneName': 'Cardio', 'order': 2, 'type': 'CARDIO', 'minuteMultiplier': 2}, {'minutes': 0, 'zoneName': 'Peak', 'order': 3, 'type': 'PEAK', 'minuteMultiplier': 2}]}"
2026-03-10 07:02:16+09:00,4505870161081986600,Outdoor Bike,1071,2026-03-10T07:02:16.000+09:00,1485000,24,99,,0.247244,Mile,auto_detected,,,98.0,"[{'minutes': 18, 'caloriesOut': 70.778903, 'name': 'Out of Range', 'min': 30, 'max': 103}, {'minutes': 6, 'caloriesOut': 28.866287, 'name': 'Fat Burn', 'min': 104, 'max': 128}, {'minutes': 0, 'caloriesOut': 0.0, 'name': 'Cardio', 'min': 129, 'max': 160}, {'minutes': 0, 'caloriesOut': 0.0, 'name': 'Peak', 'min': 161, 'max': 220}]","{'totalMinutes': 6, 'minutesInHeartRateZones': [{'minutes': 0, 'zoneName': 'Out of Range', 'order': 0, 'type': 'OUT_OF_ZONE', 'minuteMultiplier': 0}, {'minutes': 6, 'zoneName': 'Fat Burn', 'order': 1, 'type': 'FAT_BURN', 'minuteMultiplier': 1}, {'minutes': 0, 'zoneName': 'Cardio', 'order': 2, 'type': 'CARDIO', 'minuteMultiplier': 2}, {'minutes': 0, 'zoneName': 'Peak', 'order': 3, 'type': 'PEAK', 'minuteMultiplier': 2}]}"
2026-03-10 17:07:19+09:00,8278681197614428072,Weights,2131,2026-03-10T17:07:19.000+09:00,1338000,22,105,253.0,,,tracker,,,95.0,"[{'minutes': 15, 'caloriesOut': 74.682529, 'name': 'Out of Range', 'min': 30, 'max': 103}, {'minutes': 7, 'caloriesOut': 30.407192, 'name': 'Fat Burn', 'min': 104, 'max': 128}, {'minutes': 0, 'caloriesOut': 0.0, 'name': 'Cardio', 'min': 129, 'max': 160}, {'minutes': 0, 'caloriesOut': 0.0, 'name': 'Peak', 'min': 161, 'max': 220}]","{'totalMinutes': 7, 'minutesInHeartRateZones': [{'minutes': 0, 'zoneName': 'Out of Range', 'order': 0, 'type': 'OUT_OF_ZONE', 'minuteMultiplier': 0}, {'minutes': 7, 'zoneName': 'Fat Burn', 'order': 1, 'type': 'FAT_BURN', 'minuteMultiplier': 1}, {'minutes': 0, 'zoneName': 'Cardio', 'order': 2, 'type': 'CARDIO', 'minuteMultiplier': 2}, {'minutes': 0, 'zoneName': 'Peak', 'order': 3, 'type': 'PEAK', 'minuteMultiplier': 2}]}"
2026-03-10 18:56:33+09:00,1186969099164535648,Outdoor Bike,1071,2026-03-10T18:56:33.000+09:00,1024000,17,68,,0.189829,Mile,auto_detected,,,103.0,"[{'minutes': 12, 'caloriesOut': 50.233503, 'name': 'Out of Range', 'min': 30, 'max': 103}, {'minutes': 4, 'caloriesOut': 14.689961, 'name': 'Fat Burn', 'min': 104, 'max': 128}, {'minutes': 1, 'caloriesOut': 3.287264, 'name': 'Cardio', 'min': 129, 'max': 160}, {'minutes': 0, 'caloriesOut': 0.0, 'name': 'Peak', 'min': 161, 'max': 220}]","{'totalMinutes': 6, 'minutesInHeartRateZones': [{'minutes': 0, 'zoneName': 'Out of Range', 'order': 0, 'type': 'OUT_OF_ZONE', 'minuteMultiplier': 0}, {'minutes': 4, 'zoneName': 'Fat Burn', 'order': 1, 'type': 'FAT_BURN', 'minuteMultiplier': 1}, {'minutes': 1, 'zoneName': 'Cardio', 'order': 2, 'type': 'CARDIO', 'minuteMultiplier': 2}, {'minutes': 0, 'zoneName': 'Peak', 'order': 3, 'type': 'PEAK', 'minuteMultiplier': 2}]}"
2026-03-10 19:29:49+09:00,5449905201987729752,Outdoor Bike,1071,2026-03-10T19:29:49.000+09:00,1115000,18,58,,0.114892,Mile,auto_detected,,,97.0,"[{'minutes': 17, 'caloriesOut': 56.294396, 'name': 'Out of Range', 'min': 30, 'max': 103}, {'minutes': 1, 'caloriesOut': 2.670902, 'name': 'Fat Burn', 'min': 104, 'max': 128}, {'minutes': 0, 'caloriesOut': 0.0, 'name': 'Cardio', 'min': 129, 'max': 160}, {'minutes': 0, 'caloriesOut': 0.0, 'name': 'Peak', 'min': 161, 'max': 220}]","{'totalMinutes': 1, 'minutesInHeartRateZones': [{'minutes': 0, 'zoneName': 'Out of Range', 'order': 0, 'type': 'OUT_OF_ZONE', 'minuteMultiplier': 0}, {'minutes': 1, 'zoneName': 'Fat Burn', 'order': 1, 'type': 'FAT_BURN', 'minuteMultiplier': 1}, {'minutes': 0, 'zoneName': 'Cardio', 'order': 2, 'type': 'CARDIO', 'minuteMultiplier': 2}, {'minutes': 0, 'zoneName': 'Peak', 'order': 3, 'type': 'PEAK', 'minuteMultiplier': 2}]}"
2026-03-11 07:22:20+09:00,7142162869426295712,Outdoor Bike,1071,2026-03-11T07:22:20.000+09:00,1741000,29,103,,0.373071,Mile,auto_detected,,,93.0,"[{'minutes': 27, 'caloriesOut': 91.632484, 'name': 'Out of Range', 'min': 30, 'max': 103}, {'minutes': 2, 'caloriesOut': 11.505424, 'name': 'Fat Burn', 'min': 104, 'max': 129}, {'minutes': 0, 'caloriesOut': 0.0, 'name': 'Cardio', 'min': 130, 'max': 160}, {'minutes': 0, 'caloriesOut': 0.0, 'name': 'Peak', 'min': 161, 'max': 220}]","{'totalMinutes': 2, 'minutesInHeartRateZones': [{'minutes': 0, 'zoneName': 'Out of Range', 'order': 0, 'type': 'OUT_OF_ZONE', 'minuteMultiplier': 0}, {'minutes': 2, 'zoneName': 'Fat Burn', 'order': 1, 'type': 'FAT_BURN', 'minuteMultiplier': 1}, {'minutes': 0, 'zoneName': 'Cardio', 'order': 2, 'type': 'CARDIO', 'minuteMultiplier': 2}, {'minutes': 0, 'zoneName': 'Peak', 'order': 3, 'type': 'PEAK', 'minuteMultiplier': 2}]}"
2026-03-11 16:25:00+09:00,8836547258439722584,Walk,90013,2026-03-11T16:25:00.000+09:00,973000,16,100,1535.0,0.662133,Mile,auto_detected,,,86.0,"[{'minutes': 16, 'caloriesOut': 100.877914, 'name': 'Out of Range', 'min': 30, 'max': 103}, {'minutes': 0, 'caloriesOut': 0.0, 'name': 'Fat Burn', 'min': 104, 'max': 129}, {'minutes': 0, 'caloriesOut': 0.0, 'name': 'Cardio', 'min': 130, 'max': 160}, {'minutes': 0, 'caloriesOut': 0.0, 'name': 'Peak', 'min': 161, 'max': 220}]","{'totalMinutes': 0, 'minutesInHeartRateZones': [{'minutes': 0, 'zoneName': 'Out of Range', 'order': 0, 'type': 'OUT_OF_ZONE', 'minuteMultiplier': 0}, {'minutes': 0, 'zoneName': 'Fat Burn', 'order': 1, 'type': 'FAT_BURN', 'minuteMultiplier': 1}, {'minutes': 0, 'zoneName': 'Cardio', 'order': 2, 'type': 'CARDIO', 'minuteMultiplier': 2}, {'minutes': 0, 'zoneName': 'Peak', 'order': 3, 'type': 'PEAK', 'minuteMultiplier': 2}]}"
2026-03-11 19:58:21+09:00,1699445912386106096,Outdoor Bike,1071,2026-03-11T19:58:21.000+09:00,1215000,20,80,,0.201821,Mile,auto_detected,,,106.0,"[{'minutes': 12, 'caloriesOut': 39.858076, 'name': 'Out of Range', 'min': 30, 'max': 103}, {'minutes': 5, 'caloriesOut': 22.59994, 'name': 'Fat Burn', 'min': 104, 'max': 129}, {'minutes': 3, 'caloriesOut': 17.566317, 'name': 'Cardio', 'min': 130, 'max': 160}, {'minutes': 0, 'caloriesOut': 0.0, 'name': 'Peak', 'min': 161, 'max': 220}]","{'totalMinutes': 11, 'minutesInHeartRateZones': [{'minutes': 0, 'zoneName': 'Out of Range', 'order': 0, 'type': 'OUT_OF_ZONE', 'minuteMultiplier': 0}, {'minutes': 5, 'zoneName': 'Fat Burn', 'order': 1, 'type': 'FAT_BURN', 'minuteMultiplier': 1}, {'minutes': 3, 'zoneName': 'Cardio', 'order': 2, 'type': 'CARDIO', 'minuteMultiplier': 2}, {'minutes': 0, 'zoneName': 'Peak', 'order': 3, 'type': 'PEAK', 'minuteMultiplier': 2}]}"
2026-03-12 06:55:23+09:00,637523076477772480,Outdoor Bike,1071,2026-03-12T06:55:23.000+09:00,1331000,22,74,,0.218163,Mile,auto_detected,,,95.0,"[{'minutes': 20, 'caloriesOut': 66.053461, 'name': 'Out of Range', 'min': 30, 'max': 103}, {'minutes': 2, 'caloriesOut': 8.834522, 'name': 'Fat Burn', 'min': 104, 'max': 129}, {'minutes': 0, 'caloriesOut': 0.0, 'name': 'Cardio', 'min': 130, 'max': 160}, {'minutes': 0, 'caloriesOut': 0.0, 'name': 'Peak', 'min': 161, 'max': 220}]","{'totalMinutes': 2, 'minutesInHeartRateZones': [{'minutes': 0, 'zoneName': 'Out of Range', 'order': 0, 'type': 'OUT_OF_ZONE', 'minuteMultiplier': 0}, {'minutes': 2, 'zoneName': 'Fat Burn', 'order': 1, 'type': 'FAT_BURN', 'minuteMultiplier': 1}, {'minutes': 0, 'zoneName': 'Cardio', 'order': 2, 'type': 'CARDIO', 'minuteMultiplier': 2}, {'minutes': 0, 'zoneName': 'Peak', 'order': 3, 'type': 'PEAK', 'minuteMultiplier': 2}]}"
2026-03-12 20:20:04+09:00,6246843980409865904,Outdoor Bike,1071,2026-03-12T20:20:04.000+09:00,1484000,24,90,,0.290802,Mile,auto_detected,,,92.0,"[{'minutes': 24, 'caloriesOut': 90.605214, 'name': 'Out of Range', 'min': 30, 'max': 103}, {'minutes': 0, 'caloriesOut': 0.0, 'name': 'Fat Burn', 'min': 104, 'max': 129}, {'minutes': 0, 'caloriesOut': 0.0, 'name': 'Cardio', 'min': 130, 'max': 160}, {'minutes': 0, 'caloriesOut': 0.0, 'name': 'Peak', 'min': 161, 'max': 220}]","{'totalMinutes': 0, 'minutesInHeartRateZones': [{'minutes': 0, 'zoneName': 'Out of Range', 'order': 0, 'type': 'OUT_OF_ZONE', 'minuteMultiplier': 0}, {'minutes': 0, 'zoneName': 'Fat Burn', 'order': 1, 'type': 'FAT_BURN', 'minuteMultiplier': 1}, {'minutes': 0, 'zoneName': 'Cardio', 'order': 2, 'type': 'CARDIO', 'minuteMultiplier': 2}, {'minutes': 0, 'zoneName': 'Peak', 'order': 3, 'type': 'PEAK', 'minuteMultiplier': 2}]}"
2026-03-13 07:01:45+09:00,2458103730357522496,Outdoor Bike,1071,2026-03-13T07:01:45.000+09:00,1126000,18,73,,0.240222,Mile,auto_detected,,,102.0,"[{'minutes': 14, 'caloriesOut': 54.034402, 'name': 'Out of Range', 'min': 30, 'max': 105}, {'minutes': 4, 'caloriesOut': 19.415403, 'name': 'Fat Burn', 'min': 106, 'max': 130}, {'minutes': 0, 'caloriesOut': 0.0, 'name': 'Cardio', 'min': 131, 'max': 161}, {'minutes': 0, 'caloriesOut': 0.0, 'name': 'Peak', 'min': 162, 'max': 220}]","{'totalMinutes': 4, 'minutesInHeartRateZones': [{'minutes': 0, 'zoneName': 'Out of Range', 'order': 0, 'type': 'OUT_OF_ZONE', 'minuteMultiplier': 0}, {'minutes': 4, 'zoneName': 'Fat Burn', 'order': 1, 'type': 'FAT_BURN', 'minuteMultiplier': 1}, {'minutes': 0, 'zoneName': 'Cardio', 'order': 2, 'type': 'CARDIO', 'minuteMultiplier': 2}, {'minutes': 0, 'zoneName': 'Peak', 'order': 3, 'type': 'PEAK', 'minuteMultiplier': 2}]}"
2026-03-13 16:56:39+09:00,2356244470110063000,Weights,2131,2026-03-13T16:56:39.000+09:00,1359000,22,98,214.0,,,tracker,,,98.0,"[{'minutes': 19, 'caloriesOut': 89.167036, 'name': 'Out of Range', 'min': 30, 'max': 105}, {'minutes': 3, 'caloriesOut': 8.834522, 'name': 'Fat Burn', 'min': 106, 'max': 130}, {'minutes': 0, 'caloriesOut': 0.0, 'name': 'Cardio', 'min': 131, 'max': 161}, {'minutes': 0, 'caloriesOut': 0.0, 'name': 'Peak', 'min': 162, 'max': 220}]","{'totalMinutes': 3, 'minutesInHeartRateZones': [{'minutes': 0, 'zoneName': 'Out of Range', 'order': 0, 'type': 'OUT_OF_ZONE', 'minuteMultiplier': 0}, {'minutes': 3, 'zoneName': 'Fat Burn', 'order': 1, 'type': 'FAT_BURN', 'minuteMultiplier': 1}, {'minutes': 0, 'zoneName': 'Cardio', 'order': 2, 'type': 'CARDIO', 'minuteMultiplier': 2}, {'minutes': 0, 'zoneName': 'Peak', 'order': 3, 'type': 'PEAK', 'minuteMultiplier': 2}]}"
2026-03-13 19:44:35+09:00,1166338006565996280,Outdoor Bike,1071,2026-03-13T19:44:35.000+09:00,973000,16,58,,0.230653,Mile,auto_detected,,,97.0,"[{'minutes': 14, 'caloriesOut': 53.315313, 'name': 'Out of Range', 'min': 30, 'max': 105}, {'minutes': 1, 'caloriesOut': 1.335451, 'name': 'Fat Burn', 'min': 106, 'max': 130}, {'minutes': 1, 'caloriesOut': 4.10908, 'name': 'Cardio', 'min': 131, 'max': 161}, {'minutes': 0, 'caloriesOut': 0.0, 'name': 'Peak', 'min': 162, 'max': 220}]","{'totalMinutes': 3, 'minutesInHeartRateZones': [{'minutes': 0, 'zoneName': 'Out of Range', 'order': 0, 'type': 'OUT_OF_ZONE', 'minuteMultiplier': 0}, {'minutes': 1, 'zoneName': 'Fat Burn', 'order': 1, 'type': 'FAT_BURN', 'minuteMultiplier': 1}, {'minutes': 1, 'zoneName': 'Cardio', 'order': 2, 'type': 'CARDIO', 'minuteMultiplier': 2}, {'minutes': 0, 'zoneName': 'Peak', 'order': 3, 'type': 'PEAK', 'minuteMultiplier': 2}]}"
2026-03-13 20:13:36+09:00,7400358640578786288,Outdoor Bike,1071,2026-03-13T20:13:36.000+09:00,1126000,18,43,,0.08811,Mile,auto_detected,,,90.0,"[{'minutes': 18, 'caloriesOut': 43.761702, 'name': 'Out of Range', 'min': 30, 'max': 105}, {'minutes': 0, 'caloriesOut': 0.0, 'name': 'Fat Burn', 'min': 106, 'max': 130}, {'minutes': 0, 'caloriesOut': 0.0, 'name': 'Cardio', 'min': 131, 'max': 161}, {'minutes': 0, 'caloriesOut': 0.0, 'name': 'Peak', 'min': 162, 'max': 220}]","{'totalMinutes': 0, 'minutesInHeartRateZones': [{'minutes': 0, 'zoneName': 'Out of Range', 'order': 0, 'type': 'OUT_OF_ZONE', 'minuteMultiplier': 0}, {'minutes': 0, 'zoneName': 'Fat Burn', 'order': 1, 'type': 'FAT_BURN', 'minuteMultiplier': 1}, {'minutes': 0, 'zoneName': 'Cardio', 'order': 2, 'type': 'CARDIO', 'minuteMultiplier': 2}, {'minutes': 0, 'zoneName': 'Peak', 'order': 3, 'type': 'PEAK', 'minuteMultiplier': 2}]}"
2026-03-14 06:21:09+09:00,1543338033283234440,Outdoor Bike,1071,2026-03-14T06:21:09.000+09:00,1172000,19,45,,0.100786,Mile,auto_detected,,,97.0,"[{'minutes': 15, 'caloriesOut': 41.398981, 'name': 'Out of Range', 'min': 30, 'max': 105}, {'minutes': 4, 'caloriesOut': 4.417261, 'name': 'Fat Burn', 'min': 106, 'max': 130}, {'minutes': 0, 'caloriesOut': 0.0, 'name': 'Cardio', 'min': 131, 'max': 161}, {'minutes': 0, 'caloriesOut': 0.0, 'name': 'Peak', 'min': 162, 'max': 220}]","{'totalMinutes': 4, 'minutesInHeartRateZones': [{'minutes': 0, 'zoneName': 'Out of Range', 'order': 0, 'type': 'OUT_OF_ZONE', 'minuteMultiplier': 0}, {'minutes': 4, 'zoneName': 'Fat Burn', 'order': 1, 'type': 'FAT_BURN', 'minuteMultiplier': 1}, {'minutes': 0, 'zoneName': 'Cardio', 'order': 2, 'type': 'CARDIO', 'minuteMultiplier': 2}, {'minutes': 0, 'zoneName': 'Peak', 'order': 3, 'type': 'PEAK', 'minuteMultiplier': 2}]}"
2026-03-14 08:00:08+09:00,6764415155052684520,Outdoor Bike,1071,2026-03-14T08:00:08.000+09:00,665000,11,26,,0.043496,Mile,auto_detected,,,92.0,"[{'minutes': 11, 'caloriesOut': 26.195385, 'name': 'Out of Range', 'min': 30, 'max': 105}, {'minutes': 0, 'caloriesOut': 0.0, 'name': 'Fat Burn', 'min': 106, 'max': 130}, {'minutes': 0, 'caloriesOut': 0.0, 'name': 'Cardio', 'min': 131, 'max': 161}, {'minutes': 0, 'caloriesOut': 0.0, 'name': 'Peak', 'min': 162, 'max': 220}]","{'totalMinutes': 0, 'minutesInHeartRateZones': [{'minutes': 0, 'zoneName': 'Out of Range', 'order': 0, 'type': 'OUT_OF_ZONE', 'minuteMultiplier': 0}, {'minutes': 0, 'zoneName': 'Fat Burn', 'order': 1, 'type': 'FAT_BURN', 'minuteMultiplier': 1}, {'minutes': 0, 'zoneName': 'Cardio', 'order': 2, 'type': 'CARDIO', 'minuteMultiplier': 2}, {'minutes': 0, 'zoneName': 'Peak', 'order': 3, 'type': 'PEAK', 'minuteMultiplier': 2}]}"
2026-03-14 19:36:26+09:00,2163835322258725352,Outdoor Bike,1071,2026-03-14T19:36:26.000+09:00,1280000,21,57,,0.143475,Mile,auto_detected,,,85.0,"[{'minutes': 20, 'caloriesOut': 53.828948, 'name': 'Out of Range', 'min': 30, 'max': 105}, {'minutes': 1, 'caloriesOut': 3.492718, 'name': 'Fat Burn', 'min': 106, 'max': 130}, {'minutes': 0, 'caloriesOut': 0.0, 'name': 'Cardio', 'min': 131, 'max': 161}, {'minutes': 0, 'caloriesOut': 0.0, 'name': 'Peak', 'min': 162, 'max': 220}]","{'totalMinutes': 1, 'minutesInHeartRateZones': [{'minutes': 0, 'zoneName': 'Out of Range', 'order': 0, 'type': 'OUT_OF_ZONE', 'minuteMultiplier': 0}, {'minutes': 1, 'zoneName': 'Fat Burn', 'order': 1, 'type': 'FAT_BURN', 'minuteMultiplier': 1}, {'minutes': 0, 'zoneName': 'Cardio', 'order': 2, 'type': 'CARDIO', 'minuteMultiplier': 2}, {'minutes': 0, 'zoneName': 'Peak', 'order': 3, 'type': 'PEAK', 'minuteMultiplier': 2}]}"
2026-03-14 21:02:36+09:00,5774512878266096240,Outdoor Bike,1071,2026-03-14T21:02:36.000+09:00,655000,10,24,,0.059465,Mile,auto_detected,,,83.0,"[{'minutes': 10, 'caloriesOut': 24.65448, 'name': 'Out of Range', 'min': 30, 'max': 105}, {'minutes': 0, 'caloriesOut': 0.0, 'name': 'Fat Burn', 'min': 106, 'max': 130}, {'minutes': 0, 'caloriesOut': 0.0, 'name': 'Cardio', 'min': 131, 'max': 161}, {'minutes': 0, 'caloriesOut': 0.0, 'name': 'Peak', 'min': 162, 'max': 220}]","{'totalMinutes': 0, 'minutesInHeartRateZones': [{'minutes': 0, 'zoneName': 'Out of Range', 'order': 0, 'type': 'OUT_OF_ZONE', 'minuteMultiplier': 0}, {'minutes': 0, 'zoneName': 'Fat Burn', 'order': 1, 'type': 'FAT_BURN', 'minuteMultiplier': 1}, {'minutes': 0, 'zoneName': 'Cardio', 'order': 2, 'type': 'CARDIO', 'minuteMultiplier': 2}, {'minutes': 0, 'zoneName': 'Peak', 'order': 3, 'type': 'PEAK', 'minuteMultiplier': 2}]}"
2026-03-15 06:54:48+09:00,1421471764127416160,Walk,90013,2026-03-15T06:54:48.000+09:00,614000,10,62,979.0,0.426447,Mile,auto_detected,,,85.0,"[{'minutes': 10, 'caloriesOut': 62.252562, 'name': 'Out of Range', 'min': 30, 'max': 105}, {'minutes': 0, 'caloriesOut': 0.0, 'name': 'Fat Burn', 'min': 106, 'max': 130}, {'minutes': 0, 'caloriesOut': 0.0, 'name': 'Cardio', 'min': 131, 'max': 161}, {'minutes': 0, 'caloriesOut': 0.0, 'name': 'Peak', 'min': 162, 'max': 220}]","{'totalMinutes': 0, 'minutesInHeartRateZones': [{'minutes': 0, 'zoneName': 'Out of Range', 'order': 0, 'type': 'OUT_OF_ZONE', 'minuteMultiplier': 0}, {'minutes': 0, 'zoneName': 'Fat Burn', 'order': 1, 'type': 'FAT_BURN', 'minuteMultiplier': 1}, {'minutes': 0, 'zoneName': 'Cardio', 'order': 2, 'type': 'CARDIO', 'minuteMultiplier': 2}, {'minutes': 0, 'zoneName': 'Peak', 'order': 3, 'type': 'PEAK', 'minuteMultiplier': 2}]}"
2026-03-15 09:22:25+09:00,8640963288182838768,Walk,90013,2026-03-15T09:22:25.000+09:00,666000,11,55,861.0,0.368411,Mile,auto_detected,,,80.0,"[{'minutes': 11, 'caloriesOut': 55.780761, 'name': 'Out of Range', 'min': 30, 'max': 105}, {'minutes': 0, 'caloriesOut': 0.0, 'name': 'Fat Burn', 'min': 106, 'max': 130}, {'minutes': 0, 'caloriesOut': 0.0, 'name': 'Cardio', 'min': 131, 'max': 161}, {'minutes': 0, 'caloriesOut': 0.0, 'name': 'Peak', 'min': 162, 'max': 220}]","{'totalMinutes': 0, 'minutesInHeartRateZones': [{'minutes': 0, 'zoneName': 'Out of Range', 'order': 0, 'type': 'OUT_OF_ZONE', 'minuteMultiplier': 0}, {'minutes': 0, 'zoneName': 'Fat Burn', 'order': 1, 'type': 'FAT_BURN', 'minuteMultiplier': 1}, {'minutes': 0, 'zoneName': 'Cardio', 'order': 2, 'type': 'CARDIO', 'minuteMultiplier': 2}, {'minutes': 0, 'zoneName': 'Peak', 'order': 3, 'type': 'PEAK', 'minuteMultiplier': 2}]}"
2026-03-15 17:08:19+09:00,8055146780259667288,Walk,90013,2026-03-15T17:08:19.000+09:00,1024000,17,94,1492.0,0.648898,Mile,auto_detected,,,80.0,"[{'minutes': 17, 'caloriesOut': 94.303386, 'name': 'Out of Range', 'min': 30, 'max': 105}, {'minutes': 0, 'caloriesOut': 0.0, 'name': 'Fat Burn', 'min': 106, 'max': 130}, {'minutes': 0, 'caloriesOut': 0.0, 'name': 'Cardio', 'min': 131, 'max': 161}, {'minutes': 0, 'caloriesOut': 0.0, 'name': 'Peak', 'min': 162, 'max': 220}]","{'totalMinutes': 0, 'minutesInHeartRateZones': [{'minutes': 0, 'zoneName': 'Out of Range', 'order': 0, 'type': 'OUT_OF_ZONE', 'minuteMultiplier': 0}, {'minutes': 0, 'zoneName': 'Fat Burn', 'order': 1, 'type': 'FAT_BURN', 'minuteMultiplier': 1}, {'minutes': 0, 'zoneName': 'Cardio', 'order': 2, 'type': 'CARDIO', 'minuteMultiplier': 2}, {'minutes': 0, 'zoneName': 'Peak', 'order': 3, 'type': 'PEAK', 'minuteMultiplier': 2}]}"
2026-03-15 18:14:01+09:00,2585633385854167496,Walk,90013,2026-03-15T18:14:01.000+09:00,1331000,22,121,1918.0,0.833134,Mile,auto_detected,,,82.0,"[{'minutes': 22, 'caloriesOut': 121.012406, 'name': 'Out of Range', 'min': 30, 'max': 105}, {'minutes': 0, 'caloriesOut': 0.0, 'name': 'Fat Burn', 'min': 106, 'max': 130}, {'minutes': 0, 'caloriesOut': 0.0, 'name': 'Cardio', 'min': 131, 'max': 161}, {'minutes': 0, 'caloriesOut': 0.0, 'name': 'Peak', 'min': 162, 'max': 220}]","{'totalMinutes': 0, 'minutesInHeartRateZones': [{'minutes': 0, 'zoneName': 'Out of Range', 'order': 0, 'type': 'OUT_OF_ZONE', 'minuteMultiplier': 0}, {'minutes': 0, 'zoneName': 'Fat Burn', 'order': 1, 'type': 'FAT_BURN', 'minuteMultiplier': 1}, {'minutes': 0, 'zoneName': 'Cardio', 'order': 2, 'type': 'CARDIO', 'minuteMultiplier': 2}, {'minutes': 0, 'zoneName': 'Peak', 'order': 3, 'type': 'PEAK', 'minuteMultiplier': 2}]}"
2026-03-15 19:46:11+09:00,107953536316149336,Walk,90013,2026-03-15T19:46:11.000+09:00,717000,11,67,1051.0,0.448195,Mile,auto_detected,,,83.0,"[{'minutes': 11, 'caloriesOut': 67.388912, 'name': 'Out of Range', 'min': 30, 'max': 105}, {'minutes': 0, 'caloriesOut': 0.0, 'name': 'Fat Burn', 'min': 106, 'max': 130}, {'minutes': 0, 'caloriesOut': 0.0, 'name': 'Cardio', 'min': 131, 'max': 161}, {'minutes': 0, 'caloriesOut': 0.0, 'name': 'Peak', 'min': 162, 'max': 220}]","{'totalMinutes': 0, 'minutesInHeartRateZones': [{'minutes': 0, 'zoneName': 'Out of Range', 'order': 0, 'type': 'OUT_OF_ZONE', 'minuteMultiplier': 0}, {'minutes': 0, 'zoneName': 'Fat Burn', 'order': 1, 'type': 'FAT_BURN', 'minuteMultiplier': 1}, {'minutes': 0, 'zoneName': 'Cardio', 'order': 2, 'type': 'CARDIO', 'minuteMultiplier': 2}, {'minutes': 0, 'zoneName': 'Peak', 'order': 3, 'type': 'PEAK', 'minuteMultiplier': 2}]}"
2026-03-16 07:08:49+09:00,8933165947927117688,Outdoor Bike,1071,2026-03-16T07:08:49.000+09:00,1842000,30,109,,0.335727,Mile,auto_detected,,,93.0,"[{'minutes': 29, 'caloriesOut': 103.651543, 'name': 'Out of Range', 'min': 30, 'max': 103}, {'minutes': 1, 'caloriesOut': 5.547258, 'name': 'Fat Burn', 'min': 104, 'max': 129}, {'minutes': 0, 'caloriesOut': 0.0, 'name': 'Cardio', 'min': 130, 'max': 160}, {'minutes': 0, 'caloriesOut': 0.0, 'name': 'Peak', 'min': 161, 'max': 220}]","{'totalMinutes': 1, 'minutesInHeartRateZones': [{'minutes': 0, 'zoneName': 'Out of Range', 'order': 0, 'type': 'OUT_OF_ZONE', 'minuteMultiplier': 0}, {'minutes': 1, 'zoneName': 'Fat Burn', 'order': 1, 'type': 'FAT_BURN', 'minuteMultiplier': 1}, {'minutes': 0, 'zoneName': 'Cardio', 'order': 2, 'type': 'CARDIO', 'minuteMultiplier': 2}, {'minutes': 0, 'zoneName': 'Peak', 'order': 3, 'type': 'PEAK', 'minuteMultiplier': 2}]}"
2026-03-16 19:37:08+09:00,237682676354866752,Outdoor Bike,1071,2026-03-16T19:37:08.000+09:00,1383000,23,82,,0.24395,Mile,auto_detected,,,98.0,"[{'minutes': 16, 'caloriesOut': 52.801678, 'name': 'Out of Range', 'min': 30, 'max': 103}, {'minutes': 5, 'caloriesOut': 20.134492, 'name': 'Fat Burn', 'min': 104, 'max': 129}, {'minutes': 2, 'caloriesOut': 9.450884, 'name': 'Cardio', 'min': 130, 'max': 160}, {'minutes': 0, 'caloriesOut': 0.0, 'name': 'Peak', 'min': 161, 'max': 220}]","{'totalMinutes': 9, 'minutesInHeartRateZones': [{'minutes': 0, 'zoneName': 'Out of Range', 'order': 0, 'type': 'OUT_OF_ZONE', 'minuteMultiplier': 0}, {'minutes': 5, 'zoneName': 'Fat Burn', 'order': 1, 'type': 'FAT_BURN', 'minuteMultiplier': 1}, {'minutes': 2, 'zoneName': 'Cardio', 'order': 2, 'type': 'CARDIO', 'minuteMultiplier': 2}, {'minutes': 0, 'zoneName': 'Peak', 'order': 3, 'type': 'PEAK', 'minuteMultiplier': 2}]}"
2026-03-18 06:54:13+09:00,4112718320483350816,Outdoor Bike,1071,2026-03-18T06:54:13.000+09:00,1433000,23,98,,0.390905,Mile,auto_detected,,,97.0,"[{'minutes': 20, 'caloriesOut': 83.311597, 'name': 'Out of Range', 'min': 30, 'max': 105}, {'minutes': 3, 'caloriesOut': 14.998142, 'name': 'Fat Burn', 'min': 106, 'max': 130}, {'minutes': 0, 'caloriesOut': 0.0, 'name': 'Cardio', 'min': 131, 'max': 161}, {'minutes': 0, 'caloriesOut': 0.0, 'name': 'Peak', 'min': 162, 'max': 220}]","{'totalMinutes': 3, 'minutesInHeartRateZones': [{'minutes': 0, 'zoneName': 'Out of Range', 'order': 0, 'type': 'OUT_OF_ZONE', 'minuteMultiplier': 0}, {'minutes': 3, 'zoneName': 'Fat Burn', 'order': 1, 'type': 'FAT_BURN', 'minuteMultiplier': 1}, {'minutes': 0, 'zoneName': 'Cardio', 'order': 2, 'type': 'CARDIO', 'minuteMultiplier': 2}, {'minutes': 0, 'zoneName': 'Peak', 'order': 3, 'type': 'PEAK', 'minuteMultiplier': 2}]}"
2026-03-18 16:38:42+09:00,5330952142926481440,Walk,90013,2026-03-18T16:38:42.000+09:00,614000,10,58,957.0,0.417996,Mile,auto_detected,,,82.0,"[{'minutes': 10, 'caloriesOut': 58.55439, 'name': 'Out of Range', 'min': 30, 'max': 105}, {'minutes': 0, 'caloriesOut': 0.0, 'name': 'Fat Burn', 'min': 106, 'max': 130}, {'minutes': 0, 'caloriesOut': 0.0, 'name': 'Cardio', 'min': 131, 'max': 161}, {'minutes': 0, 'caloriesOut': 0.0, 'name': 'Peak', 'min': 162, 'max': 220}]","{'totalMinutes': 0, 'minutesInHeartRateZones': [{'minutes': 0, 'zoneName': 'Out of Range', 'order': 0, 'type': 'OUT_OF_ZONE', 'minuteMultiplier': 0}, {'minutes': 0, 'zoneName': 'Fat Burn', 'order': 1, 'type': 'FAT_BURN', 'minuteMultiplier': 1}, {'minutes': 0, 'zoneName': 'Cardio', 'order': 2, 'type': 'CARDIO', 'minuteMultiplier': 2}, {'minutes': 0, 'zoneName': 'Peak', 'order': 3, 'type': 'PEAK', 'minuteMultiplier': 2}]}"
2026-03-18 16:50:02+09:00,5150023276572280032,Weights,2131,2026-03-18T16:50:02.000+09:00,1134000,18,36,66.0,,,tracker,,,87.0,"[{'minutes': 17, 'caloriesOut': 35.132634, 'name': 'Out of Range', 'min': 30, 'max': 105}, {'minutes': 1, 'caloriesOut': 1.335451, 'name': 'Fat Burn', 'min': 106, 'max': 130}, {'minutes': 0, 'caloriesOut': 0.0, 'name': 'Cardio', 'min': 131, 'max': 161}, {'minutes': 0, 'caloriesOut': 0.0, 'name': 'Peak', 'min': 162, 'max': 220}]","{'totalMinutes': 1, 'minutesInHeartRateZones': [{'minutes': 0, 'zoneName': 'Out of Range', 'order': 0, 'type': 'OUT_OF_ZONE', 'minuteMultiplier': 0}, {'minutes': 1, 'zoneName': 'Fat Burn', 'order': 1, 'type': 'FAT_BURN', 'minuteMultiplier': 1}, {'minutes': 0, 'zoneName': 'Cardio', 'order': 2, 'type': 'CARDIO', 'minuteMultiplier': 2}, {'minutes': 0, 'zoneName': 'Peak', 'order': 3, 'type': 'PEAK', 'minuteMultiplier': 2}]}"
2026-03-18 19:54:57+09:00,7933080453053598696,Outdoor Bike,1071,2026-03-18T19:54:57.000+09:00,1741000,29,121,,0.368535,Mile,auto_detected,,,101.0,"[{'minutes': 22, 'caloriesOut': 99.747917, 'name': 'Out of Range', 'min': 30, 'max': 105}, {'minutes': 7, 'caloriesOut': 21.367216, 'name': 'Fat Burn', 'min': 106, 'max': 130}, {'minutes': 0, 'caloriesOut': 0.0, 'name': 'Cardio', 'min': 131, 'max': 161}, {'minutes': 0, 'caloriesOut': 0.0, 'name': 'Peak', 'min': 162, 'max': 220}]","{'totalMinutes': 7, 'minutesInHeartRateZones': [{'minutes': 0, 'zoneName': 'Out of Range', 'order': 0, 'type': 'OUT_OF_ZONE', 'minuteMultiplier': 0}, {'minutes': 7, 'zoneName': 'Fat Burn', 'order': 1, 'type': 'FAT_BURN', 'minuteMultiplier': 1}, {'minutes': 0, 'zoneName': 'Cardio', 'order': 2, 'type': 'CARDIO', 'minuteMultiplier': 2}, {'minutes': 0, 'zoneName': 'Peak', 'order': 3, 'type': 'PEAK', 'minuteMultiplier': 2}]}"
2026-03-19 06:41:47+09:00,2553547841336200872,Outdoor Bike,1071,2026-03-19T06:41:47.000+09:00,1229000,20,92,,0.23755,Mile,auto_detected,,,102.0,"[{'minutes': 14, 'caloriesOut': 70.162541, 'name': 'Out of Range', 'min': 30, 'max': 105}, {'minutes': 6, 'caloriesOut': 22.291759, 'name': 'Fat Burn', 'min': 106, 'max': 130}, {'minutes': 0, 'caloriesOut': 0.0, 'name': 'Cardio', 'min': 131, 'max': 161}, {'minutes': 0, 'caloriesOut': 0.0, 'name': 'Peak', 'min': 162, 'max': 220}]","{'totalMinutes': 6, 'minutesInHeartRateZones': [{'minutes': 0, 'zoneName': 'Out of Range', 'order': 0, 'type': 'OUT_OF_ZONE', 'minuteMultiplier': 0}, {'minutes': 6, 'zoneName': 'Fat Burn', 'order': 1, 'type': 'FAT_BURN', 'minuteMultiplier': 1}, {'minutes': 0, 'zoneName': 'Cardio', 'order': 2, 'type': 'CARDIO', 'minuteMultiplier': 2}, {'minutes': 0, 'zoneName': 'Peak', 'order': 3, 'type': 'PEAK', 'minuteMultiplier': 2}]}"
2026-03-20 05:49:31+09:00,2662211406448272576,Walk,90013,2026-03-20T05:49:31.000+09:00,614000,10,58,950.0,0.410291,Mile,auto_detected,,,82.0,"[{'minutes': 10, 'caloriesOut': 58.143482, 'name': 'Out of Range', 'min': 30, 'max': 105}, {'minutes': 0, 'caloriesOut': 0.0, 'name': 'Fat Burn', 'min': 106, 'max': 130}, {'minutes': 0, 'caloriesOut': 0.0, 'name': 'Cardio', 'min': 131, 'max': 161}, {'minutes': 0, 'caloriesOut': 0.0, 'name': 'Peak', 'min': 162, 'max': 220}]","{'totalMinutes': 0, 'minutesInHeartRateZones': [{'minutes': 0, 'zoneName': 'Out of Range', 'order': 0, 'type': 'OUT_OF_ZONE', 'minuteMultiplier': 0}, {'minutes': 0, 'zoneName': 'Fat Burn', 'order': 1, 'type': 'FAT_BURN', 'minuteMultiplier': 1}, {'minutes': 0, 'zoneName': 'Cardio', 'order': 2, 'type': 'CARDIO', 'minuteMultiplier': 2}, {'minutes': 0, 'zoneName': 'Peak', 'order': 3, 'type': 'PEAK', 'minuteMultiplier': 2}]}"
2026-03-20 08:31:38+09:00,3038921911742562192,Walk,90013,2026-03-20T08:31:38.000+09:00,1022000,17,84,1233.0,0.534193,Mile,auto_detected,,,71.0,"[{'minutes': 17, 'caloriesOut': 84.23614, 'name': 'Out of Range', 'min': 30, 'max': 105}, {'minutes': 0, 'caloriesOut': 0.0, 'name': 'Fat Burn', 'min': 106, 'max': 130}, {'minutes': 0, 'caloriesOut': 0.0, 'name': 'Cardio', 'min': 131, 'max': 161}, {'minutes': 0, 'caloriesOut': 0.0, 'name': 'Peak', 'min': 162, 'max': 220}]","{'totalMinutes': 0, 'minutesInHeartRateZones': [{'minutes': 0, 'zoneName': 'Out of Range', 'order': 0, 'type': 'OUT_OF_ZONE', 'minuteMultiplier': 0}, {'minutes': 0, 'zoneName': 'Fat Burn', 'order': 1, 'type': 'FAT_BURN', 'minuteMultiplier': 1}, {'minutes': 0, 'zoneName': 'Cardio', 'order': 2, 'type': 'CARDIO', 'minuteMultiplier': 2}, {'minutes': 0, 'zoneName': 'Peak', 'order': 3, 'type': 'PEAK', 'minuteMultiplier': 2}]}"
2026-03-20 12:40:49+09:00,4298339204140918040,Walk,90013,2026-03-20T12:40:49.000+09:00,665000,11,61,906.0,0.395068,Mile,auto_detected,,,81.0,"[{'minutes': 11, 'caloriesOut': 61.225292, 'name': 'Out of Range', 'min': 30, 'max': 105}, {'minutes': 0, 'caloriesOut': 0.0, 'name': 'Fat Burn', 'min': 106, 'max': 130}, {'minutes': 0, 'caloriesOut': 0.0, 'name': 'Cardio', 'min': 131, 'max': 161}, {'minutes': 0, 'caloriesOut': 0.0, 'name': 'Peak', 'min': 162, 'max': 220}]","{'totalMinutes': 0, 'minutesInHeartRateZones': [{'minutes': 0, 'zoneName': 'Out of Range', 'order': 0, 'type': 'OUT_OF_ZONE', 'minuteMultiplier': 0}, {'minutes': 0, 'zoneName': 'Fat Burn', 'order': 1, 'type': 'FAT_BURN', 'minuteMultiplier': 1}, {'minutes': 0, 'zoneName': 'Cardio', 'order': 2, 'type': 'CARDIO', 'minuteMultiplier': 2}, {'minutes': 0, 'zoneName': 'Peak', 'order': 3, 'type': 'PEAK', 'minuteMultiplier': 2}]}"
2026-03-21 06:10:22+09:00,6690329151323150928,Walk,90013,2026-03-21T06:10:22.000+09:00,1690000,28,122,1684.0,0.71234,Mile,auto_detected,,,78.0,"[{'minutes': 28, 'caloriesOut': 122.450584, 'name': 'Out of Range', 'min': 30, 'max': 105}, {'minutes': 0, 'caloriesOut': 0.0, 'name': 'Fat Burn', 'min': 106, 'max': 130}, {'minutes': 0, 'caloriesOut': 0.0, 'name': 'Cardio', 'min': 131, 'max': 161}, {'minutes': 0, 'caloriesOut': 0.0, 'name': 'Peak', 'min': 162, 'max': 220}]","{'totalMinutes': 0, 'minutesInHeartRateZones': [{'minutes': 0, 'zoneName': 'Out of Range', 'order': 0, 'type': 'OUT_OF_ZONE', 'minuteMultiplier': 0}, {'minutes': 0, 'zoneName': 'Fat Burn', 'order': 1, 'type': 'FAT_BURN', 'minuteMultiplier': 1}, {'minutes': 0, 'zoneName': 'Cardio', 'order': 2, 'type': 'CARDIO', 'minuteMultiplier': 2}, {'minutes': 0, 'zoneName': 'Peak', 'order': 3, 'type': 'PEAK', 'minuteMultiplier': 2}]}"
2026-03-21 09:20:37+09:00,8862434929028046096,Walk,90013,2026-03-21T09:20:37.000+09:00,768000,12,68,1037.0,0.448879,Mile,auto_detected,,,83.0,"[{'minutes': 12, 'caloriesOut': 68.108001, 'name': 'Out of Range', 'min': 30, 'max': 105}, {'minutes': 0, 'caloriesOut': 0.0, 'name': 'Fat Burn', 'min': 106, 'max': 130}, {'minutes': 0, 'caloriesOut': 0.0, 'name': 'Cardio', 'min': 131, 'max': 161}, {'minutes': 0, 'caloriesOut': 0.0, 'name': 'Peak', 'min': 162, 'max': 220}]","{'totalMinutes': 0, 'minutesInHeartRateZones': [{'minutes': 0, 'zoneName': 'Out of Range', 'order': 0, 'type': 'OUT_OF_ZONE', 'minuteMultiplier': 0}, {'minutes': 0, 'zoneName': 'Fat Burn', 'order': 1, 'type': 'FAT_BURN', 'minuteMultiplier': 1}, {'minutes': 0, 'zoneName': 'Cardio', 'order': 2, 'type': 'CARDIO', 'minuteMultiplier': 2}, {'minutes': 0, 'zoneName': 'Peak', 'order': 3, 'type': 'PEAK', 'minuteMultiplier': 2}]}"
2026-03-21 09:58:10+09:00,6602265521337732432,Walk,90013,2026-03-21T09:58:10.000+09:00,819000,13,69,1055.0,0.462424,Mile,auto_detected,,,83.0,"[{'minutes': 13, 'caloriesOut': 69.032544, 'name': 'Out of Range', 'min': 30, 'max': 105}, {'minutes': 0, 'caloriesOut': 0.0, 'name': 'Fat Burn', 'min': 106, 'max': 130}, {'minutes': 0, 'caloriesOut': 0.0, 'name': 'Cardio', 'min': 131, 'max': 161}, {'minutes': 0, 'caloriesOut': 0.0, 'name': 'Peak', 'min': 162, 'max': 220}]","{'totalMinutes': 0, 'minutesInHeartRateZones': [{'minutes': 0, 'zoneName': 'Out of Range', 'order': 0, 'type': 'OUT_OF_ZONE', 'minuteMultiplier': 0}, {'minutes': 0, 'zoneName': 'Fat Burn', 'order': 1, 'type': 'FAT_BURN', 'minuteMultiplier': 1}, {'minutes': 0, 'zoneName': 'Cardio', 'order': 2, 'type': 'CARDIO', 'minuteMultiplier': 2}, {'minutes': 0, 'zoneName': 'Peak', 'order': 3, 'type': 'PEAK', 'minuteMultiplier': 2}]}"
2026-03-21 17:38:07+09:00,1141792820071002480,Walk,90013,2026-03-21T17:38:07.000+09:00,1127000,18,89,1263.0,0.521579,Mile,auto_detected,,,84.0,"[{'minutes': 18, 'caloriesOut': 89.988852, 'name': 'Out of Range', 'min': 30, 'max': 105}, {'minutes': 0, 'caloriesOut': 0.0, 'name': 'Fat Burn', 'min': 106, 'max': 130}, {'minutes': 0, 'caloriesOut': 0.0, 'name': 'Cardio', 'min': 131, 'max': 161}, {'minutes': 0, 'caloriesOut': 0.0, 'name': 'Peak', 'min': 162, 'max': 220}]","{'totalMinutes': 0, 'minutesInHeartRateZones': [{'minutes': 0, 'zoneName': 'Out of Range', 'order': 0, 'type': 'OUT_OF_ZONE', 'minuteMultiplier': 0}, {'minutes': 0, 'zoneName': 'Fat Burn', 'order': 1, 'type': 'FAT_BURN', 'minuteMultiplier': 1}, {'minutes': 0, 'zoneName': 'Cardio', 'order': 2, 'type': 'CARDIO', 'minuteMultiplier': 2}, {'minutes': 0, 'zoneName': 'Peak', 'order': 3, 'type': 'PEAK', 'minuteMultiplier': 2}]}"
2026-03-21 23:28:47+09:00,7995542749402503440,Walk,90013,2026-03-21T23:28:47.000+09:00,975000,16,97,1500.0,0.661822,Mile,auto_detected,,,82.0,"[{'minutes': 16, 'caloriesOut': 97.077015, 'name': 'Out of Range', 'min': 30, 'max': 105}, {'minutes': 0, 'caloriesOut': 0.0, 'name': 'Fat Burn', 'min': 106, 'max': 130}, {'minutes': 0, 'caloriesOut': 0.0, 'name': 'Cardio', 'min': 131, 'max': 161}, {'minutes': 0, 'caloriesOut': 0.0, 'name': 'Peak', 'min': 162, 'max': 220}]","{'totalMinutes': 0, 'minutesInHeartRateZones': [{'minutes': 0, 'zoneName': 'Out of Range', 'order': 0, 'type': 'OUT_OF_ZONE', 'minuteMultiplier': 0}, {'minutes': 0, 'zoneName': 'Fat Burn', 'order': 1, 'type': 'FAT_BURN', 'minuteMultiplier': 1}, {'minutes': 0, 'zoneName': 'Cardio', 'order': 2, 'type': 'CARDIO', 'minuteMultiplier': 2}, {'minutes': 0, 'zoneName': 'Peak', 'order': 3, 'type': 'PEAK', 'minuteMultiplier': 2}]}"
2026-03-22 00:23:23+09:00,7559298315152684816,Walk,90013,2026-03-22T00:23:23.000+09:00,2718000,45,291,4667.0,2.460941,Mile,auto_detected,,,72.0,"[{'minutes': 45, 'caloriesOut': 291.950134, 'name': 'Out of Range', 'min': 30, 'max': 105}, {'minutes': 0, 'caloriesOut': 0.0, 'name': 'Fat Burn', 'min': 106, 'max': 130}, {'minutes': 0, 'caloriesOut': 0.0, 'name': 'Cardio', 'min': 131, 'max': 161}, {'minutes': 0, 'caloriesOut': 0.0, 'name': 'Peak', 'min': 162, 'max': 220}]","{'totalMinutes': 0, 'minutesInHeartRateZones': [{'minutes': 0, 'zoneName': 'Out of Range', 'order': 0, 'type': 'OUT_OF_ZONE', 'minuteMultiplier': 0}, {'minutes': 0, 'zoneName': 'Fat Burn', 'order': 1, 'type': 'FAT_BURN', 'minuteMultiplier': 1}, {'minutes': 0, 'zoneName': 'Cardio', 'order': 2, 'type': 'CARDIO', 'minuteMultiplier': 2}, {'minutes': 0, 'zoneName': 'Peak', 'order': 3, 'type': 'PEAK', 'minuteMultiplier': 2}]}"
2026-03-22 01:14:39+09:00,1569631629083021344,Walk,90013,2026-03-22T01:14:39.000+09:00,5888000,98,668,10583.0,5.916448,Mile,auto_detected,,,83.0,"[{'minutes': 98, 'caloriesOut': 668.958224, 'name': 'Out of Range', 'min': 30, 'max': 105}, {'minutes': 0, 'caloriesOut': 0.0, 'name': 'Fat Burn', 'min': 106, 'max': 130}, {'minutes': 0, 'caloriesOut': 0.0, 'name': 'Cardio', 'min': 131, 'max': 161}, {'minutes': 0, 'caloriesOut': 0.0, 'name': 'Peak', 'min': 162, 'max': 220}]","{'totalMinutes': 0, 'minutesInHeartRateZones': [{'minutes': 0, 'zoneName': 'Out of Range', 'order': 0, 'type': 'OUT_OF_ZONE', 'minuteMultiplier': 0}, {'minutes': 0, 'zoneName': 'Fat Burn', 'order': 1, 'type': 'FAT_BURN', 'minuteMultiplier': 1}, {'minutes': 0, 'zoneName': 'Cardio', 'order': 2, 'type': 'CARDIO', 'minuteMultiplier': 2}, {'minutes': 0, 'zoneName': 'Peak', 'order': 3, 'type': 'PEAK', 'minuteMultiplier': 2}]}"
2026-03-22 02:52:47+09:00,8095058602191538280,Run,90009,2026-03-22T02:52:47.000+09:00,5837000,97,690,11076.0,,,auto_detected,,,105.0,"[{'minutes': 51, 'caloriesOut': 370.741743, 'name': 'Out of Range', 'min': 30, 'max': 105}, {'minutes': 46, 'caloriesOut': 319.275516, 'name': 'Fat Burn', 'min': 106, 'max': 130}, {'minutes': 0, 'caloriesOut': 0.0, 'name': 'Cardio', 'min': 131, 'max': 161}, {'minutes': 0, 'caloriesOut': 0.0, 'name': 'Peak', 'min': 162, 'max': 220}]","{'totalMinutes': 46, 'minutesInHeartRateZones': [{'minutes': 0, 'zoneName': 'Out of Range', 'order': 0, 'type': 'OUT_OF_ZONE', 'minuteMultiplier': 0}, {'minutes': 46, 'zoneName': 'Fat Burn', 'order': 1, 'type': 'FAT_BURN', 'minuteMultiplier': 1}, {'minutes': 0, 'zoneName': 'Cardio', 'order': 2, 'type': 'CARDIO', 'minuteMultiplier': 2}, {'minutes': 0, 'zoneName': 'Peak', 'order': 3, 'type': 'PEAK', 'minuteMultiplier': 2}]}"
2026-03-22 04:30:04+09:00,7226889628203041088,Walk,90013,2026-03-22T04:30:04.000+09:00,1126000,18,104,1524.0,0.673629,Mile,auto_detected,,,99.0,"[{'minutes': 14, 'caloriesOut': 80.332514, 'name': 'Out of Range', 'min': 30, 'max': 105}, {'minutes': 4, 'caloriesOut': 24.243572, 'name': 'Fat Burn', 'min': 106, 'max': 130}, {'minutes': 0, 'caloriesOut': 0.0, 'name': 'Cardio', 'min': 131, 'max': 161}, {'minutes': 0, 'caloriesOut': 0.0, 'name': 'Peak', 'min': 162, 'max': 220}]","{'totalMinutes': 4, 'minutesInHeartRateZones': [{'minutes': 0, 'zoneName': 'Out of Range', 'order': 0, 'type': 'OUT_OF_ZONE', 'minuteMultiplier': 0}, {'minutes': 4, 'zoneName': 'Fat Burn', 'order': 1, 'type': 'FAT_BURN', 'minuteMultiplier': 1}, {'minutes': 0, 'zoneName': 'Cardio', 'order': 2, 'type': 'CARDIO', 'minuteMultiplier': 2}, {'minutes': 0, 'zoneName': 'Peak', 'order': 3, 'type': 'PEAK', 'minuteMultiplier': 2}]}"
2026-03-22 09:08:14+09:00,8564099307436221592,Outdoor Bike,1071,2026-03-22T09:08:14.000+09:00,1073000,17,81,,0.170504,Mile,auto_detected,,,108.0,"[{'minutes': 10, 'caloriesOut': 50.130776, 'name': 'Out of Range', 'min': 30, 'max': 105}, {'minutes': 7, 'caloriesOut': 31.742643, 'name': 'Fat Burn', 'min': 106, 'max': 130}, {'minutes': 0, 'caloriesOut': 0.0, 'name': 'Cardio', 'min': 131, 'max': 161}, {'minutes': 0, 'caloriesOut': 0.0, 'name': 'Peak', 'min': 162, 'max': 220}]","{'totalMinutes': 7, 'minutesInHeartRateZones': [{'minutes': 0, 'zoneName': 'Out of Range', 'order': 0, 'type': 'OUT_OF_ZONE', 'minuteMultiplier': 0}, {'minutes': 7, 'zoneName': 'Fat Burn', 'order': 1, 'type': 'FAT_BURN', 'minuteMultiplier': 1}, {'minutes': 0, 'zoneName': 'Cardio', 'order': 2, 'type': 'CARDIO', 'minuteMultiplier': 2}, {'minutes': 0, 'zoneName': 'Peak', 'order': 3, 'type': 'PEAK', 'minuteMultiplier': 2}]}"
2026-03-22 12:21:55+09:00,2753938631378455096,Outdoor Bike,1071,2026-03-22T12:21:55.000+09:00,1024000,17,45,,0.08053,Mile,auto_detected,,,114.0,"[{'minutes': 5, 'caloriesOut': 18.182679, 'name': 'Out of Range', 'min': 30, 'max': 105}, {'minutes': 11, 'caloriesOut': 26.092658, 'name': 'Fat Burn', 'min': 106, 'max': 130}, {'minutes': 1, 'caloriesOut': 1.335451, 'name': 'Cardio', 'min': 131, 'max': 161}, {'minutes': 0, 'caloriesOut': 0.0, 'name': 'Peak', 'min': 162, 'max': 220}]","{'totalMinutes': 13, 'minutesInHeartRateZones': [{'minutes': 0, 'zoneName': 'Out of Range', 'order': 0, 'type': 'OUT_OF_ZONE', 'minuteMultiplier': 0}, {'minutes': 11, 'zoneName': 'Fat Burn', 'order': 1, 'type': 'FAT_BURN', 'minuteMultiplier': 1}, {'minutes': 1, 'zoneName': 'Cardio', 'order': 2, 'type': 'CARDIO', 'minuteMultiplier': 2}, {'minutes': 0, 'zoneName': 'Peak', 'order': 3, 'type': 'PEAK', 'minuteMultiplier': 2}]}"
2026-03-22 18:45:03+09:00,7622256802020872,Outdoor Bike,1071,2026-03-22T18:45:03.000+09:00,1178000,19,59,,0.147514,Mile,auto_detected,,,92.0,"[{'minutes': 17, 'caloriesOut': 53.828948, 'name': 'Out of Range', 'min': 30, 'max': 105}, {'minutes': 2, 'caloriesOut': 5.855439, 'name': 'Fat Burn', 'min': 106, 'max': 130}, {'minutes': 0, 'caloriesOut': 0.0, 'name': 'Cardio', 'min': 131, 'max': 161}, {'minutes': 0, 'caloriesOut': 0.0, 'name': 'Peak', 'min': 162, 'max': 220}]","{'totalMinutes': 2, 'minutesInHeartRateZones': [{'minutes': 0, 'zoneName': 'Out of Range', 'order': 0, 'type': 'OUT_OF_ZONE', 'minuteMultiplier': 0}, {'minutes': 2, 'zoneName': 'Fat Burn', 'order': 1, 'type': 'FAT_BURN', 'minuteMultiplier': 1}, {'minutes': 0, 'zoneName': 'Cardio', 'order': 2, 'type': 'CARDIO', 'minuteMultiplier': 2}, {'minutes': 0, 'zoneName': 'Peak', 'order': 3, 'type': 'PEAK', 'minuteMultiplier': 2}]}"
2026-03-23 07:03:10+09:00,5390547415385531264,Outdoor Bike,1071,2026-03-23T07:03:10.000+09:00,1484000,24,107,,0.422843,Mile,auto_detected,,,94.0,"[{'minutes': 21, 'caloriesOut': 91.016122, 'name': 'Out of Range', 'min': 30, 'max': 103}, {'minutes': 3, 'caloriesOut': 16.230866, 'name': 'Fat Burn', 'min': 104, 'max': 129}, {'minutes': 0, 'caloriesOut': 0.0, 'name': 'Cardio', 'min': 130, 'max': 160}, {'minutes': 0, 'caloriesOut': 0.0, 'name': 'Peak', 'min': 161, 'max': 220}]","{'totalMinutes': 3, 'minutesInHeartRateZones': [{'minutes': 0, 'zoneName': 'Out of Range', 'order': 0, 'type': 'OUT_OF_ZONE', 'minuteMultiplier': 0}, {'minutes': 3, 'zoneName': 'Fat Burn', 'order': 1, 'type': 'FAT_BURN', 'minuteMultiplier': 1}, {'minutes': 0, 'zoneName': 'Cardio', 'order': 2, 'type': 'CARDIO', 'minuteMultiplier': 2}, {'minutes': 0, 'zoneName': 'Peak', 'order': 3, 'type': 'PEAK', 'minuteMultiplier': 2}]}"
2026-03-23 18:25:48+09:00,4846103031647129864,Outdoor Bike,1071,2026-03-23T18:25:48.000+09:00,1126000,18,88,,0.163607,Mile,auto_detected,,,102.0,"[{'minutes': 13, 'caloriesOut': 70.676176, 'name': 'Out of Range', 'min': 30, 'max': 103}, {'minutes': 4, 'caloriesOut': 13.149056, 'name': 'Fat Burn', 'min': 104, 'max': 129}, {'minutes': 1, 'caloriesOut': 4.314534, 'name': 'Cardio', 'min': 130, 'max': 160}, {'minutes': 0, 'caloriesOut': 0.0, 'name': 'Peak', 'min': 161, 'max': 220}]","{'totalMinutes': 6, 'minutesInHeartRateZones': [{'minutes': 0, 'zoneName': 'Out of Range', 'order': 0, 'type': 'OUT_OF_ZONE', 'minuteMultiplier': 0}, {'minutes': 4, 'zoneName': 'Fat Burn', 'order': 1, 'type': 'FAT_BURN', 'minuteMultiplier': 1}, {'minutes': 1, 'zoneName': 'Cardio', 'order': 2, 'type': 'CARDIO', 'minuteMultiplier': 2}, {'minutes': 0, 'zoneName': 'Peak', 'order': 3, 'type': 'PEAK', 'minuteMultiplier': 2}]}"
2026-03-23 19:39:09+09:00,6205166137246790784,Outdoor Bike,1071,2026-03-23T19:39:09.000+09:00,717000,11,37,,0.08258,Mile,auto_detected,,,89.0,"[{'minutes': 10, 'caloriesOut': 37.187174, 'name': 'Out of Range', 'min': 30, 'max': 103}, {'minutes': 1, 'caloriesOut': 0.0, 'name': 'Fat Burn', 'min': 104, 'max': 129}, {'minutes': 0, 'caloriesOut': 0.0, 'name': 'Cardio', 'min': 130, 'max': 160}, {'minutes': 0, 'caloriesOut': 0.0, 'name': 'Peak', 'min': 161, 'max': 220}]","{'totalMinutes': 1, 'minutesInHeartRateZones': [{'minutes': 0, 'zoneName': 'Out of Range', 'order': 0, 'type': 'OUT_OF_ZONE', 'minuteMultiplier': 0}, {'minutes': 1, 'zoneName': 'Fat Burn', 'order': 1, 'type': 'FAT_BURN', 'minuteMultiplier': 1}, {'minutes': 0, 'zoneName': 'Cardio', 'order': 2, 'type': 'CARDIO', 'minuteMultiplier': 2}, {'minutes': 0, 'zoneName': 'Peak', 'order': 3, 'type': 'PEAK', 'minuteMultiplier': 2}]}"
2026-03-24 06:36:14+09:00,5946790919115121104,Outdoor Bike,1071,2026-03-24T06:36:14.000+09:00,1433000,23,106,,0.269364,Mile,auto_detected,,,100.0,"[{'minutes': 15, 'caloriesOut': 78.277974, 'name': 'Out of Range', 'min': 30, 'max': 103}, {'minutes': 8, 'caloriesOut': 28.249925, 'name': 'Fat Burn', 'min': 104, 'max': 128}, {'minutes': 0, 'caloriesOut': 0.0, 'name': 'Cardio', 'min': 129, 'max': 160}, {'minutes': 0, 'caloriesOut': 0.0, 'name': 'Peak', 'min': 161, 'max': 220}]","{'totalMinutes': 8, 'minutesInHeartRateZones': [{'minutes': 0, 'zoneName': 'Out of Range', 'order': 0, 'type': 'OUT_OF_ZONE', 'minuteMultiplier': 0}, {'minutes': 8, 'zoneName': 'Fat Burn', 'order': 1, 'type': 'FAT_BURN', 'minuteMultiplier': 1}, {'minutes': 0, 'zoneName': 'Cardio', 'order': 2, 'type': 'CARDIO', 'minuteMultiplier': 2}, {'minutes': 0, 'zoneName': 'Peak', 'order': 3, 'type': 'PEAK', 'minuteMultiplier': 2}]}"
2026-03-24 07:00:07+09:00,7928346715718526928,Walk,90013,2026-03-24T07:00:07.000+09:00,665000,11,64,824.0,0.332434,Mile,auto_detected,,,98.0,"[{'minutes': 9, 'caloriesOut': 51.774408, 'name': 'Out of Range', 'min': 30, 'max': 103}, {'minutes': 2, 'caloriesOut': 12.32724, 'name': 'Fat Burn', 'min': 104, 'max': 128}, {'minutes': 0, 'caloriesOut': 0.0, 'name': 'Cardio', 'min': 129, 'max': 160}, {'minutes': 0, 'caloriesOut': 0.0, 'name': 'Peak', 'min': 161, 'max': 220}]","{'totalMinutes': 2, 'minutesInHeartRateZones': [{'minutes': 0, 'zoneName': 'Out of Range', 'order': 0, 'type': 'OUT_OF_ZONE', 'minuteMultiplier': 0}, {'minutes': 2, 'zoneName': 'Fat Burn', 'order': 1, 'type': 'FAT_BURN', 'minuteMultiplier': 1}, {'minutes': 0, 'zoneName': 'Cardio', 'order': 2, 'type': 'CARDIO', 'minuteMultiplier': 2}, {'minutes': 0, 'zoneName': 'Peak', 'order': 3, 'type': 'PEAK', 'minuteMultiplier': 2}]}"
2026-03-24 20:03:25+09:00,5978786633039435744,Outdoor Bike,1071,2026-03-24T20:03:25.000+09:00,1588000,26,64,,0.112592,Mile,auto_detected,,,86.0,"[{'minutes': 24, 'caloriesOut': 55.986215, 'name': 'Out of Range', 'min': 30, 'max': 103}, {'minutes': 2, 'caloriesOut': 8.834522, 'name': 'Fat Burn', 'min': 104, 'max': 128}, {'minutes': 0, 'caloriesOut': 0.0, 'name': 'Cardio', 'min': 129, 'max': 160}, {'minutes': 0, 'caloriesOut': 0.0, 'name': 'Peak', 'min': 161, 'max': 220}]","{'totalMinutes': 2, 'minutesInHeartRateZones': [{'minutes': 0, 'zoneName': 'Out of Range', 'order': 0, 'type': 'OUT_OF_ZONE', 'minuteMultiplier': 0}, {'minutes': 2, 'zoneName': 'Fat Burn', 'order': 1, 'type': 'FAT_BURN', 'minuteMultiplier': 1}, {'minutes': 0, 'zoneName': 'Cardio', 'order': 2, 'type': 'CARDIO', 'minuteMultiplier': 2}, {'minutes': 0, 'zoneName': 'Peak', 'order': 3, 'type': 'PEAK', 'minuteMultiplier': 2}]}"
2026-03-25 06:51:58+09:00,2607227257699972504,Walk,90013,2026-03-25T06:51:58.000+09:00,614000,10,60,956.0,0.413709,Mile,auto_detected,,,84.0,"[{'minutes': 10, 'caloriesOut': 60.198022, 'name': 'Out of Range', 'min': 30, 'max': 103}, {'minutes': 0, 'caloriesOut': 0.0, 'name': 'Fat Burn', 'min': 104, 'max': 128}, {'minutes': 0, 'caloriesOut': 0.0, 'name': 'Cardio', 'min': 129, 'max': 160}, {'minutes': 0, 'caloriesOut': 0.0, 'name': 'Peak', 'min': 161, 'max': 220}]","{'totalMinutes': 0, 'minutesInHeartRateZones': [{'minutes': 0, 'zoneName': 'Out of Range', 'order': 0, 'type': 'OUT_OF_ZONE', 'minuteMultiplier': 0}, {'minutes': 0, 'zoneName': 'Fat Burn', 'order': 1, 'type': 'FAT_BURN', 'minuteMultiplier': 1}, {'minutes': 0, 'zoneName': 'Cardio', 'order': 2, 'type': 'CARDIO', 'minuteMultiplier': 2}, {'minutes': 0, 'zoneName': 'Peak', 'order': 3, 'type': 'PEAK', 'minuteMultiplier': 2}]}"
2026-03-25 08:15:33+09:00,2175225739350192992,Walk,90013,2026-03-25T08:15:33.000+09:00,1025000,17,105,1720.0,0.749312,Mile,auto_detected,,,90.0,"[{'minutes': 17, 'caloriesOut': 105.80881, 'name': 'Out of Range', 'min': 30, 'max': 103}, {'minutes': 0, 'caloriesOut': 0.0, 'name': 'Fat Burn', 'min': 104, 'max': 128}, {'minutes': 0, 'caloriesOut': 0.0, 'name': 'Cardio', 'min': 129, 'max': 160}, {'minutes': 0, 'caloriesOut': 0.0, 'name': 'Peak', 'min': 161, 'max': 220}]","{'totalMinutes': 0, 'minutesInHeartRateZones': [{'minutes': 0, 'zoneName': 'Out of Range', 'order': 0, 'type': 'OUT_OF_ZONE', 'minuteMultiplier': 0}, {'minutes': 0, 'zoneName': 'Fat Burn', 'order': 1, 'type': 'FAT_BURN', 'minuteMultiplier': 1}, {'minutes': 0, 'zoneName': 'Cardio', 'order': 2, 'type': 'CARDIO', 'minuteMultiplier': 2}, {'minutes': 0, 'zoneName': 'Peak', 'order': 3, 'type': 'PEAK', 'minuteMultiplier': 2}]}"
2026-03-25 09:28:58+09:00,6500610867511517728,Walk,90013,2026-03-25T09:28:58.000+09:00,1996000,33,204,3027.0,1.296118,Mile,auto_detected,,,93.0,"[{'minutes': 33, 'caloriesOut': 204.221276, 'name': 'Out of Range', 'min': 30, 'max': 103}, {'minutes': 0, 'caloriesOut': 0.0, 'name': 'Fat Burn', 'min': 104, 'max': 128}, {'minutes': 0, 'caloriesOut': 0.0, 'name': 'Cardio', 'min': 129, 'max': 160}, {'minutes': 0, 'caloriesOut': 0.0, 'name': 'Peak', 'min': 161, 'max': 220}]","{'totalMinutes': 0, 'minutesInHeartRateZones': [{'minutes': 0, 'zoneName': 'Out of Range', 'order': 0, 'type': 'OUT_OF_ZONE', 'minuteMultiplier': 0}, {'minutes': 0, 'zoneName': 'Fat Burn', 'order': 1, 'type': 'FAT_BURN', 'minuteMultiplier': 1}, {'minutes': 0, 'zoneName': 'Cardio', 'order': 2, 'type': 'CARDIO', 'minuteMultiplier': 2}, {'minutes': 0, 'zoneName': 'Peak', 'order': 3, 'type': 'PEAK', 'minuteMultiplier': 2}]}"
2026-03-26 06:51:47+09:00,4443662264825934856,Walk,90013,2026-03-26T06:51:47.000+09:00,614000,10,57,922.0,0.401219,Mile,auto_detected,,,89.0,"[{'minutes': 10, 'caloriesOut': 57.938028, 'name': 'Out of Range', 'min': 30, 'max': 103}, {'minutes': 0, 'caloriesOut': 0.0, 'name': 'Fat Burn', 'min': 104, 'max': 129}, {'minutes': 0, 'caloriesOut': 0.0, 'name': 'Cardio', 'min': 130, 'max': 160}, {'minutes': 0, 'caloriesOut': 0.0, 'name': 'Peak', 'min': 161, 'max': 220}]","{'totalMinutes': 0, 'minutesInHeartRateZones': [{'minutes': 0, 'zoneName': 'Out of Range', 'order': 0, 'type': 'OUT_OF_ZONE', 'minuteMultiplier': 0}, {'minutes': 0, 'zoneName': 'Fat Burn', 'order': 1, 'type': 'FAT_BURN', 'minuteMultiplier': 1}, {'minutes': 0, 'zoneName': 'Cardio', 'order': 2, 'type': 'CARDIO', 'minuteMultiplier': 2}, {'minutes': 0, 'zoneName': 'Peak', 'order': 3, 'type': 'PEAK', 'minuteMultiplier': 2}]}"
2026-03-26 19:40:36+09:00,4806524106793096152,Walk,90013,2026-03-26T19:40:36.000+09:00,1177000,19,106,1392.0,0.57017,Mile,auto_detected,,,96.0,"[{'minutes': 18, 'caloriesOut': 105.80881, 'name': 'Out of Range', 'min': 30, 'max': 103}, {'minutes': 1, 'caloriesOut': 1.02727, 'name': 'Fat Burn', 'min': 104, 'max': 129}, {'minutes': 0, 'caloriesOut': 0.0, 'name': 'Cardio', 'min': 130, 'max': 160}, {'minutes': 0, 'caloriesOut': 0.0, 'name': 'Peak', 'min': 161, 'max': 220}]","{'totalMinutes': 1, 'minutesInHeartRateZones': [{'minutes': 0, 'zoneName': 'Out of Range', 'order': 0, 'type': 'OUT_OF_ZONE', 'minuteMultiplier': 0}, {'minutes': 1, 'zoneName': 'Fat Burn', 'order': 1, 'type': 'FAT_BURN', 'minuteMultiplier': 1}, {'minutes': 0, 'zoneName': 'Cardio', 'order': 2, 'type': 'CARDIO', 'minuteMultiplier': 2}, {'minutes': 0, 'zoneName': 'Peak', 'order': 3, 'type': 'PEAK', 'minuteMultiplier': 2}]}"
2026-03-27 06:46:09+09:00,4711964904797173704,Outdoor Bike,1071,2026-03-27T06:46:09.000+09:00,1178000,19,86,,0.243764,Mile,auto_detected,,,109.0,"[{'minutes': 9, 'caloriesOut': 32.461732, 'name': 'Out of Range', 'min': 30, 'max': 104}, {'minutes': 6, 'caloriesOut': 26.298112, 'name': 'Fat Burn', 'min': 105, 'max': 129}, {'minutes': 4, 'caloriesOut': 27.839017, 'name': 'Cardio', 'min': 130, 'max': 161}, {'minutes': 0, 'caloriesOut': 0.0, 'name': 'Peak', 'min': 162, 'max': 220}]","{'totalMinutes': 14, 'minutesInHeartRateZones': [{'minutes': 0, 'zoneName': 'Out of Range', 'order': 0, 'type': 'OUT_OF_ZONE', 'minuteMultiplier': 0}, {'minutes': 6, 'zoneName': 'Fat Burn', 'order': 1, 'type': 'FAT_BURN', 'minuteMultiplier': 1}, {'minutes': 4, 'zoneName': 'Cardio', 'order': 2, 'type': 'CARDIO', 'minuteMultiplier': 2}, {'minutes': 0, 'zoneName': 'Peak', 'order': 3, 'type': 'PEAK', 'minuteMultiplier': 2}]}"
2026-03-27 21:44:38+09:00,6601194140018930992,Outdoor Bike,1071,2026-03-27T21:44:38.000+09:00,1434000,23,72,,0.122099,Mile,auto_detected,,,93.0,"[{'minutes': 21, 'caloriesOut': 69.032544, 'name': 'Out of Range', 'min': 30, 'max': 104}, {'minutes': 2, 'caloriesOut': 2.979083, 'name': 'Fat Burn', 'min': 105, 'max': 129}, {'minutes': 0, 'caloriesOut': 0.0, 'name': 'Cardio', 'min': 130, 'max': 161}, {'minutes': 0, 'caloriesOut': 0.0, 'name': 'Peak', 'min': 162, 'max': 220}]","{'totalMinutes': 2, 'minutesInHeartRateZones': [{'minutes': 0, 'zoneName': 'Out of Range', 'order': 0, 'type': 'OUT_OF_ZONE', 'minuteMultiplier': 0}, {'minutes': 2, 'zoneName': 'Fat Burn', 'order': 1, 'type': 'FAT_BURN', 'minuteMultiplier': 1}, {'minutes': 0, 'zoneName': 'Cardio', 'order': 2, 'type': 'CARDIO', 'minuteMultiplier': 2}, {'minutes': 0, 'zoneName': 'Peak', 'order': 3, 'type': 'PEAK', 'minuteMultiplier': 2}]}"
2026-03-28 07:14:44+09:00,2261457403263207112,Outdoor Bike,1071,2026-03-28T07:14:44.000+09:00,918000,15,72,,0.082705,Mile,auto_detected,,,105.0,"[{'minutes': 10, 'caloriesOut': 45.918969, 'name': 'Out of Range', 'min': 30, 'max': 105}, {'minutes': 5, 'caloriesOut': 26.400839, 'name': 'Fat Burn', 'min': 106, 'max': 130}, {'minutes': 0, 'caloriesOut': 0.0, 'name': 'Cardio', 'min': 131, 'max': 161}, {'minutes': 0, 'caloriesOut': 0.0, 'name': 'Peak', 'min': 162, 'max': 220}]","{'totalMinutes': 5, 'minutesInHeartRateZones': [{'minutes': 0, 'zoneName': 'Out of Range', 'order': 0, 'type': 'OUT_OF_ZONE', 'minuteMultiplier': 0}, {'minutes': 5, 'zoneName': 'Fat Burn', 'order': 1, 'type': 'FAT_BURN', 'minuteMultiplier': 1}, {'minutes': 0, 'zoneName': 'Cardio', 'order': 2, 'type': 'CARDIO', 'minuteMultiplier': 2}, {'minutes': 0, 'zoneName': 'Peak', 'order': 3, 'type': 'PEAK', 'minuteMultiplier': 2}]}"
2026-03-28 08:25:31+09:00,220685249290982880,Outdoor Bike,1071,2026-03-28T08:25:31.000+09:00,1075000,17,53,,0.092274,Mile,auto_detected,,,97.0,"[{'minutes': 15, 'caloriesOut': 46.124423, 'name': 'Out of Range', 'min': 30, 'max': 105}, {'minutes': 2, 'caloriesOut': 7.19089, 'name': 'Fat Burn', 'min': 106, 'max': 130}, {'minutes': 0, 'caloriesOut': 0.0, 'name': 'Cardio', 'min': 131, 'max': 161}, {'minutes': 0, 'caloriesOut': 0.0, 'name': 'Peak', 'min': 162, 'max': 220}]","{'totalMinutes': 2, 'minutesInHeartRateZones': [{'minutes': 0, 'zoneName': 'Out of Range', 'order': 0, 'type': 'OUT_OF_ZONE', 'minuteMultiplier': 0}, {'minutes': 2, 'zoneName': 'Fat Burn', 'order': 1, 'type': 'FAT_BURN', 'minuteMultiplier': 1}, {'minutes': 0, 'zoneName': 'Cardio', 'order': 2, 'type': 'CARDIO', 'minuteMultiplier': 2}, {'minutes': 0, 'zoneName': 'Peak', 'order': 3, 'type': 'PEAK', 'minuteMultiplier': 2}]}"
2026-03-28 21:59:36+09:00,8001099351975486784,Outdoor Bike,1071,2026-03-28T21:59:36.000+09:00,1536000,25,106,,0.311804,Mile,auto_detected,,,94.0,"[{'minutes': 22, 'caloriesOut': 91.632484, 'name': 'Out of Range', 'min': 30, 'max': 105}, {'minutes': 3, 'caloriesOut': 14.38178, 'name': 'Fat Burn', 'min': 106, 'max': 130}, {'minutes': 0, 'caloriesOut': 0.0, 'name': 'Cardio', 'min': 131, 'max': 161}, {'minutes': 0, 'caloriesOut': 0.0, 'name': 'Peak', 'min': 162, 'max': 220}]","{'totalMinutes': 3, 'minutesInHeartRateZones': [{'minutes': 0, 'zoneName': 'Out of Range', 'order': 0, 'type': 'OUT_OF_ZONE', 'minuteMultiplier': 0}, {'minutes': 3, 'zoneName': 'Fat Burn', 'order': 1, 'type': 'FAT_BURN', 'minuteMultiplier': 1}, {'minutes': 0, 'zoneName': 'Cardio', 'order': 2, 'type': 'CARDIO', 'minuteMultiplier': 2}, {'minutes': 0, 'zoneName': 'Peak', 'order': 3, 'type': 'PEAK', 'minuteMultiplier': 2}]}"
2026-03-29 06:32:26+09:00,6714205603429375056,Outdoor Bike,1071,2026-03-29T06:32:26.000+09:00,1023000,17,64,,0.086992,Mile,auto_detected,,,98.0,"[{'minutes': 16, 'caloriesOut': 59.787114, 'name': 'Out of Range', 'min': 30, 'max': 105}, {'minutes': 1, 'caloriesOut': 4.930896, 'name': 'Fat Burn', 'min': 106, 'max': 130}, {'minutes': 0, 'caloriesOut': 0.0, 'name': 'Cardio', 'min': 131, 'max': 161}, {'minutes': 0, 'caloriesOut': 0.0, 'name': 'Peak', 'min': 162, 'max': 220}]","{'totalMinutes': 1, 'minutesInHeartRateZones': [{'minutes': 0, 'zoneName': 'Out of Range', 'order': 0, 'type': 'OUT_OF_ZONE', 'minuteMultiplier': 0}, {'minutes': 1, 'zoneName': 'Fat Burn', 'order': 1, 'type': 'FAT_BURN', 'minuteMultiplier': 1}, {'minutes': 0, 'zoneName': 'Cardio', 'order': 2, 'type': 'CARDIO', 'minuteMultiplier': 2}, {'minutes': 0, 'zoneName': 'Peak', 'order': 3, 'type': 'PEAK', 'minuteMultiplier': 2}]}"
2026-03-29 10:39:53+09:00,8006632898094891224,Outdoor Bike,1071,2026-03-29T10:39:53.000+09:00,716000,11,48,,0.193122,Mile,auto_detected,,,94.0,"[{'minutes': 10, 'caloriesOut': 44.583518, 'name': 'Out of Range', 'min': 30, 'max': 105}, {'minutes': 1, 'caloriesOut': 3.903626, 'name': 'Fat Burn', 'min': 106, 'max': 130}, {'minutes': 0, 'caloriesOut': 0.0, 'name': 'Cardio', 'min': 131, 'max': 161}, {'minutes': 0, 'caloriesOut': 0.0, 'name': 'Peak', 'min': 162, 'max': 220}]","{'totalMinutes': 1, 'minutesInHeartRateZones': [{'minutes': 0, 'zoneName': 'Out of Range', 'order': 0, 'type': 'OUT_OF_ZONE', 'minuteMultiplier': 0}, {'minutes': 1, 'zoneName': 'Fat Burn', 'order': 1, 'type': 'FAT_BURN', 'minuteMultiplier': 1}, {'minutes': 0, 'zoneName': 'Cardio', 'order': 2, 'type': 'CARDIO', 'minuteMultiplier': 2}, {'minutes': 0, 'zoneName': 'Peak', 'order': 3, 'type': 'PEAK', 'minuteMultiplier': 2}]}"
2026-03-29 16:12:41+09:00,3183242645976438256,Outdoor Bike,1071,2026-03-29T16:12:41.000+09:00,868000,14,41,,0.070526,Mile,auto_detected,,,99.0,"[{'minutes': 13, 'caloriesOut': 41.707162, 'name': 'Out of Range', 'min': 30, 'max': 105}, {'minutes': 1, 'caloriesOut': 0.0, 'name': 'Fat Burn', 'min': 106, 'max': 130}, {'minutes': 0, 'caloriesOut': 0.0, 'name': 'Cardio', 'min': 131, 'max': 161}, {'minutes': 0, 'caloriesOut': 0.0, 'name': 'Peak', 'min': 162, 'max': 220}]","{'totalMinutes': 1, 'minutesInHeartRateZones': [{'minutes': 0, 'zoneName': 'Out of Range', 'order': 0, 'type': 'OUT_OF_ZONE', 'minuteMultiplier': 0}, {'minutes': 1, 'zoneName': 'Fat Burn', 'order': 1, 'type': 'FAT_BURN', 'minuteMultiplier': 1}, {'minutes': 0, 'zoneName': 'Cardio', 'order': 2, 'type': 'CARDIO', 'minuteMultiplier': 2}, {'minutes': 0, 'zoneName': 'Peak', 'order': 3, 'type': 'PEAK', 'minuteMultiplier': 2}]}"
2026-03-29 16:50:12+09:00,28367775144407208,Walk,90013,2026-03-29T16:50:12.000+09:00,667000,11,68,1011.0,0.438315,Mile,auto_detected,,,102.0,"[{'minutes': 10, 'caloriesOut': 61.6362, 'name': 'Out of Range', 'min': 30, 'max': 105}, {'minutes': 1, 'caloriesOut': 6.574528, 'name': 'Fat Burn', 'min': 106, 'max': 130}, {'minutes': 0, 'caloriesOut': 0.0, 'name': 'Cardio', 'min': 131, 'max': 161}, {'minutes': 0, 'caloriesOut': 0.0, 'name': 'Peak', 'min': 162, 'max': 220}]","{'totalMinutes': 1, 'minutesInHeartRateZones': [{'minutes': 0, 'zoneName': 'Out of Range', 'order': 0, 'type': 'OUT_OF_ZONE', 'minuteMultiplier': 0}, {'minutes': 1, 'zoneName': 'Fat Burn', 'order': 1, 'type': 'FAT_BURN', 'minuteMultiplier': 1}, {'minutes': 0, 'zoneName': 'Cardio', 'order': 2, 'type': 'CARDIO', 'minuteMultiplier': 2}, {'minutes': 0, 'zoneName': 'Peak', 'order': 3, 'type': 'PEAK', 'minuteMultiplier': 2}]}"
2026-03-29 19:01:38+09:00,8057487484345401552,Walk,90013,2026-03-29T19:01:38.000+09:00,615000,10,58,924.0,0.399045,Mile,auto_detected,,,87.0,"[{'minutes': 10, 'caloriesOut': 58.965298, 'name': 'Out of Range', 'min': 30, 'max': 105}, {'minutes': 0, 'caloriesOut': 0.0, 'name': 'Fat Burn', 'min': 106, 'max': 130}, {'minutes': 0, 'caloriesOut': 0.0, 'name': 'Cardio', 'min': 131, 'max': 161}, {'minutes': 0, 'caloriesOut': 0.0, 'name': 'Peak', 'min': 162, 'max': 220}]","{'totalMinutes': 0, 'minutesInHeartRateZones': [{'minutes': 0, 'zoneName': 'Out of Range', 'order': 0, 'type': 'OUT_OF_ZONE', 'minuteMultiplier': 0}, {'minutes': 0, 'zoneName': 'Fat Burn', 'order': 1, 'type': 'FAT_BURN', 'minuteMultiplier': 1}, {'minutes': 0, 'zoneName': 'Cardio', 'order': 2, 'type': 'CARDIO', 'minuteMultiplier': 2}, {'minutes': 0, 'zoneName': 'Peak', 'order': 3, 'type': 'PEAK', 'minuteMultiplier': 2}]}"
2026-03-30 06:58:17+09:00,7162692549227747128,Outdoor Bike,1071,2026-03-30T06:58:17.000+09:00,1491000,24,79,,0.226055,Mile,auto_detected,,,96.0,"[{'minutes': 21, 'caloriesOut': 69.957087, 'name': 'Out of Range', 'min': 30, 'max': 103}, {'minutes': 3, 'caloriesOut': 9.656338, 'name': 'Fat Burn', 'min': 104, 'max': 128}, {'minutes': 0, 'caloriesOut': 0.0, 'name': 'Cardio', 'min': 129, 'max': 160}, {'minutes': 0, 'caloriesOut': 0.0, 'name': 'Peak', 'min': 161, 'max': 220}]","{'totalMinutes': 3, 'minutesInHeartRateZones': [{'minutes': 0, 'zoneName': 'Out of Range', 'order': 0, 'type': 'OUT_OF_ZONE', 'minuteMultiplier': 0}, {'minutes': 3, 'zoneName': 'Fat Burn', 'order': 1, 'type': 'FAT_BURN', 'minuteMultiplier': 1}, {'minutes': 0, 'zoneName': 'Cardio', 'order': 2, 'type': 'CARDIO', 'minuteMultiplier': 2}, {'minutes': 0, 'zoneName': 'Peak', 'order': 3, 'type': 'PEAK', 'minuteMultiplier': 2}]}"
2026-03-30 16:13:26+09:00,2031624820690085408,Weights,2131,2026-03-30T16:13:26.000+09:00,1403000,23,103,318.0,,,tracker,,,99.0,"[{'minutes': 12, 'caloriesOut': 47.870782, 'name': 'Out of Range', 'min': 30, 'max': 103}, {'minutes': 11, 'caloriesOut': 55.575307, 'name': 'Fat Burn', 'min': 104, 'max': 128}, {'minutes': 0, 'caloriesOut': 0.0, 'name': 'Cardio', 'min': 129, 'max': 160}, {'minutes': 0, 'caloriesOut': 0.0, 'name': 'Peak', 'min': 161, 'max': 220}]","{'totalMinutes': 11, 'minutesInHeartRateZones': [{'minutes': 0, 'zoneName': 'Out of Range', 'order': 0, 'type': 'OUT_OF_ZONE', 'minuteMultiplier': 0}, {'minutes': 11, 'zoneName': 'Fat Burn', 'order': 1, 'type': 'FAT_BURN', 'minuteMultiplier': 1}, {'minutes': 0, 'zoneName': 'Cardio', 'order': 2, 'type': 'CARDIO', 'minuteMultiplier': 2}, {'minutes': 0, 'zoneName': 'Peak', 'order': 3, 'type': 'PEAK', 'minuteMultiplier': 2}]}"
2026-03-30 18:36:23+09:00,4900834771381979328,Outdoor Bike,1071,2026-03-30T18:36:23.000+09:00,922000,15,69,,0.068786,Mile,auto_detected,,,104.0,"[{'minutes': 11, 'caloriesOut': 51.158046, 'name': 'Out of Range', 'min': 30, 'max': 103}, {'minutes': 3, 'caloriesOut': 14.176326, 'name': 'Fat Burn', 'min': 104, 'max': 128}, {'minutes': 1, 'caloriesOut': 4.519988, 'name': 'Cardio', 'min': 129, 'max': 160}, {'minutes': 0, 'caloriesOut': 0.0, 'name': 'Peak', 'min': 161, 'max': 220}]","{'totalMinutes': 5, 'minutesInHeartRateZones': [{'minutes': 0, 'zoneName': 'Out of Range', 'order': 0, 'type': 'OUT_OF_ZONE', 'minuteMultiplier': 0}, {'minutes': 3, 'zoneName': 'Fat Burn', 'order': 1, 'type': 'FAT_BURN', 'minuteMultiplier': 1}, {'minutes': 1, 'zoneName': 'Cardio', 'order': 2, 'type': 'CARDIO', 'minuteMultiplier': 2}, {'minutes': 0, 'zoneName': 'Peak', 'order': 3, 'type': 'PEAK', 'minuteMultiplier': 2}]}"
2026-03-31 06:59:38+09:00,3609703934941502552,Walk,90013,2026-03-31T06:59:38.000+09:00,616000,10,56,856.0,0.364434,Mile,auto_detected,,,87.0,"[{'minutes': 10, 'caloriesOut': 56.49985, 'name': 'Out of Range', 'min': 30, 'max': 103}, {'minutes': 0, 'caloriesOut': 0.0, 'name': 'Fat Burn', 'min': 104, 'max': 128}, {'minutes': 0, 'caloriesOut': 0.0, 'name': 'Cardio', 'min': 129, 'max': 160}, {'minutes': 0, 'caloriesOut': 0.0, 'name': 'Peak', 'min': 161, 'max': 220}]","{'totalMinutes': 0, 'minutesInHeartRateZones': [{'minutes': 0, 'zoneName': 'Out of Range', 'order': 0, 'type': 'OUT_OF_ZONE', 'minuteMultiplier': 0}, {'minutes': 0, 'zoneName': 'Fat Burn', 'order': 1, 'type': 'FAT_BURN', 'minuteMultiplier': 1}, {'minutes': 0, 'zoneName': 'Cardio', 'order': 2, 'type': 'CARDIO', 'minuteMultiplier': 2}, {'minutes': 0, 'zoneName': 'Peak', 'order': 3, 'type': 'PEAK', 'minuteMultiplier': 2}]}"
2026-03-31 20:41:21+09:00,47002863687987864,Walk,90013,2026-03-31T20:41:21.000+09:00,615000,10,54,838.0,0.357537,Mile,auto_detected,,,89.0,"[{'minutes': 9, 'caloriesOut': 54.856218, 'name': 'Out of Range', 'min': 30, 'max': 103}, {'minutes': 1, 'caloriesOut': 0.0, 'name': 'Fat Burn', 'min': 104, 'max': 128}, {'minutes': 0, 'caloriesOut': 0.0, 'name': 'Cardio', 'min': 129, 'max': 160}, {'minutes': 0, 'caloriesOut': 0.0, 'name': 'Peak', 'min': 161, 'max': 220}]","{'totalMinutes': 1, 'minutesInHeartRateZones': [{'minutes': 0, 'zoneName': 'Out of Range', 'order': 0, 'type': 'OUT_OF_ZONE', 'minuteMultiplier': 0}, {'minutes': 1, 'zoneName': 'Fat Burn', 'order': 1, 'type': 'FAT_BURN', 'minuteMultiplier': 1}, {'minutes': 0, 'zoneName': 'Cardio', 'order': 2, 'type': 'CARDIO', 'minuteMultiplier': 2}, {'minutes': 0, 'zoneName': 'Peak', 'order': 3, 'type': 'PEAK', 'minuteMultiplier': 2}]}"
2026-04-01 06:55:45+09:00,8069896751509149400,Outdoor Bike,1071,2026-04-01T06:55:45.000+09:00,1178000,19,88,,0.334173,Mile,auto_detected,,,103.0,"[{'minutes': 10, 'caloriesOut': 48.384417, 'name': 'Out of Range', 'min': 30, 'max': 103}, {'minutes': 9, 'caloriesOut': 40.474438, 'name': 'Fat Burn', 'min': 104, 'max': 129}, {'minutes': 0, 'caloriesOut': 0.0, 'name': 'Cardio', 'min': 130, 'max': 160}, {'minutes': 0, 'caloriesOut': 0.0, 'name': 'Peak', 'min': 161, 'max': 220}]","{'totalMinutes': 9, 'minutesInHeartRateZones': [{'minutes': 0, 'zoneName': 'Out of Range', 'order': 0, 'type': 'OUT_OF_ZONE', 'minuteMultiplier': 0}, {'minutes': 9, 'zoneName': 'Fat Burn', 'order': 1, 'type': 'FAT_BURN', 'minuteMultiplier': 1}, {'minutes': 0, 'zoneName': 'Cardio', 'order': 2, 'type': 'CARDIO', 'minuteMultiplier': 2}, {'minutes': 0, 'zoneName': 'Peak', 'order': 3, 'type': 'PEAK', 'minuteMultiplier': 2}]}"
2026-04-04 06:38:06+09:00,5169683964564364312,Outdoor Bike,1071,2026-04-04T06:38:06.000+09:00,819000,13,64,,0.141486,Mile,auto_detected,,,104.0,"[{'minutes': 6, 'caloriesOut': 31.84537, 'name': 'Out of Range', 'min': 30, 'max': 103}, {'minutes': 7, 'caloriesOut': 32.461732, 'name': 'Fat Burn', 'min': 104, 'max': 129}, {'minutes': 0, 'caloriesOut': 0.0, 'name': 'Cardio', 'min': 130, 'max': 160}, {'minutes': 0, 'caloriesOut': 0.0, 'name': 'Peak', 'min': 161, 'max': 220}]","{'totalMinutes': 7, 'minutesInHeartRateZones': [{'minutes': 0, 'zoneName': 'Out of Range', 'order': 0, 'type': 'OUT_OF_ZONE', 'minuteMultiplier': 0}, {'minutes': 7, 'zoneName': 'Fat Burn', 'order': 1, 'type': 'FAT_BURN', 'minuteMultiplier': 1}, {'minutes': 0, 'zoneName': 'Cardio', 'order': 2, 'type': 'CARDIO', 'minuteMultiplier': 2}, {'minutes': 0, 'zoneName': 'Peak', 'order': 3, 'type': 'PEAK', 'minuteMultiplier': 2}]}"
2026-04-04 08:40:06+09:00,1685493752869591544,Outdoor Bike,1071,2026-04-04T08:40:06.000+09:00,820000,13,59,,0.213006,Mile,auto_detected,,,112.0,"[{'minutes': 4, 'caloriesOut': 18.079952, 'name': 'Out of Range', 'min': 30, 'max': 103}, {'minutes': 7, 'caloriesOut': 29.688103, 'name': 'Fat Burn', 'min': 104, 'max': 129}, {'minutes': 2, 'caloriesOut': 11.505424, 'name': 'Cardio', 'min': 130, 'max': 160}, {'minutes': 0, 'caloriesOut': 0.0, 'name': 'Peak', 'min': 161, 'max': 220}]","{'totalMinutes': 11, 'minutesInHeartRateZones': [{'minutes': 0, 'zoneName': 'Out of Range', 'order': 0, 'type': 'OUT_OF_ZONE', 'minuteMultiplier': 0}, {'minutes': 7, 'zoneName': 'Fat Burn', 'order': 1, 'type': 'FAT_BURN', 'minuteMultiplier': 1}, {'minutes': 2, 'zoneName': 'Cardio', 'order': 2, 'type': 'CARDIO', 'minuteMultiplier': 2}, {'minutes': 0, 'zoneName': 'Peak', 'order': 3, 'type': 'PEAK', 'minuteMultiplier': 2}]}"
2026-04-04 17:43:39+09:00,2902675112590479656,Outdoor Bike,1071,2026-04-04T17:43:39.000+09:00,1741000,29,129,,0.281978,Mile,auto_detected,,,111.0,"[{'minutes': 10, 'caloriesOut': 41.296254, 'name': 'Out of Range', 'min': 30, 'max': 103}, {'minutes': 17, 'caloriesOut': 82.1816, 'name': 'Fat Burn', 'min': 104, 'max': 129}, {'minutes': 2, 'caloriesOut': 6.060893, 'name': 'Cardio', 'min': 130, 'max': 160}, {'minutes': 0, 'caloriesOut': 0.0, 'name': 'Peak', 'min': 161, 'max': 220}]","{'totalMinutes': 21, 'minutesInHeartRateZones': [{'minutes': 0, 'zoneName': 'Out of Range', 'order': 0, 'type': 'OUT_OF_ZONE', 'minuteMultiplier': 0}, {'minutes': 17, 'zoneName': 'Fat Burn', 'order': 1, 'type': 'FAT_BURN', 'minuteMultiplier': 1}, {'minutes': 2, 'zoneName': 'Cardio', 'order': 2, 'type': 'CARDIO', 'minuteMultiplier': 2}, {'minutes': 0, 'zoneName': 'Peak', 'order': 3, 'type': 'PEAK', 'minuteMultiplier': 2}]}"
2026-04-05 05:54:05+09:00,8735047927661899184,Outdoor Bike,1071,2026-04-05T05:54:05.000+09:00,1894000,31,98,,0.249108,Mile,auto_detected,,,89.0,"[{'minutes': 27, 'caloriesOut': 89.475217, 'name': 'Out of Range', 'min': 30, 'max': 103}, {'minutes': 4, 'caloriesOut': 9.142703, 'name': 'Fat Burn', 'min': 104, 'max': 128}, {'minutes': 0, 'caloriesOut': 0.0, 'name': 'Cardio', 'min': 129, 'max': 160}, {'minutes': 0, 'caloriesOut': 0.0, 'name': 'Peak', 'min': 161, 'max': 220}]","{'totalMinutes': 4, 'minutesInHeartRateZones': [{'minutes': 0, 'zoneName': 'Out of Range', 'order': 0, 'type': 'OUT_OF_ZONE', 'minuteMultiplier': 0}, {'minutes': 4, 'zoneName': 'Fat Burn', 'order': 1, 'type': 'FAT_BURN', 'minuteMultiplier': 1}, {'minutes': 0, 'zoneName': 'Cardio', 'order': 2, 'type': 'CARDIO', 'minuteMultiplier': 2}, {'minutes': 0, 'zoneName': 'Peak', 'order': 3, 'type': 'PEAK', 'minuteMultiplier': 2}]}"
2026-04-05 08:12:19+09:00,5309183302547883104,Outdoor Bike,1071,2026-04-05T08:12:19.000+09:00,1178000,19,61,,0.137261,Mile,auto_detected,,,91.0,"[{'minutes': 16, 'caloriesOut': 52.904405, 'name': 'Out of Range', 'min': 30, 'max': 103}, {'minutes': 3, 'caloriesOut': 8.320887, 'name': 'Fat Burn', 'min': 104, 'max': 128}, {'minutes': 0, 'caloriesOut': 0.0, 'name': 'Cardio', 'min': 129, 'max': 160}, {'minutes': 0, 'caloriesOut': 0.0, 'name': 'Peak', 'min': 161, 'max': 220}]","{'totalMinutes': 3, 'minutesInHeartRateZones': [{'minutes': 0, 'zoneName': 'Out of Range', 'order': 0, 'type': 'OUT_OF_ZONE', 'minuteMultiplier': 0}, {'minutes': 3, 'zoneName': 'Fat Burn', 'order': 1, 'type': 'FAT_BURN', 'minuteMultiplier': 1}, {'minutes': 0, 'zoneName': 'Cardio', 'order': 2, 'type': 'CARDIO', 'minuteMultiplier': 2}, {'minutes': 0, 'zoneName': 'Peak', 'order': 3, 'type': 'PEAK', 'minuteMultiplier': 2}]}"
2026-04-05 17:20:59+09:00,9027917911316024688,Outdoor Bike,1071,2026-04-05T17:20:59.000+09:00,1280000,21,72,,0.108243,Mile,auto_detected,,,95.0,"[{'minutes': 17, 'caloriesOut': 55.369853, 'name': 'Out of Range', 'min': 30, 'max': 103}, {'minutes': 4, 'caloriesOut': 16.641774, 'name': 'Fat Burn', 'min': 104, 'max': 128}, {'minutes': 0, 'caloriesOut': 0.0, 'name': 'Cardio', 'min': 129, 'max': 160}, {'minutes': 0, 'caloriesOut': 0.0, 'name': 'Peak', 'min': 161, 'max': 220}]","{'totalMinutes': 4, 'minutesInHeartRateZones': [{'minutes': 0, 'zoneName': 'Out of Range', 'order': 0, 'type': 'OUT_OF_ZONE', 'minuteMultiplier': 0}, {'minutes': 4, 'zoneName': 'Fat Burn', 'order': 1, 'type': 'FAT_BURN', 'minuteMultiplier': 1}, {'minutes': 0, 'zoneName': 'Cardio', 'order': 2, 'type': 'CARDIO', 'minuteMultiplier': 2}, {'minutes': 0, 'zoneName': 'Peak', 'order': 3, 'type': 'PEAK', 'minuteMultiplier': 2}]}"
2026-04-05 18:19:52+09:00,4305737011997110928,Outdoor Bike,1071,2026-04-05T18:19:52.000+09:00,819000,13,33,,0.045857,Mile,auto_detected,,,87.0,"[{'minutes': 13, 'caloriesOut': 33.89991, 'name': 'Out of Range', 'min': 30, 'max': 103}, {'minutes': 0, 'caloriesOut': 0.0, 'name': 'Fat Burn', 'min': 104, 'max': 128}, {'minutes': 0, 'caloriesOut': 0.0, 'name': 'Cardio', 'min': 129, 'max': 160}, {'minutes': 0, 'caloriesOut': 0.0, 'name': 'Peak', 'min': 161, 'max': 220}]","{'totalMinutes': 0, 'minutesInHeartRateZones': [{'minutes': 0, 'zoneName': 'Out of Range', 'order': 0, 'type': 'OUT_OF_ZONE', 'minuteMultiplier': 0}, {'minutes': 0, 'zoneName': 'Fat Burn', 'order': 1, 'type': 'FAT_BURN', 'minuteMultiplier': 1}, {'minutes': 0, 'zoneName': 'Cardio', 'order': 2, 'type': 'CARDIO', 'minuteMultiplier': 2}, {'minutes': 0, 'zoneName': 'Peak', 'order': 3, 'type': 'PEAK', 'minuteMultiplier': 2}]}"
2026-04-06 05:47:39+09:00,6930887194763321720,Outdoor Bike,1071,2026-04-06T05:47:39.000+09:00,1383000,23,70,,0.147016,Mile,auto_detected,,,94.0,"[{'minutes': 21, 'caloriesOut': 64.512556, 'name': 'Out of Range', 'min': 30, 'max': 102}, {'minutes': 2, 'caloriesOut': 5.958166, 'name': 'Fat Burn', 'min': 103, 'max': 128}, {'minutes': 0, 'caloriesOut': 0.0, 'name': 'Cardio', 'min': 129, 'max': 160}, {'minutes': 0, 'caloriesOut': 0.0, 'name': 'Peak', 'min': 161, 'max': 220}]","{'totalMinutes': 2, 'minutesInHeartRateZones': [{'minutes': 0, 'zoneName': 'Out of Range', 'order': 0, 'type': 'OUT_OF_ZONE', 'minuteMultiplier': 0}, {'minutes': 2, 'zoneName': 'Fat Burn', 'order': 1, 'type': 'FAT_BURN', 'minuteMultiplier': 1}, {'minutes': 0, 'zoneName': 'Cardio', 'order': 2, 'type': 'CARDIO', 'minuteMultiplier': 2}, {'minutes': 0, 'zoneName': 'Peak', 'order': 3, 'type': 'PEAK', 'minuteMultiplier': 2}]}"
2026-04-06 19:27:39+09:00,5687068600500604824,Outdoor Bike,1071,2026-04-06T19:27:39.000+09:00,1536000,25,76,,0.125144,Mile,auto_detected,,,96.0,"[{'minutes': 21, 'caloriesOut': 62.868924, 'name': 'Out of Range', 'min': 30, 'max': 102}, {'minutes': 3, 'caloriesOut': 9.24543, 'name': 'Fat Burn', 'min': 103, 'max': 128}, {'minutes': 1, 'caloriesOut': 4.519988, 'name': 'Cardio', 'min': 129, 'max': 160}, {'minutes': 0, 'caloriesOut': 0.0, 'name': 'Peak', 'min': 161, 'max': 220}]","{'totalMinutes': 5, 'minutesInHeartRateZones': [{'minutes': 0, 'zoneName': 'Out of Range', 'order': 0, 'type': 'OUT_OF_ZONE', 'minuteMultiplier': 0}, {'minutes': 3, 'zoneName': 'Fat Burn', 'order': 1, 'type': 'FAT_BURN', 'minuteMultiplier': 1}, {'minutes': 1, 'zoneName': 'Cardio', 'order': 2, 'type': 'CARDIO', 'minuteMultiplier': 2}, {'minutes': 0, 'zoneName': 'Peak', 'order': 3, 'type': 'PEAK', 'minuteMultiplier': 2}]}"
2026-04-07 05:55:41+09:00,3563174557452306472,Outdoor Bike,1071,2026-04-07T05:55:41.000+09:00,871000,14,59,,0.073384,Mile,auto_detected,,,98.0,"[{'minutes': 12, 'caloriesOut': 50.747138, 'name': 'Out of Range', 'min': 30, 'max': 103}, {'minutes': 2, 'caloriesOut': 8.320887, 'name': 'Fat Burn', 'min': 104, 'max': 129}, {'minutes': 0, 'caloriesOut': 0.0, 'name': 'Cardio', 'min': 130, 'max': 160}, {'minutes': 0, 'caloriesOut': 0.0, 'name': 'Peak', 'min': 161, 'max': 220}]","{'totalMinutes': 2, 'minutesInHeartRateZones': [{'minutes': 0, 'zoneName': 'Out of Range', 'order': 0, 'type': 'OUT_OF_ZONE', 'minuteMultiplier': 0}, {'minutes': 2, 'zoneName': 'Fat Burn', 'order': 1, 'type': 'FAT_BURN', 'minuteMultiplier': 1}, {'minutes': 0, 'zoneName': 'Cardio', 'order': 2, 'type': 'CARDIO', 'minuteMultiplier': 2}, {'minutes': 0, 'zoneName': 'Peak', 'order': 3, 'type': 'PEAK', 'minuteMultiplier': 2}]}"
2026-04-07 07:04:42+09:00,7277781490669420120,Outdoor Bike,1071,2026-04-07T07:04:42.000+09:00,665000,11,42,,0.18871,Mile,auto_detected,,,99.0,"[{'minutes': 9, 'caloriesOut': 35.748996, 'name': 'Out of Range', 'min': 30, 'max': 103}, {'minutes': 2, 'caloriesOut': 6.574528, 'name': 'Fat Burn', 'min': 104, 'max': 129}, {'minutes': 0, 'caloriesOut': 0.0, 'name': 'Cardio', 'min': 130, 'max': 160}, {'minutes': 0, 'caloriesOut': 0.0, 'name': 'Peak', 'min': 161, 'max': 220}]","{'totalMinutes': 2, 'minutesInHeartRateZones': [{'minutes': 0, 'zoneName': 'Out of Range', 'order': 0, 'type': 'OUT_OF_ZONE', 'minuteMultiplier': 0}, {'minutes': 2, 'zoneName': 'Fat Burn', 'order': 1, 'type': 'FAT_BURN', 'minuteMultiplier': 1}, {'minutes': 0, 'zoneName': 'Cardio', 'order': 2, 'type': 'CARDIO', 'minuteMultiplier': 2}, {'minutes': 0, 'zoneName': 'Peak', 'order': 3, 'type': 'PEAK', 'minuteMultiplier': 2}]}"
2026-04-07 16:58:09+09:00,185956152705586304,Weights,2131,2026-04-07T16:58:09.000+09:00,1496000,24,83,239.0,,,tracker,,,87.0,"[{'minutes': 24, 'caloriesOut': 83.106143, 'name': 'Out of Range', 'min': 30, 'max': 103}, {'minutes': 0, 'caloriesOut': 0.0, 'name': 'Fat Burn', 'min': 104, 'max': 129}, {'minutes': 0, 'caloriesOut': 0.0, 'name': 'Cardio', 'min': 130, 'max': 160}, {'minutes': 0, 'caloriesOut': 0.0, 'name': 'Peak', 'min': 161, 'max': 220}]","{'totalMinutes': 0, 'minutesInHeartRateZones': [{'minutes': 0, 'zoneName': 'Out of Range', 'order': 0, 'type': 'OUT_OF_ZONE', 'minuteMultiplier': 0}, {'minutes': 0, 'zoneName': 'Fat Burn', 'order': 1, 'type': 'FAT_BURN', 'minuteMultiplier': 1}, {'minutes': 0, 'zoneName': 'Cardio', 'order': 2, 'type': 'CARDIO', 'minuteMultiplier': 2}, {'minutes': 0, 'zoneName': 'Peak', 'order': 3, 'type': 'PEAK', 'minuteMultiplier': 2}]}"
2026-04-07 20:11:32+09:00,6327439051283711312,Outdoor Bike,1071,2026-04-07T20:11:32.000+09:00,1485000,24,88,,0.260727,Mile,auto_detected,,,92.0,"[{'minutes': 22, 'caloriesOut': 80.12706, 'name': 'Out of Range', 'min': 30, 'max': 103}, {'minutes': 1, 'caloriesOut': 4.519988, 'name': 'Fat Burn', 'min': 104, 'max': 129}, {'minutes': 1, 'caloriesOut': 3.903626, 'name': 'Cardio', 'min': 130, 'max': 160}, {'minutes': 0, 'caloriesOut': 0.0, 'name': 'Peak', 'min': 161, 'max': 220}]","{'totalMinutes': 3, 'minutesInHeartRateZones': [{'minutes': 0, 'zoneName': 'Out of Range', 'order': 0, 'type': 'OUT_OF_ZONE', 'minuteMultiplier': 0}, {'minutes': 1, 'zoneName': 'Fat Burn', 'order': 1, 'type': 'FAT_BURN', 'minuteMultiplier': 1}, {'minutes': 1, 'zoneName': 'Cardio', 'order': 2, 'type': 'CARDIO', 'minuteMultiplier': 2}, {'minutes': 0, 'zoneName': 'Peak', 'order': 3, 'type': 'PEAK', 'minuteMultiplier': 2}]}"
2026-04-08 06:08:01+09:00,8228342709469107440,Outdoor Bike,1071,2026-04-08T06:08:01.000+09:00,918000,15,45,,0.111039,Mile,auto_detected,,,95.0,"[{'minutes': 14, 'caloriesOut': 41.809889, 'name': 'Out of Range', 'min': 30, 'max': 104}, {'minutes': 1, 'caloriesOut': 3.492718, 'name': 'Fat Burn', 'min': 105, 'max': 129}, {'minutes': 0, 'caloriesOut': 0.0, 'name': 'Cardio', 'min': 130, 'max': 161}, {'minutes': 0, 'caloriesOut': 0.0, 'name': 'Peak', 'min': 162, 'max': 220}]","{'totalMinutes': 1, 'minutesInHeartRateZones': [{'minutes': 0, 'zoneName': 'Out of Range', 'order': 0, 'type': 'OUT_OF_ZONE', 'minuteMultiplier': 0}, {'minutes': 1, 'zoneName': 'Fat Burn', 'order': 1, 'type': 'FAT_BURN', 'minuteMultiplier': 1}, {'minutes': 0, 'zoneName': 'Cardio', 'order': 2, 'type': 'CARDIO', 'minuteMultiplier': 2}, {'minutes': 0, 'zoneName': 'Peak', 'order': 3, 'type': 'PEAK', 'minuteMultiplier': 2}]}"
2026-04-08 07:17:58+09:00,4947023560582644576,Outdoor Bike,1071,2026-04-08T07:17:58.000+09:00,615000,10,43,,0.224501,Mile,auto_detected,,,88.0,"[{'minutes': 10, 'caloriesOut': 43.864429, 'name': 'Out of Range', 'min': 30, 'max': 104}, {'minutes': 0, 'caloriesOut': 0.0, 'name': 'Fat Burn', 'min': 105, 'max': 129}, {'minutes': 0, 'caloriesOut': 0.0, 'name': 'Cardio', 'min': 130, 'max': 161}, {'minutes': 0, 'caloriesOut': 0.0, 'name': 'Peak', 'min': 162, 'max': 220}]","{'totalMinutes': 0, 'minutesInHeartRateZones': [{'minutes': 0, 'zoneName': 'Out of Range', 'order': 0, 'type': 'OUT_OF_ZONE', 'minuteMultiplier': 0}, {'minutes': 0, 'zoneName': 'Fat Burn', 'order': 1, 'type': 'FAT_BURN', 'minuteMultiplier': 1}, {'minutes': 0, 'zoneName': 'Cardio', 'order': 2, 'type': 'CARDIO', 'minuteMultiplier': 2}, {'minutes': 0, 'zoneName': 'Peak', 'order': 3, 'type': 'PEAK', 'minuteMultiplier': 2}]}"
2026-04-08 19:52:15+09:00,7722791781135277840,Outdoor Bike,1071,2026-04-08T19:52:15.000+09:00,770000,12,31,,0.061143,Mile,auto_detected,,,92.0,"[{'minutes': 10, 'caloriesOut': 25.579023, 'name': 'Out of Range', 'min': 30, 'max': 104}, {'minutes': 2, 'caloriesOut': 5.444531, 'name': 'Fat Burn', 'min': 105, 'max': 129}, {'minutes': 0, 'caloriesOut': 0.0, 'name': 'Cardio', 'min': 130, 'max': 161}, {'minutes': 0, 'caloriesOut': 0.0, 'name': 'Peak', 'min': 162, 'max': 220}]","{'totalMinutes': 2, 'minutesInHeartRateZones': [{'minutes': 0, 'zoneName': 'Out of Range', 'order': 0, 'type': 'OUT_OF_ZONE', 'minuteMultiplier': 0}, {'minutes': 2, 'zoneName': 'Fat Burn', 'order': 1, 'type': 'FAT_BURN', 'minuteMultiplier': 1}, {'minutes': 0, 'zoneName': 'Cardio', 'order': 2, 'type': 'CARDIO', 'minuteMultiplier': 2}, {'minutes': 0, 'zoneName': 'Peak', 'order': 3, 'type': 'PEAK', 'minuteMultiplier': 2}]}"
2026-04-09 05:58:56+09:00,3933185300031323720,Outdoor Bike,1071,2026-04-09T05:58:56.000+09:00,924000,15,39,,0.091963,Mile,auto_detected,,,80.0,"[{'minutes': 15, 'caloriesOut': 39.858076, 'name': 'Out of Range', 'min': 30, 'max': 103}, {'minutes': 0, 'caloriesOut': 0.0, 'name': 'Fat Burn', 'min': 104, 'max': 129}, {'minutes': 0, 'caloriesOut': 0.0, 'name': 'Cardio', 'min': 130, 'max': 160}, {'minutes': 0, 'caloriesOut': 0.0, 'name': 'Peak', 'min': 161, 'max': 220}]","{'totalMinutes': 0, 'minutesInHeartRateZones': [{'minutes': 0, 'zoneName': 'Out of Range', 'order': 0, 'type': 'OUT_OF_ZONE', 'minuteMultiplier': 0}, {'minutes': 0, 'zoneName': 'Fat Burn', 'order': 1, 'type': 'FAT_BURN', 'minuteMultiplier': 1}, {'minutes': 0, 'zoneName': 'Cardio', 'order': 2, 'type': 'CARDIO', 'minuteMultiplier': 2}, {'minutes': 0, 'zoneName': 'Peak', 'order': 3, 'type': 'PEAK', 'minuteMultiplier': 2}]}"
2026-04-09 07:44:46+09:00,3280262747155702088,Outdoor Bike,1071,2026-04-09T07:44:46.000+09:00,821000,13,60,,0.299563,Mile,auto_detected,,,84.0,"[{'minutes': 13, 'caloriesOut': 60.60893, 'name': 'Out of Range', 'min': 30, 'max': 103}, {'minutes': 0, 'caloriesOut': 0.0, 'name': 'Fat Burn', 'min': 104, 'max': 129}, {'minutes': 0, 'caloriesOut': 0.0, 'name': 'Cardio', 'min': 130, 'max': 160}, {'minutes': 0, 'caloriesOut': 0.0, 'name': 'Peak', 'min': 161, 'max': 220}]","{'totalMinutes': 0, 'minutesInHeartRateZones': [{'minutes': 0, 'zoneName': 'Out of Range', 'order': 0, 'type': 'OUT_OF_ZONE', 'minuteMultiplier': 0}, {'minutes': 0, 'zoneName': 'Fat Burn', 'order': 1, 'type': 'FAT_BURN', 'minuteMultiplier': 1}, {'minutes': 0, 'zoneName': 'Cardio', 'order': 2, 'type': 'CARDIO', 'minuteMultiplier': 2}, {'minutes': 0, 'zoneName': 'Peak', 'order': 3, 'type': 'PEAK', 'minuteMultiplier': 2}]}"
2026-04-09 15:39:28+09:00,2611242201339988424,Weights,2131,2026-04-09T15:39:28.000+09:00,1389000,23,74,195.0,,,tracker,,,86.0,"[{'minutes': 22, 'caloriesOut': 74.99071, 'name': 'Out of Range', 'min': 30, 'max': 103}, {'minutes': 1, 'caloriesOut': 0.0, 'name': 'Fat Burn', 'min': 104, 'max': 129}, {'minutes': 0, 'caloriesOut': 0.0, 'name': 'Cardio', 'min': 130, 'max': 160}, {'minutes': 0, 'caloriesOut': 0.0, 'name': 'Peak', 'min': 161, 'max': 220}]","{'totalMinutes': 1, 'minutesInHeartRateZones': [{'minutes': 0, 'zoneName': 'Out of Range', 'order': 0, 'type': 'OUT_OF_ZONE', 'minuteMultiplier': 0}, {'minutes': 1, 'zoneName': 'Fat Burn', 'order': 1, 'type': 'FAT_BURN', 'minuteMultiplier': 1}, {'minutes': 0, 'zoneName': 'Cardio', 'order': 2, 'type': 'CARDIO', 'minuteMultiplier': 2}, {'minutes': 0, 'zoneName': 'Peak', 'order': 3, 'type': 'PEAK', 'minuteMultiplier': 2}]}"
2026-04-09 20:12:17+09:00,928335833534275552,Outdoor Bike,1071,2026-04-09T20:12:17.000+09:00,1689000,28,78,,0.106254,Mile,auto_detected,,,91.0,"[{'minutes': 25, 'caloriesOut': 65.334372, 'name': 'Out of Range', 'min': 30, 'max': 103}, {'minutes': 3, 'caloriesOut': 13.457237, 'name': 'Fat Burn', 'min': 104, 'max': 129}, {'minutes': 0, 'caloriesOut': 0.0, 'name': 'Cardio', 'min': 130, 'max': 160}, {'minutes': 0, 'caloriesOut': 0.0, 'name': 'Peak', 'min': 161, 'max': 220}]","{'totalMinutes': 3, 'minutesInHeartRateZones': [{'minutes': 0, 'zoneName': 'Out of Range', 'order': 0, 'type': 'OUT_OF_ZONE', 'minuteMultiplier': 0}, {'minutes': 3, 'zoneName': 'Fat Burn', 'order': 1, 'type': 'FAT_BURN', 'minuteMultiplier': 1}, {'minutes': 0, 'zoneName': 'Cardio', 'order': 2, 'type': 'CARDIO', 'minuteMultiplier': 2}, {'minutes': 0, 'zoneName': 'Peak', 'order': 3, 'type': 'PEAK', 'minuteMultiplier': 2}]}"
2026-04-10 05:56:47+09:00,2325674741067525352,Outdoor Bike,1071,2026-04-10T05:56:47.000+09:00,819000,13,42,,0.084941,Mile,auto_detected,,,95.0,"[{'minutes': 12, 'caloriesOut': 37.803536, 'name': 'Out of Range', 'min': 30, 'max': 103}, {'minutes': 1, 'caloriesOut': 4.314534, 'name': 'Fat Burn', 'min': 104, 'max': 129}, {'minutes': 0, 'caloriesOut': 0.0, 'name': 'Cardio', 'min': 130, 'max': 160}, {'minutes': 0, 'caloriesOut': 0.0, 'name': 'Peak', 'min': 161, 'max': 220}]","{'totalMinutes': 1, 'minutesInHeartRateZones': [{'minutes': 0, 'zoneName': 'Out of Range', 'order': 0, 'type': 'OUT_OF_ZONE', 'minuteMultiplier': 0}, {'minutes': 1, 'zoneName': 'Fat Burn', 'order': 1, 'type': 'FAT_BURN', 'minuteMultiplier': 1}, {'minutes': 0, 'zoneName': 'Cardio', 'order': 2, 'type': 'CARDIO', 'minuteMultiplier': 2}, {'minutes': 0, 'zoneName': 'Peak', 'order': 3, 'type': 'PEAK', 'minuteMultiplier': 2}]}"
2026-04-10 07:12:44+09:00,5662528110737023448,Outdoor Bike,1071,2026-04-10T07:12:44.000+09:00,717000,11,37,,0.136577,Mile,auto_detected,,,90.0,"[{'minutes': 11, 'caloriesOut': 37.495355, 'name': 'Out of Range', 'min': 30, 'max': 103}, {'minutes': 0, 'caloriesOut': 0.0, 'name': 'Fat Burn', 'min': 104, 'max': 129}, {'minutes': 0, 'caloriesOut': 0.0, 'name': 'Cardio', 'min': 130, 'max': 160}, {'minutes': 0, 'caloriesOut': 0.0, 'name': 'Peak', 'min': 161, 'max': 220}]","{'totalMinutes': 0, 'minutesInHeartRateZones': [{'minutes': 0, 'zoneName': 'Out of Range', 'order': 0, 'type': 'OUT_OF_ZONE', 'minuteMultiplier': 0}, {'minutes': 0, 'zoneName': 'Fat Burn', 'order': 1, 'type': 'FAT_BURN', 'minuteMultiplier': 1}, {'minutes': 0, 'zoneName': 'Cardio', 'order': 2, 'type': 'CARDIO', 'minuteMultiplier': 2}, {'minutes': 0, 'zoneName': 'Peak', 'order': 3, 'type': 'PEAK', 'minuteMultiplier': 2}]}"
2026-04-10 20:30:34+09:00,6679278455895877560,Outdoor Bike,1071,2026-04-10T20:30:34.000+09:00,1690000,28,78,,0.092957,Mile,auto_detected,,,92.0,"[{'minutes': 26, 'caloriesOut': 71.189811, 'name': 'Out of Range', 'min': 30, 'max': 103}, {'minutes': 2, 'caloriesOut': 6.882709, 'name': 'Fat Burn', 'min': 104, 'max': 129}, {'minutes': 0, 'caloriesOut': 0.0, 'name': 'Cardio', 'min': 130, 'max': 160}, {'minutes': 0, 'caloriesOut': 0.0, 'name': 'Peak', 'min': 161, 'max': 220}]","{'totalMinutes': 2, 'minutesInHeartRateZones': [{'minutes': 0, 'zoneName': 'Out of Range', 'order': 0, 'type': 'OUT_OF_ZONE', 'minuteMultiplier': 0}, {'minutes': 2, 'zoneName': 'Fat Burn', 'order': 1, 'type': 'FAT_BURN', 'minuteMultiplier': 1}, {'minutes': 0, 'zoneName': 'Cardio', 'order': 2, 'type': 'CARDIO', 'minuteMultiplier': 2}, {'minutes': 0, 'zoneName': 'Peak', 'order': 3, 'type': 'PEAK', 'minuteMultiplier': 2}]}"
2026-04-11 06:11:41+09:00,6537637205842516368,Outdoor Bike,1071,2026-04-11T06:11:41.000+09:00,1024000,17,67,,0.105074,Mile,auto_detected,,,95.0,"[{'minutes': 17, 'caloriesOut': 67.286185, 'name': 'Out of Range', 'min': 30, 'max': 105}, {'minutes': 0, 'caloriesOut': 0.0, 'name': 'Fat Burn', 'min': 106, 'max': 130}, {'minutes': 0, 'caloriesOut': 0.0, 'name': 'Cardio', 'min': 131, 'max': 161}, {'minutes': 0, 'caloriesOut': 0.0, 'name': 'Peak', 'min': 162, 'max': 220}]","{'totalMinutes': 0, 'minutesInHeartRateZones': [{'minutes': 0, 'zoneName': 'Out of Range', 'order': 0, 'type': 'OUT_OF_ZONE', 'minuteMultiplier': 0}, {'minutes': 0, 'zoneName': 'Fat Burn', 'order': 1, 'type': 'FAT_BURN', 'minuteMultiplier': 1}, {'minutes': 0, 'zoneName': 'Cardio', 'order': 2, 'type': 'CARDIO', 'minuteMultiplier': 2}, {'minutes': 0, 'zoneName': 'Peak', 'order': 3, 'type': 'PEAK', 'minuteMultiplier': 2}]}"
2026-04-11 08:08:35+09:00,1155262408037696936,Outdoor Bike,1071,2026-04-11T08:08:35.000+09:00,717000,11,37,,0.093641,Mile,auto_detected,,,86.0,"[{'minutes': 11, 'caloriesOut': 37.187174, 'name': 'Out of Range', 'min': 30, 'max': 105}, {'minutes': 0, 'caloriesOut': 0.0, 'name': 'Fat Burn', 'min': 106, 'max': 130}, {'minutes': 0, 'caloriesOut': 0.0, 'name': 'Cardio', 'min': 131, 'max': 161}, {'minutes': 0, 'caloriesOut': 0.0, 'name': 'Peak', 'min': 162, 'max': 220}]","{'totalMinutes': 0, 'minutesInHeartRateZones': [{'minutes': 0, 'zoneName': 'Out of Range', 'order': 0, 'type': 'OUT_OF_ZONE', 'minuteMultiplier': 0}, {'minutes': 0, 'zoneName': 'Fat Burn', 'order': 1, 'type': 'FAT_BURN', 'minuteMultiplier': 1}, {'minutes': 0, 'zoneName': 'Cardio', 'order': 2, 'type': 'CARDIO', 'minuteMultiplier': 2}, {'minutes': 0, 'zoneName': 'Peak', 'order': 3, 'type': 'PEAK', 'minuteMultiplier': 2}]}"
2026-04-11 16:53:59+09:00,6426475659330742480,Outdoor Bike,1071,2026-04-11T16:53:59.000+09:00,1382000,23,78,,0.162116,Mile,auto_detected,,,98.0,"[{'minutes': 21, 'caloriesOut': 69.135271, 'name': 'Out of Range', 'min': 30, 'max': 105}, {'minutes': 2, 'caloriesOut': 9.24543, 'name': 'Fat Burn', 'min': 106, 'max': 130}, {'minutes': 0, 'caloriesOut': 0.0, 'name': 'Cardio', 'min': 131, 'max': 161}, {'minutes': 0, 'caloriesOut': 0.0, 'name': 'Peak', 'min': 162, 'max': 220}]","{'totalMinutes': 2, 'minutesInHeartRateZones': [{'minutes': 0, 'zoneName': 'Out of Range', 'order': 0, 'type': 'OUT_OF_ZONE', 'minuteMultiplier': 0}, {'minutes': 2, 'zoneName': 'Fat Burn', 'order': 1, 'type': 'FAT_BURN', 'minuteMultiplier': 1}, {'minutes': 0, 'zoneName': 'Cardio', 'order': 2, 'type': 'CARDIO', 'minuteMultiplier': 2}, {'minutes': 0, 'zoneName': 'Peak', 'order': 3, 'type': 'PEAK', 'minuteMultiplier': 2}]}"
2026-04-11 18:09:04+09:00,5323908598711463744,Outdoor Bike,1071,2026-04-11T18:09:04.000+09:00,871000,14,36,,0.042129,Mile,auto_detected,,,93.0,"[{'minutes': 14, 'caloriesOut': 36.468085, 'name': 'Out of Range', 'min': 30, 'max': 105}, {'minutes': 0, 'caloriesOut': 0.0, 'name': 'Fat Burn', 'min': 106, 'max': 130}, {'minutes': 0, 'caloriesOut': 0.0, 'name': 'Cardio', 'min': 131, 'max': 161}, {'minutes': 0, 'caloriesOut': 0.0, 'name': 'Peak', 'min': 162, 'max': 220}]","{'totalMinutes': 0, 'minutesInHeartRateZones': [{'minutes': 0, 'zoneName': 'Out of Range', 'order': 0, 'type': 'OUT_OF_ZONE', 'minuteMultiplier': 0}, {'minutes': 0, 'zoneName': 'Fat Burn', 'order': 1, 'type': 'FAT_BURN', 'minuteMultiplier': 1}, {'minutes': 0, 'zoneName': 'Cardio', 'order': 2, 'type': 'CARDIO', 'minuteMultiplier': 2}, {'minutes': 0, 'zoneName': 'Peak', 'order': 3, 'type': 'PEAK', 'minuteMultiplier': 2}]}"
2026-04-12 05:50:43+09:00,2831913172622170936,Outdoor Bike,1071,2026-04-12T05:50:43.000+09:00,818000,13,64,,0.193495,Mile,auto_detected,,,109.0,"[{'minutes': 6, 'caloriesOut': 36.570812, 'name': 'Out of Range', 'min': 30, 'max': 105}, {'minutes': 5, 'caloriesOut': 19.620857, 'name': 'Fat Burn', 'min': 106, 'max': 130}, {'minutes': 2, 'caloriesOut': 8.012706, 'name': 'Cardio', 'min': 131, 'max': 161}, {'minutes': 0, 'caloriesOut': 0.0, 'name': 'Peak', 'min': 162, 'max': 220}]","{'totalMinutes': 9, 'minutesInHeartRateZones': [{'minutes': 0, 'zoneName': 'Out of Range', 'order': 0, 'type': 'OUT_OF_ZONE', 'minuteMultiplier': 0}, {'minutes': 5, 'zoneName': 'Fat Burn', 'order': 1, 'type': 'FAT_BURN', 'minuteMultiplier': 1}, {'minutes': 2, 'zoneName': 'Cardio', 'order': 2, 'type': 'CARDIO', 'minuteMultiplier': 2}, {'minutes': 0, 'zoneName': 'Peak', 'order': 3, 'type': 'PEAK', 'minuteMultiplier': 2}]}"
2026-04-12 08:27:44+09:00,3705614815385002888,Outdoor Bike,1071,2026-04-12T08:27:44.000+09:00,973000,16,50,,0.147141,Mile,auto_detected,,,92.0,"[{'minutes': 16, 'caloriesOut': 50.33623, 'name': 'Out of Range', 'min': 30, 'max': 105}, {'minutes': 0, 'caloriesOut': 0.0, 'name': 'Fat Burn', 'min': 106, 'max': 130}, {'minutes': 0, 'caloriesOut': 0.0, 'name': 'Cardio', 'min': 131, 'max': 161}, {'minutes': 0, 'caloriesOut': 0.0, 'name': 'Peak', 'min': 162, 'max': 220}]","{'totalMinutes': 0, 'minutesInHeartRateZones': [{'minutes': 0, 'zoneName': 'Out of Range', 'order': 0, 'type': 'OUT_OF_ZONE', 'minuteMultiplier': 0}, {'minutes': 0, 'zoneName': 'Fat Burn', 'order': 1, 'type': 'FAT_BURN', 'minuteMultiplier': 1}, {'minutes': 0, 'zoneName': 'Cardio', 'order': 2, 'type': 'CARDIO', 'minuteMultiplier': 2}, {'minutes': 0, 'zoneName': 'Peak', 'order': 3, 'type': 'PEAK', 'minuteMultiplier': 2}]}"
2026-04-12 20:20:14+09:00,6553604888528848040,Outdoor Bike,1071,2026-04-12T20:20:14.000+09:00,1381000,23,51,,0.117377,Mile,auto_detected,,,87.0,"[{'minutes': 22, 'caloriesOut': 49.925322, 'name': 'Out of Range', 'min': 30, 'max': 105}, {'minutes': 1, 'caloriesOut': 1.335451, 'name': 'Fat Burn', 'min': 106, 'max': 130}, {'minutes': 0, 'caloriesOut': 0.0, 'name': 'Cardio', 'min': 131, 'max': 161}, {'minutes': 0, 'caloriesOut': 0.0, 'name': 'Peak', 'min': 162, 'max': 220}]","{'totalMinutes': 1, 'minutesInHeartRateZones': [{'minutes': 0, 'zoneName': 'Out of Range', 'order': 0, 'type': 'OUT_OF_ZONE', 'minuteMultiplier': 0}, {'minutes': 1, 'zoneName': 'Fat Burn', 'order': 1, 'type': 'FAT_BURN', 'minuteMultiplier': 1}, {'minutes': 0, 'zoneName': 'Cardio', 'order': 2, 'type': 'CARDIO', 'minuteMultiplier': 2}, {'minutes': 0, 'zoneName': 'Peak', 'order': 3, 'type': 'PEAK', 'minuteMultiplier': 2}]}"
2026-04-13 05:52:48+09:00,6824837215194983624,Outdoor Bike,1071,2026-04-13T05:52:48.000+09:00,920000,15,44,,0.086184,Mile,auto_detected,,,91.0,"[{'minutes': 15, 'caloriesOut': 44.17261, 'name': 'Out of Range', 'min': 30, 'max': 104}, {'minutes': 0, 'caloriesOut': 0.0, 'name': 'Fat Burn', 'min': 105, 'max': 129}, {'minutes': 0, 'caloriesOut': 0.0, 'name': 'Cardio', 'min': 130, 'max': 161}, {'minutes': 0, 'caloriesOut': 0.0, 'name': 'Peak', 'min': 162, 'max': 220}]","{'totalMinutes': 0, 'minutesInHeartRateZones': [{'minutes': 0, 'zoneName': 'Out of Range', 'order': 0, 'type': 'OUT_OF_ZONE', 'minuteMultiplier': 0}, {'minutes': 0, 'zoneName': 'Fat Burn', 'order': 1, 'type': 'FAT_BURN', 'minuteMultiplier': 1}, {'minutes': 0, 'zoneName': 'Cardio', 'order': 2, 'type': 'CARDIO', 'minuteMultiplier': 2}, {'minutes': 0, 'zoneName': 'Peak', 'order': 3, 'type': 'PEAK', 'minuteMultiplier': 2}]}"
2026-04-13 11:50:18+09:00,5613773794989923848,Walk,90013,2026-04-13T11:50:18.000+09:00,819000,13,74,1084.0,0.46957,Mile,auto_detected,,,100.0,"[{'minutes': 12, 'caloriesOut': 69.85436, 'name': 'Out of Range', 'min': 30, 'max': 104}, {'minutes': 1, 'caloriesOut': 5.13635, 'name': 'Fat Burn', 'min': 105, 'max': 129}, {'minutes': 0, 'caloriesOut': 0.0, 'name': 'Cardio', 'min': 130, 'max': 161}, {'minutes': 0, 'caloriesOut': 0.0, 'name': 'Peak', 'min': 162, 'max': 220}]","{'totalMinutes': 1, 'minutesInHeartRateZones': [{'minutes': 0, 'zoneName': 'Out of Range', 'order': 0, 'type': 'OUT_OF_ZONE', 'minuteMultiplier': 0}, {'minutes': 1, 'zoneName': 'Fat Burn', 'order': 1, 'type': 'FAT_BURN', 'minuteMultiplier': 1}, {'minutes': 0, 'zoneName': 'Cardio', 'order': 2, 'type': 'CARDIO', 'minuteMultiplier': 2}, {'minutes': 0, 'zoneName': 'Peak', 'order': 3, 'type': 'PEAK', 'minuteMultiplier': 2}]}"
2026-04-13 17:43:35+09:00,3676880353706469472,Outdoor Bike,1071,2026-04-13T17:43:35.000+09:00,1383000,23,91,,0.155405,Mile,auto_detected,,,100.0,"[{'minutes': 21, 'caloriesOut': 84.647048, 'name': 'Out of Range', 'min': 30, 'max': 104}, {'minutes': 2, 'caloriesOut': 7.293617, 'name': 'Fat Burn', 'min': 105, 'max': 129}, {'minutes': 0, 'caloriesOut': 0.0, 'name': 'Cardio', 'min': 130, 'max': 161}, {'minutes': 0, 'caloriesOut': 0.0, 'name': 'Peak', 'min': 162, 'max': 220}]","{'totalMinutes': 2, 'minutesInHeartRateZones': [{'minutes': 0, 'zoneName': 'Out of Range', 'order': 0, 'type': 'OUT_OF_ZONE', 'minuteMultiplier': 0}, {'minutes': 2, 'zoneName': 'Fat Burn', 'order': 1, 'type': 'FAT_BURN', 'minuteMultiplier': 1}, {'minutes': 0, 'zoneName': 'Cardio', 'order': 2, 'type': 'CARDIO', 'minuteMultiplier': 2}, {'minutes': 0, 'zoneName': 'Peak', 'order': 3, 'type': 'PEAK', 'minuteMultiplier': 2}]}"
2026-04-14 05:56:35+09:00,1524339184401382760,Outdoor Bike,1071,2026-04-14T05:56:35.000+09:00,870000,14,58,,0.104825,Mile,auto_detected,,,98.0,"[{'minutes': 11, 'caloriesOut': 44.378064, 'name': 'Out of Range', 'min': 30, 'max': 103}, {'minutes': 3, 'caloriesOut': 13.970872, 'name': 'Fat Burn', 'min': 104, 'max': 129}, {'minutes': 0, 'caloriesOut': 0.0, 'name': 'Cardio', 'min': 130, 'max': 160}, {'minutes': 0, 'caloriesOut': 0.0, 'name': 'Peak', 'min': 161, 'max': 220}]","{'totalMinutes': 3, 'minutesInHeartRateZones': [{'minutes': 0, 'zoneName': 'Out of Range', 'order': 0, 'type': 'OUT_OF_ZONE', 'minuteMultiplier': 0}, {'minutes': 3, 'zoneName': 'Fat Burn', 'order': 1, 'type': 'FAT_BURN', 'minuteMultiplier': 1}, {'minutes': 0, 'zoneName': 'Cardio', 'order': 2, 'type': 'CARDIO', 'minuteMultiplier': 2}, {'minutes': 0, 'zoneName': 'Peak', 'order': 3, 'type': 'PEAK', 'minuteMultiplier': 2}]}"
2026-04-14 07:14:14+09:00,8182731316287247488,Outdoor Bike,1071,2026-04-14T07:14:14.000+09:00,973000,16,64,,0.237302,Mile,auto_detected,,,89.0,"[{'minutes': 15, 'caloriesOut': 58.348936, 'name': 'Out of Range', 'min': 30, 'max': 103}, {'minutes': 1, 'caloriesOut': 6.574528, 'name': 'Fat Burn', 'min': 104, 'max': 129}, {'minutes': 0, 'caloriesOut': 0.0, 'name': 'Cardio', 'min': 130, 'max': 160}, {'minutes': 0, 'caloriesOut': 0.0, 'name': 'Peak', 'min': 161, 'max': 220}]","{'totalMinutes': 1, 'minutesInHeartRateZones': [{'minutes': 0, 'zoneName': 'Out of Range', 'order': 0, 'type': 'OUT_OF_ZONE', 'minuteMultiplier': 0}, {'minutes': 1, 'zoneName': 'Fat Burn', 'order': 1, 'type': 'FAT_BURN', 'minuteMultiplier': 1}, {'minutes': 0, 'zoneName': 'Cardio', 'order': 2, 'type': 'CARDIO', 'minuteMultiplier': 2}, {'minutes': 0, 'zoneName': 'Peak', 'order': 3, 'type': 'PEAK', 'minuteMultiplier': 2}]}"
2026-04-14 14:40:29+09:00,7192888351895190320,Outdoor Bike,1071,2026-04-14T14:40:29.000+09:00,1126000,18,89,,0.15497,Mile,auto_detected,,,106.0,"[{'minutes': 6, 'caloriesOut': 35.95445, 'name': 'Out of Range', 'min': 30, 'max': 103}, {'minutes': 12, 'caloriesOut': 53.623494, 'name': 'Fat Burn', 'min': 104, 'max': 129}, {'minutes': 0, 'caloriesOut': 0.0, 'name': 'Cardio', 'min': 130, 'max': 160}, {'minutes': 0, 'caloriesOut': 0.0, 'name': 'Peak', 'min': 161, 'max': 220}]","{'totalMinutes': 12, 'minutesInHeartRateZones': [{'minutes': 0, 'zoneName': 'Out of Range', 'order': 0, 'type': 'OUT_OF_ZONE', 'minuteMultiplier': 0}, {'minutes': 12, 'zoneName': 'Fat Burn', 'order': 1, 'type': 'FAT_BURN', 'minuteMultiplier': 1}, {'minutes': 0, 'zoneName': 'Cardio', 'order': 2, 'type': 'CARDIO', 'minuteMultiplier': 2}, {'minutes': 0, 'zoneName': 'Peak', 'order': 3, 'type': 'PEAK', 'minuteMultiplier': 2}]}"
2026-04-14 22:48:34+09:00,1632081106058419264,Outdoor Bike,1071,2026-04-14T22:48:34.000+09:00,922000,15,41,,0.146271,Mile,auto_detected,,,75.0,"[{'minutes': 15, 'caloriesOut': 41.398981, 'name': 'Out of Range', 'min': 30, 'max': 103}, {'minutes': 0, 'caloriesOut': 0.0, 'name': 'Fat Burn', 'min': 104, 'max': 129}, {'minutes': 0, 'caloriesOut': 0.0, 'name': 'Cardio', 'min': 130, 'max': 160}, {'minutes': 0, 'caloriesOut': 0.0, 'name': 'Peak', 'min': 161, 'max': 220}]","{'totalMinutes': 0, 'minutesInHeartRateZones': [{'minutes': 0, 'zoneName': 'Out of Range', 'order': 0, 'type': 'OUT_OF_ZONE', 'minuteMultiplier': 0}, {'minutes': 0, 'zoneName': 'Fat Burn', 'order': 1, 'type': 'FAT_BURN', 'minuteMultiplier': 1}, {'minutes': 0, 'zoneName': 'Cardio', 'order': 2, 'type': 'CARDIO', 'minuteMultiplier': 2}, {'minutes': 0, 'zoneName': 'Peak', 'order': 3, 'type': 'PEAK', 'minuteMultiplier': 2}]}"
2026-04-15 05:46:44+09:00,7800109812414912104,Outdoor Bike,1071,2026-04-15T05:46:44.000+09:00,1075000,17,47,,0.064188,Mile,auto_detected,,,86.0,"[{'minutes': 17, 'caloriesOut': 47.870782, 'name': 'Out of Range', 'min': 30, 'max': 103}, {'minutes': 0, 'caloriesOut': 0.0, 'name': 'Fat Burn', 'min': 104, 'max': 128}, {'minutes': 0, 'caloriesOut': 0.0, 'name': 'Cardio', 'min': 129, 'max': 160}, {'minutes': 0, 'caloriesOut': 0.0, 'name': 'Peak', 'min': 161, 'max': 220}]","{'totalMinutes': 0, 'minutesInHeartRateZones': [{'minutes': 0, 'zoneName': 'Out of Range', 'order': 0, 'type': 'OUT_OF_ZONE', 'minuteMultiplier': 0}, {'minutes': 0, 'zoneName': 'Fat Burn', 'order': 1, 'type': 'FAT_BURN', 'minuteMultiplier': 1}, {'minutes': 0, 'zoneName': 'Cardio', 'order': 2, 'type': 'CARDIO', 'minuteMultiplier': 2}, {'minutes': 0, 'zoneName': 'Peak', 'order': 3, 'type': 'PEAK', 'minuteMultiplier': 2}]}"
2026-04-15 07:22:17+09:00,35430490243770848,Outdoor Bike,1071,2026-04-15T07:22:17.000+09:00,665000,11,42,,0.198901,Mile,auto_detected,,,93.0,"[{'minutes': 10, 'caloriesOut': 36.776266, 'name': 'Out of Range', 'min': 30, 'max': 103}, {'minutes': 1, 'caloriesOut': 5.547258, 'name': 'Fat Burn', 'min': 104, 'max': 128}, {'minutes': 0, 'caloriesOut': 0.0, 'name': 'Cardio', 'min': 129, 'max': 160}, {'minutes': 0, 'caloriesOut': 0.0, 'name': 'Peak', 'min': 161, 'max': 220}]","{'totalMinutes': 1, 'minutesInHeartRateZones': [{'minutes': 0, 'zoneName': 'Out of Range', 'order': 0, 'type': 'OUT_OF_ZONE', 'minuteMultiplier': 0}, {'minutes': 1, 'zoneName': 'Fat Burn', 'order': 1, 'type': 'FAT_BURN', 'minuteMultiplier': 1}, {'minutes': 0, 'zoneName': 'Cardio', 'order': 2, 'type': 'CARDIO', 'minuteMultiplier': 2}, {'minutes': 0, 'zoneName': 'Peak', 'order': 3, 'type': 'PEAK', 'minuteMultiplier': 2}]}"
2026-04-15 14:35:45+09:00,938499259376026832,Outdoor Bike,1071,2026-04-15T14:35:45.000+09:00,1485000,24,115,,0.228602,Mile,auto_detected,,,100.0,"[{'minutes': 20, 'caloriesOut': 95.844291, 'name': 'Out of Range', 'min': 30, 'max': 103}, {'minutes': 3, 'caloriesOut': 14.895415, 'name': 'Fat Burn', 'min': 104, 'max': 128}, {'minutes': 1, 'caloriesOut': 4.519988, 'name': 'Cardio', 'min': 129, 'max': 160}, {'minutes': 0, 'caloriesOut': 0.0, 'name': 'Peak', 'min': 161, 'max': 220}]","{'totalMinutes': 5, 'minutesInHeartRateZones': [{'minutes': 0, 'zoneName': 'Out of Range', 'order': 0, 'type': 'OUT_OF_ZONE', 'minuteMultiplier': 0}, {'minutes': 3, 'zoneName': 'Fat Burn', 'order': 1, 'type': 'FAT_BURN', 'minuteMultiplier': 1}, {'minutes': 1, 'zoneName': 'Cardio', 'order': 2, 'type': 'CARDIO', 'minuteMultiplier': 2}, {'minutes': 0, 'zoneName': 'Peak', 'order': 3, 'type': 'PEAK', 'minuteMultiplier': 2}]}"
2026-04-15 16:08:46+09:00,3368489441663342760,Walk,90013,2026-04-15T16:08:46.000+09:00,717000,11,71,1110.0,0.483303,Mile,auto_detected,,,93.0,"[{'minutes': 11, 'caloriesOut': 71.292538, 'name': 'Out of Range', 'min': 30, 'max': 103}, {'minutes': 0, 'caloriesOut': 0.0, 'name': 'Fat Burn', 'min': 104, 'max': 128}, {'minutes': 0, 'caloriesOut': 0.0, 'name': 'Cardio', 'min': 129, 'max': 160}, {'minutes': 0, 'caloriesOut': 0.0, 'name': 'Peak', 'min': 161, 'max': 220}]","{'totalMinutes': 0, 'minutesInHeartRateZones': [{'minutes': 0, 'zoneName': 'Out of Range', 'order': 0, 'type': 'OUT_OF_ZONE', 'minuteMultiplier': 0}, {'minutes': 0, 'zoneName': 'Fat Burn', 'order': 1, 'type': 'FAT_BURN', 'minuteMultiplier': 1}, {'minutes': 0, 'zoneName': 'Cardio', 'order': 2, 'type': 'CARDIO', 'minuteMultiplier': 2}, {'minutes': 0, 'zoneName': 'Peak', 'order': 3, 'type': 'PEAK', 'minuteMultiplier': 2}]}"
2026-04-15 19:01:06+09:00,8653680996586320960,Walk,90013,2026-04-15T19:01:06.000+09:00,615000,10,57,876.0,0.375867,Mile,auto_detected,,,91.0,"[{'minutes': 9, 'caloriesOut': 57.732574, 'name': 'Out of Range', 'min': 30, 'max': 103}, {'minutes': 1, 'caloriesOut': 0.0, 'name': 'Fat Burn', 'min': 104, 'max': 128}, {'minutes': 0, 'caloriesOut': 0.0, 'name': 'Cardio', 'min': 129, 'max': 160}, {'minutes': 0, 'caloriesOut': 0.0, 'name': 'Peak', 'min': 161, 'max': 220}]","{'totalMinutes': 1, 'minutesInHeartRateZones': [{'minutes': 0, 'zoneName': 'Out of Range', 'order': 0, 'type': 'OUT_OF_ZONE', 'minuteMultiplier': 0}, {'minutes': 1, 'zoneName': 'Fat Burn', 'order': 1, 'type': 'FAT_BURN', 'minuteMultiplier': 1}, {'minutes': 0, 'zoneName': 'Cardio', 'order': 2, 'type': 'CARDIO', 'minuteMultiplier': 2}, {'minutes': 0, 'zoneName': 'Peak', 'order': 3, 'type': 'PEAK', 'minuteMultiplier': 2}]}"
2026-04-17 06:59:24+09:00,3349267001354418936,Outdoor Bike,1071,2026-04-17T06:59:24.000+09:00,1562000,26,111,,0.51928,Mile,auto_detected,,,90.0,"[{'minutes': 23, 'caloriesOut': 97.179742, 'name': 'Out of Range', 'min': 30, 'max': 102}, {'minutes': 3, 'caloriesOut': 14.587234, 'name': 'Fat Burn', 'min': 103, 'max': 128}, {'minutes': 0, 'caloriesOut': 0.0, 'name': 'Cardio', 'min': 129, 'max': 160}, {'minutes': 0, 'caloriesOut': 0.0, 'name': 'Peak', 'min': 161, 'max': 220}]","{'totalMinutes': 3, 'minutesInHeartRateZones': [{'minutes': 0, 'zoneName': 'Out of Range', 'order': 0, 'type': 'OUT_OF_ZONE', 'minuteMultiplier': 0}, {'minutes': 3, 'zoneName': 'Fat Burn', 'order': 1, 'type': 'FAT_BURN', 'minuteMultiplier': 1}, {'minutes': 0, 'zoneName': 'Cardio', 'order': 2, 'type': 'CARDIO', 'minuteMultiplier': 2}, {'minutes': 0, 'zoneName': 'Peak', 'order': 3, 'type': 'PEAK', 'minuteMultiplier': 2}]}"
2026-04-17 14:06:03+09:00,5275032145204307000,Walk,90013,2026-04-17T14:06:03.000+09:00,1587000,26,146,2158.0,0.953743,Mile,auto_detected,,,88.0,"[{'minutes': 26, 'caloriesOut': 146.283248, 'name': 'Out of Range', 'min': 30, 'max': 102}, {'minutes': 0, 'caloriesOut': 0.0, 'name': 'Fat Burn', 'min': 103, 'max': 128}, {'minutes': 0, 'caloriesOut': 0.0, 'name': 'Cardio', 'min': 129, 'max': 160}, {'minutes': 0, 'caloriesOut': 0.0, 'name': 'Peak', 'min': 161, 'max': 220}]","{'totalMinutes': 0, 'minutesInHeartRateZones': [{'minutes': 0, 'zoneName': 'Out of Range', 'order': 0, 'type': 'OUT_OF_ZONE', 'minuteMultiplier': 0}, {'minutes': 0, 'zoneName': 'Fat Burn', 'order': 1, 'type': 'FAT_BURN', 'minuteMultiplier': 1}, {'minutes': 0, 'zoneName': 'Cardio', 'order': 2, 'type': 'CARDIO', 'minuteMultiplier': 2}, {'minutes': 0, 'zoneName': 'Peak', 'order': 3, 'type': 'PEAK', 'minuteMultiplier': 2}]}"
2026-04-17 14:48:43+09:00,5174252434106779040,Walk,90013,2026-04-17T14:48:43.000+09:00,666000,11,65,970.0,0.419488,Mile,auto_detected,,,94.0,"[{'minutes': 11, 'caloriesOut': 65.950734, 'name': 'Out of Range', 'min': 30, 'max': 102}, {'minutes': 0, 'caloriesOut': 0.0, 'name': 'Fat Burn', 'min': 103, 'max': 128}, {'minutes': 0, 'caloriesOut': 0.0, 'name': 'Cardio', 'min': 129, 'max': 160}, {'minutes': 0, 'caloriesOut': 0.0, 'name': 'Peak', 'min': 161, 'max': 220}]","{'totalMinutes': 0, 'minutesInHeartRateZones': [{'minutes': 0, 'zoneName': 'Out of Range', 'order': 0, 'type': 'OUT_OF_ZONE', 'minuteMultiplier': 0}, {'minutes': 0, 'zoneName': 'Fat Burn', 'order': 1, 'type': 'FAT_BURN', 'minuteMultiplier': 1}, {'minutes': 0, 'zoneName': 'Cardio', 'order': 2, 'type': 'CARDIO', 'minuteMultiplier': 2}, {'minutes': 0, 'zoneName': 'Peak', 'order': 3, 'type': 'PEAK', 'minuteMultiplier': 2}]}"
2026-04-17 20:07:51+09:00,5349818521949678256,Outdoor Bike,1071,2026-04-17T20:07:51.000+09:00,2099000,34,112,,0.277069,Mile,auto_detected,,,83.0,"[{'minutes': 32, 'caloriesOut': 103.446089, 'name': 'Out of Range', 'min': 30, 'max': 102}, {'minutes': 2, 'caloriesOut': 8.834522, 'name': 'Fat Burn', 'min': 103, 'max': 128}, {'minutes': 0, 'caloriesOut': 0.0, 'name': 'Cardio', 'min': 129, 'max': 160}, {'minutes': 0, 'caloriesOut': 0.0, 'name': 'Peak', 'min': 161, 'max': 220}]","{'totalMinutes': 2, 'minutesInHeartRateZones': [{'minutes': 0, 'zoneName': 'Out of Range', 'order': 0, 'type': 'OUT_OF_ZONE', 'minuteMultiplier': 0}, {'minutes': 2, 'zoneName': 'Fat Burn', 'order': 1, 'type': 'FAT_BURN', 'minuteMultiplier': 1}, {'minutes': 0, 'zoneName': 'Cardio', 'order': 2, 'type': 'CARDIO', 'minuteMultiplier': 2}, {'minutes': 0, 'zoneName': 'Peak', 'order': 3, 'type': 'PEAK', 'minuteMultiplier': 2}]}"
2026-04-18 06:54:40+09:00,5316460349800199640,Walk,90013,2026-04-18T06:54:40.000+09:00,614000,10,59,910.0,0.396248,Mile,auto_detected,,,89.0,"[{'minutes': 10, 'caloriesOut': 59.58166, 'name': 'Out of Range', 'min': 30, 'max': 103}, {'minutes': 0, 'caloriesOut': 0.0, 'name': 'Fat Burn', 'min': 104, 'max': 129}, {'minutes': 0, 'caloriesOut': 0.0, 'name': 'Cardio', 'min': 130, 'max': 160}, {'minutes': 0, 'caloriesOut': 0.0, 'name': 'Peak', 'min': 161, 'max': 220}]","{'totalMinutes': 0, 'minutesInHeartRateZones': [{'minutes': 0, 'zoneName': 'Out of Range', 'order': 0, 'type': 'OUT_OF_ZONE', 'minuteMultiplier': 0}, {'minutes': 0, 'zoneName': 'Fat Burn', 'order': 1, 'type': 'FAT_BURN', 'minuteMultiplier': 1}, {'minutes': 0, 'zoneName': 'Cardio', 'order': 2, 'type': 'CARDIO', 'minuteMultiplier': 2}, {'minutes': 0, 'zoneName': 'Peak', 'order': 3, 'type': 'PEAK', 'minuteMultiplier': 2}]}"
2026-04-20 06:22:47+09:00,6226001603277539392,Outdoor Bike,1071,2026-04-20T06:22:47.000+09:00,819000,13,88,,0.29279,Mile,auto_detected,,,123.0,"[{'minutes': 1, 'caloriesOut': 16.025412, 'name': 'Out of Range', 'min': 30, 'max': 102}, {'minutes': 6, 'caloriesOut': 33.89991, 'name': 'Fat Burn', 'min': 103, 'max': 128}, {'minutes': 6, 'caloriesOut': 38.728079, 'name': 'Cardio', 'min': 129, 'max': 160}, {'minutes': 0, 'caloriesOut': 0.0, 'name': 'Peak', 'min': 161, 'max': 220}]","{'totalMinutes': 18, 'minutesInHeartRateZones': [{'minutes': 0, 'zoneName': 'Out of Range', 'order': 0, 'type': 'OUT_OF_ZONE', 'minuteMultiplier': 0}, {'minutes': 6, 'zoneName': 'Fat Burn', 'order': 1, 'type': 'FAT_BURN', 'minuteMultiplier': 1}, {'minutes': 6, 'zoneName': 'Cardio', 'order': 2, 'type': 'CARDIO', 'minuteMultiplier': 2}, {'minutes': 0, 'zoneName': 'Peak', 'order': 3, 'type': 'PEAK', 'minuteMultiplier': 2}]}"
2026-04-20 09:00:49+09:00,7165998025419947208,Outdoor Bike,1071,2026-04-20T09:00:49.000+09:00,5786000,96,582,,1.124247,Mile,auto_detected,,,124.0,"[{'minutes': 2, 'caloriesOut': 20.442673, 'name': 'Out of Range', 'min': 30, 'max': 102}, {'minutes': 71, 'caloriesOut': 448.814263, 'name': 'Fat Burn', 'min': 103, 'max': 128}, {'minutes': 20, 'caloriesOut': 101.69973, 'name': 'Cardio', 'min': 129, 'max': 160}, {'minutes': 3, 'caloriesOut': 11.916332, 'name': 'Peak', 'min': 161, 'max': 220}]","{'totalMinutes': 117, 'minutesInHeartRateZones': [{'minutes': 0, 'zoneName': 'Out of Range', 'order': 0, 'type': 'OUT_OF_ZONE', 'minuteMultiplier': 0}, {'minutes': 71, 'zoneName': 'Fat Burn', 'order': 1, 'type': 'FAT_BURN', 'minuteMultiplier': 1}, {'minutes': 20, 'zoneName': 'Cardio', 'order': 2, 'type': 'CARDIO', 'minuteMultiplier': 2}, {'minutes': 3, 'zoneName': 'Peak', 'order': 3, 'type': 'PEAK', 'minuteMultiplier': 2}]}"
2026-04-20 12:09:24+09:00,3258920039967001224,Walk,90013,2026-04-20T12:09:24.000+09:00,1690000,28,211,2540.0,1.107532,Mile,auto_detected,,,121.0,"[{'minutes': 0, 'caloriesOut': 7.19089, 'name': 'Out of Range', 'min': 30, 'max': 102}, {'minutes': 26, 'caloriesOut': 187.476775, 'name': 'Fat Burn', 'min': 103, 'max': 128}, {'minutes': 2, 'caloriesOut': 16.641774, 'name': 'Cardio', 'min': 129, 'max': 160}, {'minutes': 0, 'caloriesOut': 0.0, 'name': 'Peak', 'min': 161, 'max': 220}]","{'totalMinutes': 30, 'minutesInHeartRateZones': [{'minutes': 0, 'zoneName': 'Out of Range', 'order': 0, 'type': 'OUT_OF_ZONE', 'minuteMultiplier': 0}, {'minutes': 26, 'zoneName': 'Fat Burn', 'order': 1, 'type': 'FAT_BURN', 'minuteMultiplier': 1}, {'minutes': 2, 'zoneName': 'Cardio', 'order': 2, 'type': 'CARDIO', 'minuteMultiplier': 2}, {'minutes': 0, 'zoneName': 'Peak', 'order': 3, 'type': 'PEAK', 'minuteMultiplier': 2}]}"
2026-04-20 14:01:11+09:00,8583774188503663888,Walk,90013,2026-04-20T14:01:11.000+09:00,1229000,20,127,1172.0,0.487963,Mile,auto_detected,,,118.0,"[{'minutes': 0, 'caloriesOut': 6.574528, 'name': 'Out of Range', 'min': 30, 'max': 102}, {'minutes': 15, 'caloriesOut': 83.722505, 'name': 'Fat Burn', 'min': 103, 'max': 128}, {'minutes': 5, 'caloriesOut': 36.776266, 'name': 'Cardio', 'min': 129, 'max': 160}, {'minutes': 0, 'caloriesOut': 0.0, 'name': 'Peak', 'min': 161, 'max': 220}]","{'totalMinutes': 25, 'minutesInHeartRateZones': [{'minutes': 0, 'zoneName': 'Out of Range', 'order': 0, 'type': 'OUT_OF_ZONE', 'minuteMultiplier': 0}, {'minutes': 15, 'zoneName': 'Fat Burn', 'order': 1, 'type': 'FAT_BURN', 'minuteMultiplier': 1}, {'minutes': 5, 'zoneName': 'Cardio', 'order': 2, 'type': 'CARDIO', 'minuteMultiplier': 2}, {'minutes': 0, 'zoneName': 'Peak', 'order': 3, 'type': 'PEAK', 'minuteMultiplier': 2}]}"
2026-04-20 15:02:37+09:00,3647451471482023608,Outdoor Bike,1071,2026-04-20T15:02:37.000+09:00,614000,10,53,,0.057601,Mile,auto_detected,,,110.0,"[{'minutes': 0, 'caloriesOut': 4.828169, 'name': 'Out of Range', 'min': 30, 'max': 102}, {'minutes': 10, 'caloriesOut': 49.000779, 'name': 'Fat Burn', 'min': 103, 'max': 128}, {'minutes': 0, 'caloriesOut': 0.0, 'name': 'Cardio', 'min': 129, 'max': 160}, {'minutes': 0, 'caloriesOut': 0.0, 'name': 'Peak', 'min': 161, 'max': 220}]","{'totalMinutes': 10, 'minutesInHeartRateZones': [{'minutes': 0, 'zoneName': 'Out of Range', 'order': 0, 'type': 'OUT_OF_ZONE', 'minuteMultiplier': 0}, {'minutes': 10, 'zoneName': 'Fat Burn', 'order': 1, 'type': 'FAT_BURN', 'minuteMultiplier': 1}, {'minutes': 0, 'zoneName': 'Cardio', 'order': 2, 'type': 'CARDIO', 'minuteMultiplier': 2}, {'minutes': 0, 'zoneName': 'Peak', 'order': 3, 'type': 'PEAK', 'minuteMultiplier': 2}]}"
2026-04-20 16:10:53+09:00,1996594770462944072,Walk,90013,2026-04-20T16:10:53.000+09:00,820000,13,86,1181.0,0.509152,Mile,auto_detected,,,107.0,"[{'minutes': 4, 'caloriesOut': 31.84537, 'name': 'Out of Range', 'min': 30, 'max': 102}, {'minutes': 9, 'caloriesOut': 54.239856, 'name': 'Fat Burn', 'min': 103, 'max': 128}, {'minutes': 0, 'caloriesOut': 0.0, 'name': 'Cardio', 'min': 129, 'max': 160}, {'minutes': 0, 'caloriesOut': 0.0, 'name': 'Peak', 'min': 161, 'max': 220}]","{'totalMinutes': 9, 'minutesInHeartRateZones': [{'minutes': 0, 'zoneName': 'Out of Range', 'order': 0, 'type': 'OUT_OF_ZONE', 'minuteMultiplier': 0}, {'minutes': 9, 'zoneName': 'Fat Burn', 'order': 1, 'type': 'FAT_BURN', 'minuteMultiplier': 1}, {'minutes': 0, 'zoneName': 'Cardio', 'order': 2, 'type': 'CARDIO', 'minuteMultiplier': 2}, {'minutes': 0, 'zoneName': 'Peak', 'order': 3, 'type': 'PEAK', 'minuteMultiplier': 2}]}"
2026-04-20 19:39:57+09:00,6109435801787633864,Walk,90013,2026-04-20T19:39:57.000+09:00,768000,12,75,1070.0,0.459753,Mile,auto_detected,,,88.0,"[{'minutes': 10, 'caloriesOut': 69.546179, 'name': 'Out of Range', 'min': 30, 'max': 102}, {'minutes': 2, 'caloriesOut': 5.958166, 'name': 'Fat Burn', 'min': 103, 'max': 128}, {'minutes': 0, 'caloriesOut': 0.0, 'name': 'Cardio', 'min': 129, 'max': 160}, {'minutes': 0, 'caloriesOut': 0.0, 'name': 'Peak', 'min': 161, 'max': 220}]","{'totalMinutes': 2, 'minutesInHeartRateZones': [{'minutes': 0, 'zoneName': 'Out of Range', 'order': 0, 'type': 'OUT_OF_ZONE', 'minuteMultiplier': 0}, {'minutes': 2, 'zoneName': 'Fat Burn', 'order': 1, 'type': 'FAT_BURN', 'minuteMultiplier': 1}, {'minutes': 0, 'zoneName': 'Cardio', 'order': 2, 'type': 'CARDIO', 'minuteMultiplier': 2}, {'minutes': 0, 'zoneName': 'Peak', 'order': 3, 'type': 'PEAK', 'minuteMultiplier': 2}]}"
2026-04-21 06:57:27+09:00,1906510854337919664,Walk,90013,2026-04-21T06:57:27.000+09:00,614000,10,56,903.0,0.389973,Mile,auto_detected,,,89.0,"[{'minutes': 10, 'caloriesOut': 56.294396, 'name': 'Out of Range', 'min': 30, 'max': 104}, {'minutes': 0, 'caloriesOut': 0.0, 'name': 'Fat Burn', 'min': 105, 'max': 129}, {'minutes': 0, 'caloriesOut': 0.0, 'name': 'Cardio', 'min': 130, 'max': 161}, {'minutes': 0, 'caloriesOut': 0.0, 'name': 'Peak', 'min': 162, 'max': 220}]","{'totalMinutes': 0, 'minutesInHeartRateZones': [{'minutes': 0, 'zoneName': 'Out of Range', 'order': 0, 'type': 'OUT_OF_ZONE', 'minuteMultiplier': 0}, {'minutes': 0, 'zoneName': 'Fat Burn', 'order': 1, 'type': 'FAT_BURN', 'minuteMultiplier': 1}, {'minutes': 0, 'zoneName': 'Cardio', 'order': 2, 'type': 'CARDIO', 'minuteMultiplier': 2}, {'minutes': 0, 'zoneName': 'Peak', 'order': 3, 'type': 'PEAK', 'minuteMultiplier': 2}]}"
2026-04-21 09:29:09+09:00,868454647213139184,Walk,90013,2026-04-21T09:29:09.000+09:00,627000,10,64,1000.0,0.446517,Mile,auto_detected,,,96.0,"[{'minutes': 9, 'caloriesOut': 59.58166, 'name': 'Out of Range', 'min': 30, 'max': 104}, {'minutes': 1, 'caloriesOut': 4.930896, 'name': 'Fat Burn', 'min': 105, 'max': 129}, {'minutes': 0, 'caloriesOut': 0.0, 'name': 'Cardio', 'min': 130, 'max': 161}, {'minutes': 0, 'caloriesOut': 0.0, 'name': 'Peak', 'min': 162, 'max': 220}]","{'totalMinutes': 1, 'minutesInHeartRateZones': [{'minutes': 0, 'zoneName': 'Out of Range', 'order': 0, 'type': 'OUT_OF_ZONE', 'minuteMultiplier': 0}, {'minutes': 1, 'zoneName': 'Fat Burn', 'order': 1, 'type': 'FAT_BURN', 'minuteMultiplier': 1}, {'minutes': 0, 'zoneName': 'Cardio', 'order': 2, 'type': 'CARDIO', 'minuteMultiplier': 2}, {'minutes': 0, 'zoneName': 'Peak', 'order': 3, 'type': 'PEAK', 'minuteMultiplier': 2}]}"
2026-04-21 10:41:02+09:00,8411370739375465552,Walk,90013,2026-04-21T10:41:02.000+09:00,615000,10,57,870.0,0.380714,Mile,auto_detected,,,94.0,"[{'minutes': 10, 'caloriesOut': 57.321666, 'name': 'Out of Range', 'min': 30, 'max': 104}, {'minutes': 0, 'caloriesOut': 0.0, 'name': 'Fat Burn', 'min': 105, 'max': 129}, {'minutes': 0, 'caloriesOut': 0.0, 'name': 'Cardio', 'min': 130, 'max': 161}, {'minutes': 0, 'caloriesOut': 0.0, 'name': 'Peak', 'min': 162, 'max': 220}]","{'totalMinutes': 0, 'minutesInHeartRateZones': [{'minutes': 0, 'zoneName': 'Out of Range', 'order': 0, 'type': 'OUT_OF_ZONE', 'minuteMultiplier': 0}, {'minutes': 0, 'zoneName': 'Fat Burn', 'order': 1, 'type': 'FAT_BURN', 'minuteMultiplier': 1}, {'minutes': 0, 'zoneName': 'Cardio', 'order': 2, 'type': 'CARDIO', 'minuteMultiplier': 2}, {'minutes': 0, 'zoneName': 'Peak', 'order': 3, 'type': 'PEAK', 'minuteMultiplier': 2}]}"
2026-04-21 11:27:58+09:00,2633475713517384336,Walk,90013,2026-04-21T11:27:58.000+09:00,871000,14,87,1280.0,0.548236,Mile,auto_detected,,,91.0,"[{'minutes': 13, 'caloriesOut': 81.359784, 'name': 'Out of Range', 'min': 30, 'max': 104}, {'minutes': 1, 'caloriesOut': 6.574528, 'name': 'Fat Burn', 'min': 105, 'max': 129}, {'minutes': 0, 'caloriesOut': 0.0, 'name': 'Cardio', 'min': 130, 'max': 161}, {'minutes': 0, 'caloriesOut': 0.0, 'name': 'Peak', 'min': 162, 'max': 220}]","{'totalMinutes': 1, 'minutesInHeartRateZones': [{'minutes': 0, 'zoneName': 'Out of Range', 'order': 0, 'type': 'OUT_OF_ZONE', 'minuteMultiplier': 0}, {'minutes': 1, 'zoneName': 'Fat Burn', 'order': 1, 'type': 'FAT_BURN', 'minuteMultiplier': 1}, {'minutes': 0, 'zoneName': 'Cardio', 'order': 2, 'type': 'CARDIO', 'minuteMultiplier': 2}, {'minutes': 0, 'zoneName': 'Peak', 'order': 3, 'type': 'PEAK', 'minuteMultiplier': 2}]}"
2026-04-21 18:25:14+09:00,3881508203699119696,Outdoor Bike,1071,2026-04-21T18:25:14.000+09:00,768000,12,37,,0.094138,Mile,auto_detected,,,89.0,"[{'minutes': 12, 'caloriesOut': 37.392628, 'name': 'Out of Range', 'min': 30, 'max': 104}, {'minutes': 0, 'caloriesOut': 0.0, 'name': 'Fat Burn', 'min': 105, 'max': 129}, {'minutes': 0, 'caloriesOut': 0.0, 'name': 'Cardio', 'min': 130, 'max': 161}, {'minutes': 0, 'caloriesOut': 0.0, 'name': 'Peak', 'min': 162, 'max': 220}]","{'totalMinutes': 0, 'minutesInHeartRateZones': [{'minutes': 0, 'zoneName': 'Out of Range', 'order': 0, 'type': 'OUT_OF_ZONE', 'minuteMultiplier': 0}, {'minutes': 0, 'zoneName': 'Fat Burn', 'order': 1, 'type': 'FAT_BURN', 'minuteMultiplier': 1}, {'minutes': 0, 'zoneName': 'Cardio', 'order': 2, 'type': 'CARDIO', 'minuteMultiplier': 2}, {'minutes': 0, 'zoneName': 'Peak', 'order': 3, 'type': 'PEAK', 'minuteMultiplier': 2}]}"
2026-04-21 18:56:48+09:00,7545914010361257848,Outdoor Bike,1071,2026-04-21T18:56:48.000+09:00,768000,12,28,,0.030385,Mile,auto_detected,,,94.0,"[{'minutes': 11, 'caloriesOut': 28.76356, 'name': 'Out of Range', 'min': 30, 'max': 104}, {'minutes': 1, 'caloriesOut': 0.0, 'name': 'Fat Burn', 'min': 105, 'max': 129}, {'minutes': 0, 'caloriesOut': 0.0, 'name': 'Cardio', 'min': 130, 'max': 161}, {'minutes': 0, 'caloriesOut': 0.0, 'name': 'Peak', 'min': 162, 'max': 220}]","{'totalMinutes': 1, 'minutesInHeartRateZones': [{'minutes': 0, 'zoneName': 'Out of Range', 'order': 0, 'type': 'OUT_OF_ZONE', 'minuteMultiplier': 0}, {'minutes': 1, 'zoneName': 'Fat Burn', 'order': 1, 'type': 'FAT_BURN', 'minuteMultiplier': 1}, {'minutes': 0, 'zoneName': 'Cardio', 'order': 2, 'type': 'CARDIO', 'minuteMultiplier': 2}, {'minutes': 0, 'zoneName': 'Peak', 'order': 3, 'type': 'PEAK', 'minuteMultiplier': 2}]}"
2026-04-22 08:49:38+09:00,7316025452916897864,Outdoor Bike,1071,2026-04-22T08:49:38.000+09:00,1075000,17,60,,0.16485,Mile,auto_detected,,,91.0,"[{'minutes': 17, 'caloriesOut': 60.917111, 'name': 'Out of Range', 'min': 30, 'max': 103}, {'minutes': 0, 'caloriesOut': 0.0, 'name': 'Fat Burn', 'min': 104, 'max': 129}, {'minutes': 0, 'caloriesOut': 0.0, 'name': 'Cardio', 'min': 130, 'max': 160}, {'minutes': 0, 'caloriesOut': 0.0, 'name': 'Peak', 'min': 161, 'max': 220}]","{'totalMinutes': 0, 'minutesInHeartRateZones': [{'minutes': 0, 'zoneName': 'Out of Range', 'order': 0, 'type': 'OUT_OF_ZONE', 'minuteMultiplier': 0}, {'minutes': 0, 'zoneName': 'Fat Burn', 'order': 1, 'type': 'FAT_BURN', 'minuteMultiplier': 1}, {'minutes': 0, 'zoneName': 'Cardio', 'order': 2, 'type': 'CARDIO', 'minuteMultiplier': 2}, {'minutes': 0, 'zoneName': 'Peak', 'order': 3, 'type': 'PEAK', 'minuteMultiplier': 2}]}"
2026-04-22 12:16:06+09:00,775584667332799000,Walk,90013,2026-04-22T12:16:06.000+09:00,718000,11,69,1029.0,0.452234,Mile,auto_detected,,,91.0,"[{'minutes': 10, 'caloriesOut': 69.032544, 'name': 'Out of Range', 'min': 30, 'max': 103}, {'minutes': 1, 'caloriesOut': 0.0, 'name': 'Fat Burn', 'min': 104, 'max': 129}, {'minutes': 0, 'caloriesOut': 0.0, 'name': 'Cardio', 'min': 130, 'max': 160}, {'minutes': 0, 'caloriesOut': 0.0, 'name': 'Peak', 'min': 161, 'max': 220}]","{'totalMinutes': 1, 'minutesInHeartRateZones': [{'minutes': 0, 'zoneName': 'Out of Range', 'order': 0, 'type': 'OUT_OF_ZONE', 'minuteMultiplier': 0}, {'minutes': 1, 'zoneName': 'Fat Burn', 'order': 1, 'type': 'FAT_BURN', 'minuteMultiplier': 1}, {'minutes': 0, 'zoneName': 'Cardio', 'order': 2, 'type': 'CARDIO', 'minuteMultiplier': 2}, {'minutes': 0, 'zoneName': 'Peak', 'order': 3, 'type': 'PEAK', 'minuteMultiplier': 2}]}"
2026-04-22 13:21:50+09:00,2509781572965008744,Walk,90013,2026-04-22T13:21:50.000+09:00,717000,11,72,1059.0,0.459318,Mile,auto_detected,,,89.0,"[{'minutes': 11, 'caloriesOut': 72.525262, 'name': 'Out of Range', 'min': 30, 'max': 103}, {'minutes': 0, 'caloriesOut': 0.0, 'name': 'Fat Burn', 'min': 104, 'max': 129}, {'minutes': 0, 'caloriesOut': 0.0, 'name': 'Cardio', 'min': 130, 'max': 160}, {'minutes': 0, 'caloriesOut': 0.0, 'name': 'Peak', 'min': 161, 'max': 220}]","{'totalMinutes': 0, 'minutesInHeartRateZones': [{'minutes': 0, 'zoneName': 'Out of Range', 'order': 0, 'type': 'OUT_OF_ZONE', 'minuteMultiplier': 0}, {'minutes': 0, 'zoneName': 'Fat Burn', 'order': 1, 'type': 'FAT_BURN', 'minuteMultiplier': 1}, {'minutes': 0, 'zoneName': 'Cardio', 'order': 2, 'type': 'CARDIO', 'minuteMultiplier': 2}, {'minutes': 0, 'zoneName': 'Peak', 'order': 3, 'type': 'PEAK', 'minuteMultiplier': 2}]}"
2026-04-22 14:27:33+09:00,1014761447481653200,Outdoor Bike,1071,2026-04-22T14:27:33.000+09:00,716000,11,35,,0.053314,Mile,auto_detected,,,93.0,"[{'minutes': 11, 'caloriesOut': 35.95445, 'name': 'Out of Range', 'min': 30, 'max': 103}, {'minutes': 0, 'caloriesOut': 0.0, 'name': 'Fat Burn', 'min': 104, 'max': 129}, {'minutes': 0, 'caloriesOut': 0.0, 'name': 'Cardio', 'min': 130, 'max': 160}, {'minutes': 0, 'caloriesOut': 0.0, 'name': 'Peak', 'min': 161, 'max': 220}]","{'totalMinutes': 0, 'minutesInHeartRateZones': [{'minutes': 0, 'zoneName': 'Out of Range', 'order': 0, 'type': 'OUT_OF_ZONE', 'minuteMultiplier': 0}, {'minutes': 0, 'zoneName': 'Fat Burn', 'order': 1, 'type': 'FAT_BURN', 'minuteMultiplier': 1}, {'minutes': 0, 'zoneName': 'Cardio', 'order': 2, 'type': 'CARDIO', 'minuteMultiplier': 2}, {'minutes': 0, 'zoneName': 'Peak', 'order': 3, 'type': 'PEAK', 'minuteMultiplier': 2}]}"
2026-04-22 15:23:52+09:00,2512608567471606720,Outdoor Bike,1071,2026-04-22T15:23:52.000+09:00,973000,16,79,,0.137199,Mile,auto_detected,,,104.0,"[{'minutes': 7, 'caloriesOut': 34.413545, 'name': 'Out of Range', 'min': 30, 'max': 103}, {'minutes': 8, 'caloriesOut': 39.858076, 'name': 'Fat Burn', 'min': 104, 'max': 129}, {'minutes': 1, 'caloriesOut': 5.13635, 'name': 'Cardio', 'min': 130, 'max': 160}, {'minutes': 0, 'caloriesOut': 0.0, 'name': 'Peak', 'min': 161, 'max': 220}]","{'totalMinutes': 10, 'minutesInHeartRateZones': [{'minutes': 0, 'zoneName': 'Out of Range', 'order': 0, 'type': 'OUT_OF_ZONE', 'minuteMultiplier': 0}, {'minutes': 8, 'zoneName': 'Fat Burn', 'order': 1, 'type': 'FAT_BURN', 'minuteMultiplier': 1}, {'minutes': 1, 'zoneName': 'Cardio', 'order': 2, 'type': 'CARDIO', 'minuteMultiplier': 2}, {'minutes': 0, 'zoneName': 'Peak', 'order': 3, 'type': 'PEAK', 'minuteMultiplier': 2}]}"
2026-04-23 08:23:00+09:00,8635137449293556536,Walk,90013,2026-04-23T08:23:00.000+09:00,1118000,18,78,1109.0,0.461834,Mile,tracker,,,75.0,"[{'minutes': 18, 'caloriesOut': 81.770692, 'name': 'Out of Range', 'min': 30, 'max': 103}, {'minutes': 0, 'caloriesOut': 0.0, 'name': 'Fat Burn', 'min': 104, 'max': 128}, {'minutes': 0, 'caloriesOut': 0.0, 'name': 'Cardio', 'min': 129, 'max': 160}, {'minutes': 0, 'caloriesOut': 0.0, 'name': 'Peak', 'min': 161, 'max': 220}]","{'totalMinutes': 0, 'minutesInHeartRateZones': [{'minutes': 0, 'zoneName': 'Out of Range', 'order': 0, 'type': 'OUT_OF_ZONE', 'minuteMultiplier': 0}, {'minutes': 0, 'zoneName': 'Fat Burn', 'order': 1, 'type': 'FAT_BURN', 'minuteMultiplier': 1}, {'minutes': 0, 'zoneName': 'Cardio', 'order': 2, 'type': 'CARDIO', 'minuteMultiplier': 2}, {'minutes': 0, 'zoneName': 'Peak', 'order': 3, 'type': 'PEAK', 'minuteMultiplier': 2}]}"
2026-04-24 13:55:52+09:00,3942092494603205296,Walk,90013,2026-04-24T13:55:52.000+09:00,614000,10,59,903.0,0.387425,Mile,auto_detected,,,81.0,"[{'minutes': 10, 'caloriesOut': 59.58166, 'name': 'Out of Range', 'min': 30, 'max': 102}, {'minutes': 0, 'caloriesOut': 0.0, 'name': 'Fat Burn', 'min': 103, 'max': 128}, {'minutes': 0, 'caloriesOut': 0.0, 'name': 'Cardio', 'min': 129, 'max': 160}, {'minutes': 0, 'caloriesOut': 0.0, 'name': 'Peak', 'min': 161, 'max': 220}]","{'totalMinutes': 0, 'minutesInHeartRateZones': [{'minutes': 0, 'zoneName': 'Out of Range', 'order': 0, 'type': 'OUT_OF_ZONE', 'minuteMultiplier': 0}, {'minutes': 0, 'zoneName': 'Fat Burn', 'order': 1, 'type': 'FAT_BURN', 'minuteMultiplier': 1}, {'minutes': 0, 'zoneName': 'Cardio', 'order': 2, 'type': 'CARDIO', 'minuteMultiplier': 2}, {'minutes': 0, 'zoneName': 'Peak', 'order': 3, 'type': 'PEAK', 'minuteMultiplier': 2}]}"
2026-04-24 14:59:00+09:00,7299580788596382136,Outdoor Bike,1071,2026-04-24T14:59:00.000+09:00,1639000,27,118,,0.482433,Mile,auto_detected,,,96.0,"[{'minutes': 23, 'caloriesOut': 102.007911, 'name': 'Out of Range', 'min': 30, 'max': 102}, {'minutes': 4, 'caloriesOut': 16.641774, 'name': 'Fat Burn', 'min': 103, 'max': 128}, {'minutes': 0, 'caloriesOut': 0.0, 'name': 'Cardio', 'min': 129, 'max': 160}, {'minutes': 0, 'caloriesOut': 0.0, 'name': 'Peak', 'min': 161, 'max': 220}]","{'totalMinutes': 4, 'minutesInHeartRateZones': [{'minutes': 0, 'zoneName': 'Out of Range', 'order': 0, 'type': 'OUT_OF_ZONE', 'minuteMultiplier': 0}, {'minutes': 4, 'zoneName': 'Fat Burn', 'order': 1, 'type': 'FAT_BURN', 'minuteMultiplier': 1}, {'minutes': 0, 'zoneName': 'Cardio', 'order': 2, 'type': 'CARDIO', 'minuteMultiplier': 2}, {'minutes': 0, 'zoneName': 'Peak', 'order': 3, 'type': 'PEAK', 'minuteMultiplier': 2}]}"
2026-04-24 18:21:14+09:00,5816160700167949800,Outdoor Bike,1071,2026-04-24T18:21:14.000+09:00,2047000,34,99,,0.185355,Mile,auto_detected,,,89.0,"[{'minutes': 33, 'caloriesOut': 93.687024, 'name': 'Out of Range', 'min': 30, 'max': 102}, {'minutes': 1, 'caloriesOut': 5.341804, 'name': 'Fat Burn', 'min': 103, 'max': 128}, {'minutes': 0, 'caloriesOut': 0.0, 'name': 'Cardio', 'min': 129, 'max': 160}, {'minutes': 0, 'caloriesOut': 0.0, 'name': 'Peak', 'min': 161, 'max': 220}]","{'totalMinutes': 1, 'minutesInHeartRateZones': [{'minutes': 0, 'zoneName': 'Out of Range', 'order': 0, 'type': 'OUT_OF_ZONE', 'minuteMultiplier': 0}, {'minutes': 1, 'zoneName': 'Fat Burn', 'order': 1, 'type': 'FAT_BURN', 'minuteMultiplier': 1}, {'minutes': 0, 'zoneName': 'Cardio', 'order': 2, 'type': 'CARDIO', 'minuteMultiplier': 2}, {'minutes': 0, 'zoneName': 'Peak', 'order': 3, 'type': 'PEAK', 'minuteMultiplier': 2}]}"
2026-04-25 11:25:03+09:00,7463748396436368432,Bike,90001,2026-04-25T11:25:03.000+09:00,5097000,84,600,,10.855479,Mile,tracker,True,,121.0,"[{'minutes': 3, 'caloriesOut': 12.019059, 'name': 'Out of Range', 'min': 30, 'max': 101}, {'minutes': 56, 'caloriesOut': 387.383517, 'name': 'Fat Burn', 'min': 102, 'max': 127}, {'minutes': 25, 'caloriesOut': 201.34492, 'name': 'Cardio', 'min': 128, 'max': 160}, {'minutes': 0, 'caloriesOut': 0.0, 'name': 'Peak', 'min': 161, 'max': 220}]","{'totalMinutes': 106, 'minutesInHeartRateZones': [{'minutes': 0, 'zoneName': 'Out of Range', 'order': 0, 'type': 'OUT_OF_ZONE', 'minuteMultiplier': 0}, {'minutes': 56, 'zoneName': 'Fat Burn', 'order': 1, 'type': 'FAT_BURN', 'minuteMultiplier': 1}, {'minutes': 25, 'zoneName': 'Cardio', 'order': 2, 'type': 'CARDIO', 'minuteMultiplier': 2}, {'minutes': 0, 'zoneName': 'Peak', 'order': 3, 'type': 'PEAK', 'minuteMultiplier': 2}]}"
2026-04-25 20:08:12+09:00,6457333793651551560,Bike,90001,2026-04-25T20:08:12.000+09:00,3519000,58,329,,9.519369,Mile,tracker,True,,104.0,"[{'minutes': 30, 'caloriesOut': 164.055019, 'name': 'Out of Range', 'min': 30, 'max': 101}, {'minutes': 24, 'caloriesOut': 138.475996, 'name': 'Fat Burn', 'min': 102, 'max': 127}, {'minutes': 4, 'caloriesOut': 27.119928, 'name': 'Cardio', 'min': 128, 'max': 160}, {'minutes': 0, 'caloriesOut': 0.0, 'name': 'Peak', 'min': 161, 'max': 220}]","{'totalMinutes': 32, 'minutesInHeartRateZones': [{'minutes': 0, 'zoneName': 'Out of Range', 'order': 0, 'type': 'OUT_OF_ZONE', 'minuteMultiplier': 0}, {'minutes': 24, 'zoneName': 'Fat Burn', 'order': 1, 'type': 'FAT_BURN', 'minuteMultiplier': 1}, {'minutes': 4, 'zoneName': 'Cardio', 'order': 2, 'type': 'CARDIO', 'minuteMultiplier': 2}, {'minutes': 0, 'zoneName': 'Peak', 'order': 3, 'type': 'PEAK', 'minuteMultiplier': 2}]}"
2026-04-26 06:10:48+09:00,8472948067779655592,Bike,90001,2026-04-26T06:10:48.000+09:00,1149000,19,136,,2.687648,Mile,tracker,True,,119.0,"[{'minutes': 6, 'caloriesOut': 34.721726, 'name': 'Out of Range', 'min': 30, 'max': 101}, {'minutes': 6, 'caloriesOut': 46.021696, 'name': 'Fat Burn', 'min': 102, 'max': 127}, {'minutes': 7, 'caloriesOut': 55.986215, 'name': 'Cardio', 'min': 128, 'max': 160}, {'minutes': 0, 'caloriesOut': 0.0, 'name': 'Peak', 'min': 161, 'max': 220}]","{'totalMinutes': 20, 'minutesInHeartRateZones': [{'minutes': 0, 'zoneName': 'Out of Range', 'order': 0, 'type': 'OUT_OF_ZONE', 'minuteMultiplier': 0}, {'minutes': 6, 'zoneName': 'Fat Burn', 'order': 1, 'type': 'FAT_BURN', 'minuteMultiplier': 1}, {'minutes': 7, 'zoneName': 'Cardio', 'order': 2, 'type': 'CARDIO', 'minuteMultiplier': 2}, {'minutes': 0, 'zoneName': 'Peak', 'order': 3, 'type': 'PEAK', 'minuteMultiplier': 2}]}"
2026-04-26 06:38:52+09:00,7337575040870222400,Walk,90013,2026-04-26T06:38:52.000+09:00,614000,10,69,814.0,0.341009,Mile,auto_detected,,,111.0,"[{'minutes': 2, 'caloriesOut': 20.339946, 'name': 'Out of Range', 'min': 30, 'max': 101}, {'minutes': 6, 'caloriesOut': 39.138987, 'name': 'Fat Burn', 'min': 102, 'max': 127}, {'minutes': 2, 'caloriesOut': 9.861792, 'name': 'Cardio', 'min': 128, 'max': 160}, {'minutes': 0, 'caloriesOut': 0.0, 'name': 'Peak', 'min': 161, 'max': 220}]","{'totalMinutes': 10, 'minutesInHeartRateZones': [{'minutes': 0, 'zoneName': 'Out of Range', 'order': 0, 'type': 'OUT_OF_ZONE', 'minuteMultiplier': 0}, {'minutes': 6, 'zoneName': 'Fat Burn', 'order': 1, 'type': 'FAT_BURN', 'minuteMultiplier': 1}, {'minutes': 2, 'zoneName': 'Cardio', 'order': 2, 'type': 'CARDIO', 'minuteMultiplier': 2}, {'minutes': 0, 'zoneName': 'Peak', 'order': 3, 'type': 'PEAK', 'minuteMultiplier': 2}]}"
2026-04-26 07:09:36+09:00,749344497508375176,Outdoor Bike,1071,2026-04-26T07:09:36.000+09:00,819000,13,69,,0.172803,Mile,auto_detected,,,108.0,"[{'minutes': 4, 'caloriesOut': 25.065388, 'name': 'Out of Range', 'min': 30, 'max': 101}, {'minutes': 8, 'caloriesOut': 38.214444, 'name': 'Fat Burn', 'min': 102, 'max': 127}, {'minutes': 1, 'caloriesOut': 6.369074, 'name': 'Cardio', 'min': 128, 'max': 160}, {'minutes': 0, 'caloriesOut': 0.0, 'name': 'Peak', 'min': 161, 'max': 220}]","{'totalMinutes': 10, 'minutesInHeartRateZones': [{'minutes': 0, 'zoneName': 'Out of Range', 'order': 0, 'type': 'OUT_OF_ZONE', 'minuteMultiplier': 0}, {'minutes': 8, 'zoneName': 'Fat Burn', 'order': 1, 'type': 'FAT_BURN', 'minuteMultiplier': 1}, {'minutes': 1, 'zoneName': 'Cardio', 'order': 2, 'type': 'CARDIO', 'minuteMultiplier': 2}, {'minutes': 0, 'zoneName': 'Peak', 'order': 3, 'type': 'PEAK', 'minuteMultiplier': 2}]}"
2026-04-26 11:39:14+09:00,716628008882193352,Walk,90013,2026-04-26T11:39:14.000+09:00,972000,16,99,1513.0,0.662382,Mile,auto_detected,,,95.0,"[{'minutes': 15, 'caloriesOut': 96.357926, 'name': 'Out of Range', 'min': 30, 'max': 101}, {'minutes': 1, 'caloriesOut': 3.287264, 'name': 'Fat Burn', 'min': 102, 'max': 127}, {'minutes': 0, 'caloriesOut': 0.0, 'name': 'Cardio', 'min': 128, 'max': 160}, {'minutes': 0, 'caloriesOut': 0.0, 'name': 'Peak', 'min': 161, 'max': 220}]","{'totalMinutes': 1, 'minutesInHeartRateZones': [{'minutes': 0, 'zoneName': 'Out of Range', 'order': 0, 'type': 'OUT_OF_ZONE', 'minuteMultiplier': 0}, {'minutes': 1, 'zoneName': 'Fat Burn', 'order': 1, 'type': 'FAT_BURN', 'minuteMultiplier': 1}, {'minutes': 0, 'zoneName': 'Cardio', 'order': 2, 'type': 'CARDIO', 'minuteMultiplier': 2}, {'minutes': 0, 'zoneName': 'Peak', 'order': 3, 'type': 'PEAK', 'minuteMultiplier': 2}]}"
2026-04-26 17:11:10+09:00,4730501811373895808,Walk,90013,2026-04-26T17:11:10.000+09:00,1485000,24,122,1742.0,0.751859,Mile,auto_detected,,,77.0,"[{'minutes': 24, 'caloriesOut': 122.861492, 'name': 'Out of Range', 'min': 30, 'max': 101}, {'minutes': 0, 'caloriesOut': 0.0, 'name': 'Fat Burn', 'min': 102, 'max': 127}, {'minutes': 0, 'caloriesOut': 0.0, 'name': 'Cardio', 'min': 128, 'max': 160}, {'minutes': 0, 'caloriesOut': 0.0, 'name': 'Peak', 'min': 161, 'max': 220}]","{'totalMinutes': 0, 'minutesInHeartRateZones': [{'minutes': 0, 'zoneName': 'Out of Range', 'order': 0, 'type': 'OUT_OF_ZONE', 'minuteMultiplier': 0}, {'minutes': 0, 'zoneName': 'Fat Burn', 'order': 1, 'type': 'FAT_BURN', 'minuteMultiplier': 1}, {'minutes': 0, 'zoneName': 'Cardio', 'order': 2, 'type': 'CARDIO', 'minuteMultiplier': 2}, {'minutes': 0, 'zoneName': 'Peak', 'order': 3, 'type': 'PEAK', 'minuteMultiplier': 2}]}"
2026-04-26 19:37:05+09:00,4093556787860581920,Walk,90013,2026-04-26T19:37:05.000+09:00,1177000,19,106,1569.0,0.685807,Mile,auto_detected,,,85.0,"[{'minutes': 19, 'caloriesOut': 106.425172, 'name': 'Out of Range', 'min': 30, 'max': 101}, {'minutes': 0, 'caloriesOut': 0.0, 'name': 'Fat Burn', 'min': 102, 'max': 127}, {'minutes': 0, 'caloriesOut': 0.0, 'name': 'Cardio', 'min': 128, 'max': 160}, {'minutes': 0, 'caloriesOut': 0.0, 'name': 'Peak', 'min': 161, 'max': 220}]","{'totalMinutes': 0, 'minutesInHeartRateZones': [{'minutes': 0, 'zoneName': 'Out of Range', 'order': 0, 'type': 'OUT_OF_ZONE', 'minuteMultiplier': 0}, {'minutes': 0, 'zoneName': 'Fat Burn', 'order': 1, 'type': 'FAT_BURN', 'minuteMultiplier': 1}, {'minutes': 0, 'zoneName': 'Cardio', 'order': 2, 'type': 'CARDIO', 'minuteMultiplier': 2}, {'minutes': 0, 'zoneName': 'Peak', 'order': 3, 'type': 'PEAK', 'minuteMultiplier': 2}]}"
2026-04-27 10:39:52+09:00,695082145675452152,Outdoor Bike,1071,2026-04-27T10:39:52.000+09:00,1229000,20,79,,0.362135,Mile,auto_detected,,,81.0,"[{'minutes': 20, 'caloriesOut': 79.202517, 'name': 'Out of Range', 'min': 30, 'max': 100}, {'minutes': 0, 'caloriesOut': 0.0, 'name': 'Fat Burn', 'min': 101, 'max': 127}, {'minutes': 0, 'caloriesOut': 0.0, 'name': 'Cardio', 'min': 128, 'max': 160}, {'minutes': 0, 'caloriesOut': 0.0, 'name': 'Peak', 'min': 161, 'max': 220}]","{'totalMinutes': 0, 'minutesInHeartRateZones': [{'minutes': 0, 'zoneName': 'Out of Range', 'order': 0, 'type': 'OUT_OF_ZONE', 'minuteMultiplier': 0}, {'minutes': 0, 'zoneName': 'Fat Burn', 'order': 1, 'type': 'FAT_BURN', 'minuteMultiplier': 1}, {'minutes': 0, 'zoneName': 'Cardio', 'order': 2, 'type': 'CARDIO', 'minuteMultiplier': 2}, {'minutes': 0, 'zoneName': 'Peak', 'order': 3, 'type': 'PEAK', 'minuteMultiplier': 2}]}"
2026-04-27 14:24:17+09:00,3503146747738488864,Outdoor Bike,1071,2026-04-27T14:24:17.000+09:00,920000,15,42,,0.074316,Mile,auto_detected,,,83.0,"[{'minutes': 15, 'caloriesOut': 42.426251, 'name': 'Out of Range', 'min': 30, 'max': 100}, {'minutes': 0, 'caloriesOut': 0.0, 'name': 'Fat Burn', 'min': 101, 'max': 127}, {'minutes': 0, 'caloriesOut': 0.0, 'name': 'Cardio', 'min': 128, 'max': 160}, {'minutes': 0, 'caloriesOut': 0.0, 'name': 'Peak', 'min': 161, 'max': 220}]","{'totalMinutes': 0, 'minutesInHeartRateZones': [{'minutes': 0, 'zoneName': 'Out of Range', 'order': 0, 'type': 'OUT_OF_ZONE', 'minuteMultiplier': 0}, {'minutes': 0, 'zoneName': 'Fat Burn', 'order': 1, 'type': 'FAT_BURN', 'minuteMultiplier': 1}, {'minutes': 0, 'zoneName': 'Cardio', 'order': 2, 'type': 'CARDIO', 'minuteMultiplier': 2}, {'minutes': 0, 'zoneName': 'Peak', 'order': 3, 'type': 'PEAK', 'minuteMultiplier': 2}]}"
2026-04-27 18:29:11+09:00,1352368445766302336,Outdoor Bike,1071,2026-04-27T18:29:11.000+09:00,1843000,30,105,,0.388419,Mile,auto_detected,,,92.0,"[{'minutes': 26, 'caloriesOut': 92.043392, 'name': 'Out of Range', 'min': 30, 'max': 100}, {'minutes': 4, 'caloriesOut': 13.559964, 'name': 'Fat Burn', 'min': 101, 'max': 127}, {'minutes': 0, 'caloriesOut': 0.0, 'name': 'Cardio', 'min': 128, 'max': 160}, {'minutes': 0, 'caloriesOut': 0.0, 'name': 'Peak', 'min': 161, 'max': 220}]","{'totalMinutes': 4, 'minutesInHeartRateZones': [{'minutes': 0, 'zoneName': 'Out of Range', 'order': 0, 'type': 'OUT_OF_ZONE', 'minuteMultiplier': 0}, {'minutes': 4, 'zoneName': 'Fat Burn', 'order': 1, 'type': 'FAT_BURN', 'minuteMultiplier': 1}, {'minutes': 0, 'zoneName': 'Cardio', 'order': 2, 'type': 'CARDIO', 'minuteMultiplier': 2}, {'minutes': 0, 'zoneName': 'Peak', 'order': 3, 'type': 'PEAK', 'minuteMultiplier': 2}]}"
2026-04-27 20:08:05+09:00,6581695543633987480,Walk,90013,2026-04-27T20:08:05.000+09:00,671000,11,55,804.0,0.341195,Mile,auto_detected,,,79.0,"[{'minutes': 11, 'caloriesOut': 55.883488, 'name': 'Out of Range', 'min': 30, 'max': 100}, {'minutes': 0, 'caloriesOut': 0.0, 'name': 'Fat Burn', 'min': 101, 'max': 127}, {'minutes': 0, 'caloriesOut': 0.0, 'name': 'Cardio', 'min': 128, 'max': 160}, {'minutes': 0, 'caloriesOut': 0.0, 'name': 'Peak', 'min': 161, 'max': 220}]","{'totalMinutes': 0, 'minutesInHeartRateZones': [{'minutes': 0, 'zoneName': 'Out of Range', 'order': 0, 'type': 'OUT_OF_ZONE', 'minuteMultiplier': 0}, {'minutes': 0, 'zoneName': 'Fat Burn', 'order': 1, 'type': 'FAT_BURN', 'minuteMultiplier': 1}, {'minutes': 0, 'zoneName': 'Cardio', 'order': 2, 'type': 'CARDIO', 'minuteMultiplier': 2}, {'minutes': 0, 'zoneName': 'Peak', 'order': 3, 'type': 'PEAK', 'minuteMultiplier': 2}]}"
2026-04-28 09:55:01+09:00,6227432672707129800,Outdoor Bike,1071,2026-04-28T09:55:01.000+09:00,2252000,37,124,,0.294778,Mile,auto_detected,,,98.0,"[{'minutes': 26, 'caloriesOut': 86.393407, 'name': 'Out of Range', 'min': 30, 'max': 100}, {'minutes': 11, 'caloriesOut': 38.419898, 'name': 'Fat Burn', 'min': 101, 'max': 127}, {'minutes': 0, 'caloriesOut': 0.0, 'name': 'Cardio', 'min': 128, 'max': 160}, {'minutes': 0, 'caloriesOut': 0.0, 'name': 'Peak', 'min': 161, 'max': 220}]","{'totalMinutes': 11, 'minutesInHeartRateZones': [{'minutes': 0, 'zoneName': 'Out of Range', 'order': 0, 'type': 'OUT_OF_ZONE', 'minuteMultiplier': 0}, {'minutes': 11, 'zoneName': 'Fat Burn', 'order': 1, 'type': 'FAT_BURN', 'minuteMultiplier': 1}, {'minutes': 0, 'zoneName': 'Cardio', 'order': 2, 'type': 'CARDIO', 'minuteMultiplier': 2}, {'minutes': 0, 'zoneName': 'Peak', 'order': 3, 'type': 'PEAK', 'minuteMultiplier': 2}]}"
2026-04-28 14:36:37+09:00,6382705384071837440,Walk,90013,2026-04-28T14:36:37.000+09:00,613000,10,63,955.0,0.409421,Mile,auto_detected,,,96.0,"[{'minutes': 9, 'caloriesOut': 58.348936, 'name': 'Out of Range', 'min': 30, 'max': 100}, {'minutes': 1, 'caloriesOut': 4.930896, 'name': 'Fat Burn', 'min': 101, 'max': 127}, {'minutes': 0, 'caloriesOut': 0.0, 'name': 'Cardio', 'min': 128, 'max': 160}, {'minutes': 0, 'caloriesOut': 0.0, 'name': 'Peak', 'min': 161, 'max': 220}]","{'totalMinutes': 1, 'minutesInHeartRateZones': [{'minutes': 0, 'zoneName': 'Out of Range', 'order': 0, 'type': 'OUT_OF_ZONE', 'minuteMultiplier': 0}, {'minutes': 1, 'zoneName': 'Fat Burn', 'order': 1, 'type': 'FAT_BURN', 'minuteMultiplier': 1}, {'minutes': 0, 'zoneName': 'Cardio', 'order': 2, 'type': 'CARDIO', 'minuteMultiplier': 2}, {'minutes': 0, 'zoneName': 'Peak', 'order': 3, 'type': 'PEAK', 'minuteMultiplier': 2}]}"
2026-04-28 18:43:18+09:00,4665081230166939408,Weights,2131,2026-04-28T18:43:18.000+09:00,2121000,35,160,432.0,,,tracker,,,95.0,"[{'minutes': 25, 'caloriesOut': 111.97243, 'name': 'Out of Range', 'min': 30, 'max': 100}, {'minutes': 10, 'caloriesOut': 48.692598, 'name': 'Fat Burn', 'min': 101, 'max': 127}, {'minutes': 0, 'caloriesOut': 0.0, 'name': 'Cardio', 'min': 128, 'max': 160}, {'minutes': 0, 'caloriesOut': 0.0, 'name': 'Peak', 'min': 161, 'max': 220}]","{'totalMinutes': 10, 'minutesInHeartRateZones': [{'minutes': 0, 'zoneName': 'Out of Range', 'order': 0, 'type': 'OUT_OF_ZONE', 'minuteMultiplier': 0}, {'minutes': 10, 'zoneName': 'Fat Burn', 'order': 1, 'type': 'FAT_BURN', 'minuteMultiplier': 1}, {'minutes': 0, 'zoneName': 'Cardio', 'order': 2, 'type': 'CARDIO', 'minuteMultiplier': 2}, {'minutes': 0, 'zoneName': 'Peak', 'order': 3, 'type': 'PEAK', 'minuteMultiplier': 2}]}"
2026-04-29 13:06:30+09:00,935119223019228920,Outdoor Bike,1071,2026-04-29T13:06:30.000+09:00,871000,14,45,,0.080903,Mile,auto_detected,,,92.0,"[{'minutes': 13, 'caloriesOut': 44.583518, 'name': 'Out of Range', 'min': 30, 'max': 100}, {'minutes': 1, 'caloriesOut': 1.335451, 'name': 'Fat Burn', 'min': 101, 'max': 127}, {'minutes': 0, 'caloriesOut': 0.0, 'name': 'Cardio', 'min': 128, 'max': 160}, {'minutes': 0, 'caloriesOut': 0.0, 'name': 'Peak', 'min': 161, 'max': 220}]","{'totalMinutes': 1, 'minutesInHeartRateZones': [{'minutes': 0, 'zoneName': 'Out of Range', 'order': 0, 'type': 'OUT_OF_ZONE', 'minuteMultiplier': 0}, {'minutes': 1, 'zoneName': 'Fat Burn', 'order': 1, 'type': 'FAT_BURN', 'minuteMultiplier': 1}, {'minutes': 0, 'zoneName': 'Cardio', 'order': 2, 'type': 'CARDIO', 'minuteMultiplier': 2}, {'minutes': 0, 'zoneName': 'Peak', 'order': 3, 'type': 'PEAK', 'minuteMultiplier': 2}]}"
2026-04-30 09:48:56+09:00,128385299403576840,Outdoor Bike,1071,2026-04-30T09:48:56.000+09:00,1178000,19,60,,0.181751,Mile,auto_detected,,,86.0,"[{'minutes': 16, 'caloriesOut': 47.151693, 'name': 'Out of Range', 'min': 30, 'max': 100}, {'minutes': 3, 'caloriesOut': 12.943602, 'name': 'Fat Burn', 'min': 101, 'max': 127}, {'minutes': 0, 'caloriesOut': 0.0, 'name': 'Cardio', 'min': 128, 'max': 160}, {'minutes': 0, 'caloriesOut': 0.0, 'name': 'Peak', 'min': 161, 'max': 220}]","{'totalMinutes': 3, 'minutesInHeartRateZones': [{'minutes': 0, 'zoneName': 'Out of Range', 'order': 0, 'type': 'OUT_OF_ZONE', 'minuteMultiplier': 0}, {'minutes': 3, 'zoneName': 'Fat Burn', 'order': 1, 'type': 'FAT_BURN', 'minuteMultiplier': 1}, {'minutes': 0, 'zoneName': 'Cardio', 'order': 2, 'type': 'CARDIO', 'minuteMultiplier': 2}, {'minutes': 0, 'zoneName': 'Peak', 'order': 3, 'type': 'PEAK', 'minuteMultiplier': 2}]}"
2026-04-30 10:29:03+09:00,3541825916919804008,Walk,90013,2026-04-30T10:29:03.000+09:00,921000,15,89,1342.0,0.580609,Mile,auto_detected,,,91.0,"[{'minutes': 15, 'caloriesOut': 89.37249, 'name': 'Out of Range', 'min': 30, 'max': 100}, {'minutes': 0, 'caloriesOut': 0.0, 'name': 'Fat Burn', 'min': 101, 'max': 127}, {'minutes': 0, 'caloriesOut': 0.0, 'name': 'Cardio', 'min': 128, 'max': 160}, {'minutes': 0, 'caloriesOut': 0.0, 'name': 'Peak', 'min': 161, 'max': 220}]","{'totalMinutes': 0, 'minutesInHeartRateZones': [{'minutes': 0, 'zoneName': 'Out of Range', 'order': 0, 'type': 'OUT_OF_ZONE', 'minuteMultiplier': 0}, {'minutes': 0, 'zoneName': 'Fat Burn', 'order': 1, 'type': 'FAT_BURN', 'minuteMultiplier': 1}, {'minutes': 0, 'zoneName': 'Cardio', 'order': 2, 'type': 'CARDIO', 'minuteMultiplier': 2}, {'minutes': 0, 'zoneName': 'Peak', 'order': 3, 'type': 'PEAK', 'minuteMultiplier': 2}]}"
2026-04-30 21:33:45+09:00,3811688907089162376,Walk,90013,2026-04-30T21:33:45.000+09:00,614000,10,46,628.0,0.263026,Mile,auto_detected,,,77.0,"[{'minutes': 10, 'caloriesOut': 46.22715, 'name': 'Out of Range', 'min': 30, 'max': 100}, {'minutes': 0, 'caloriesOut': 0.0, 'name': 'Fat Burn', 'min': 101, 'max': 127}, {'minutes': 0, 'caloriesOut': 0.0, 'name': 'Cardio', 'min': 128, 'max': 160}, {'minutes': 0, 'caloriesOut': 0.0, 'name': 'Peak', 'min': 161, 'max': 220}]","{'totalMinutes': 0, 'minutesInHeartRateZones': [{'minutes': 0, 'zoneName': 'Out of Range', 'order': 0, 'type': 'OUT_OF_ZONE', 'minuteMultiplier': 0}, {'minutes': 0, 'zoneName': 'Fat Burn', 'order': 1, 'type': 'FAT_BURN', 'minuteMultiplier': 1}, {'minutes': 0, 'zoneName': 'Cardio', 'order': 2, 'type': 'CARDIO', 'minuteMultiplier': 2}, {'minutes': 0, 'zoneName': 'Peak', 'order': 3, 'type': 'PEAK', 'minuteMultiplier': 2}]}"
2026-04-30 22:10:26+09:00,5719000805435080336,Walk,90013,2026-04-30T22:10:26.000+09:00,716000,11,64,950.0,0.407309,Mile,auto_detected,,,79.0,"[{'minutes': 11, 'caloriesOut': 64.512556, 'name': 'Out of Range', 'min': 30, 'max': 100}, {'minutes': 0, 'caloriesOut': 0.0, 'name': 'Fat Burn', 'min': 101, 'max': 127}, {'minutes': 0, 'caloriesOut': 0.0, 'name': 'Cardio', 'min': 128, 'max': 160}, {'minutes': 0, 'caloriesOut': 0.0, 'name': 'Peak', 'min': 161, 'max': 220}]","{'totalMinutes': 0, 'minutesInHeartRateZones': [{'minutes': 0, 'zoneName': 'Out of Range', 'order': 0, 'type': 'OUT_OF_ZONE', 'minuteMultiplier': 0}, {'minutes': 0, 'zoneName': 'Fat Burn', 'order': 1, 'type': 'FAT_BURN', 'minuteMultiplier': 1}, {'minutes': 0, 'zoneName': 'Cardio', 'order': 2, 'type': 'CARDIO', 'minuteMultiplier': 2}, {'minutes': 0, 'zoneName': 'Peak', 'order': 3, 'type': 'PEAK', 'minuteMultiplier': 2}]}"
2026-05-01 10:13:12+09:00,8150060074095052632,Walk,90013,2026-05-01T10:13:12.000+09:00,768000,12,77,1219.0,0.528973,Mile,auto_detected,,,94.0,"[{'minutes': 11, 'caloriesOut': 71.703446, 'name': 'Out of Range', 'min': 30, 'max': 101}, {'minutes': 1, 'caloriesOut': 5.547258, 'name': 'Fat Burn', 'min': 102, 'max': 127}, {'minutes': 0, 'caloriesOut': 0.0, 'name': 'Cardio', 'min': 128, 'max': 160}, {'minutes': 0, 'caloriesOut': 0.0, 'name': 'Peak', 'min': 161, 'max': 220}]","{'totalMinutes': 1, 'minutesInHeartRateZones': [{'minutes': 0, 'zoneName': 'Out of Range', 'order': 0, 'type': 'OUT_OF_ZONE', 'minuteMultiplier': 0}, {'minutes': 1, 'zoneName': 'Fat Burn', 'order': 1, 'type': 'FAT_BURN', 'minuteMultiplier': 1}, {'minutes': 0, 'zoneName': 'Cardio', 'order': 2, 'type': 'CARDIO', 'minuteMultiplier': 2}, {'minutes': 0, 'zoneName': 'Peak', 'order': 3, 'type': 'PEAK', 'minuteMultiplier': 2}]}"
2026-05-01 14:26:35+09:00,5441855041518282576,Walk,90013,2026-05-01T14:26:35.000+09:00,873000,14,85,1356.0,0.590738,Mile,auto_detected,,,86.0,"[{'minutes': 14, 'caloriesOut': 85.26341, 'name': 'Out of Range', 'min': 30, 'max': 101}, {'minutes': 0, 'caloriesOut': 0.0, 'name': 'Fat Burn', 'min': 102, 'max': 127}, {'minutes': 0, 'caloriesOut': 0.0, 'name': 'Cardio', 'min': 128, 'max': 160}, {'minutes': 0, 'caloriesOut': 0.0, 'name': 'Peak', 'min': 161, 'max': 220}]","{'totalMinutes': 0, 'minutesInHeartRateZones': [{'minutes': 0, 'zoneName': 'Out of Range', 'order': 0, 'type': 'OUT_OF_ZONE', 'minuteMultiplier': 0}, {'minutes': 0, 'zoneName': 'Fat Burn', 'order': 1, 'type': 'FAT_BURN', 'minuteMultiplier': 1}, {'minutes': 0, 'zoneName': 'Cardio', 'order': 2, 'type': 'CARDIO', 'minuteMultiplier': 2}, {'minutes': 0, 'zoneName': 'Peak', 'order': 3, 'type': 'PEAK', 'minuteMultiplier': 2}]}"
2026-05-01 15:26:07+09:00,3009320040321376912,Outdoor Bike,1071,2026-05-01T15:26:07.000+09:00,833000,13,74,,0.202753,Mile,auto_detected,,,140.0,"[{'minutes': 0, 'caloriesOut': 7.19089, 'name': 'Out of Range', 'min': 30, 'max': 101}, {'minutes': 1, 'caloriesOut': 5.547258, 'name': 'Fat Burn', 'min': 102, 'max': 127}, {'minutes': 12, 'caloriesOut': 62.252562, 'name': 'Cardio', 'min': 128, 'max': 160}, {'minutes': 0, 'caloriesOut': 0.0, 'name': 'Peak', 'min': 161, 'max': 220}]","{'totalMinutes': 25, 'minutesInHeartRateZones': [{'minutes': 0, 'zoneName': 'Out of Range', 'order': 0, 'type': 'OUT_OF_ZONE', 'minuteMultiplier': 0}, {'minutes': 1, 'zoneName': 'Fat Burn', 'order': 1, 'type': 'FAT_BURN', 'minuteMultiplier': 1}, {'minutes': 12, 'zoneName': 'Cardio', 'order': 2, 'type': 'CARDIO', 'minuteMultiplier': 2}, {'minutes': 0, 'zoneName': 'Peak', 'order': 3, 'type': 'PEAK', 'minuteMultiplier': 2}]}"
2026-05-01 16:14:59+09:00,1648041871814184952,Outdoor Bike,1071,2026-05-01T16:14:59.000+09:00,3327000,55,407,,0.708487,Mile,auto_detected,,,134.0,"[{'minutes': 0, 'caloriesOut': 8.526341, 'name': 'Out of Range', 'min': 30, 'max': 101}, {'minutes': 21, 'caloriesOut': 140.530536, 'name': 'Fat Burn', 'min': 102, 'max': 127}, {'minutes': 34, 'caloriesOut': 249.215702, 'name': 'Cardio', 'min': 128, 'max': 160}, {'minutes': 1, 'caloriesOut': 9.450884, 'name': 'Peak', 'min': 161, 'max': 220}]","{'totalMinutes': 91, 'minutesInHeartRateZones': [{'minutes': 0, 'zoneName': 'Out of Range', 'order': 0, 'type': 'OUT_OF_ZONE', 'minuteMultiplier': 0}, {'minutes': 21, 'zoneName': 'Fat Burn', 'order': 1, 'type': 'FAT_BURN', 'minuteMultiplier': 1}, {'minutes': 34, 'zoneName': 'Cardio', 'order': 2, 'type': 'CARDIO', 'minuteMultiplier': 2}, {'minutes': 1, 'zoneName': 'Peak', 'order': 3, 'type': 'PEAK', 'minuteMultiplier': 2}]}"
2026-05-02 10:28:05+09:00,6579410035753504232,Outdoor Bike,1071,2026-05-02T10:28:05.000+09:00,666000,11,47,,0.225247,Mile,auto_detected,,,92.0,"[{'minutes': 11, 'caloriesOut': 47.870782, 'name': 'Out of Range', 'min': 30, 'max': 102}, {'minutes': 0, 'caloriesOut': 0.0, 'name': 'Fat Burn', 'min': 103, 'max': 128}, {'minutes': 0, 'caloriesOut': 0.0, 'name': 'Cardio', 'min': 129, 'max': 160}, {'minutes': 0, 'caloriesOut': 0.0, 'name': 'Peak', 'min': 161, 'max': 220}]","{'totalMinutes': 0, 'minutesInHeartRateZones': [{'minutes': 0, 'zoneName': 'Out of Range', 'order': 0, 'type': 'OUT_OF_ZONE', 'minuteMultiplier': 0}, {'minutes': 0, 'zoneName': 'Fat Burn', 'order': 1, 'type': 'FAT_BURN', 'minuteMultiplier': 1}, {'minutes': 0, 'zoneName': 'Cardio', 'order': 2, 'type': 'CARDIO', 'minuteMultiplier': 2}, {'minutes': 0, 'zoneName': 'Peak', 'order': 3, 'type': 'PEAK', 'minuteMultiplier': 2}]}"
2026-05-05 05:26:19+09:00,8967998422364267248,Walk,90013,2026-05-05T05:26:19.000+09:00,767000,12,73,1175.0,0.50853,Mile,auto_detected,,,84.0,"[{'minutes': 12, 'caloriesOut': 73.552532, 'name': 'Out of Range', 'min': 30, 'max': 102}, {'minutes': 0, 'caloriesOut': 0.0, 'name': 'Fat Burn', 'min': 103, 'max': 128}, {'minutes': 0, 'caloriesOut': 0.0, 'name': 'Cardio', 'min': 129, 'max': 160}, {'minutes': 0, 'caloriesOut': 0.0, 'name': 'Peak', 'min': 161, 'max': 220}]","{'totalMinutes': 0, 'minutesInHeartRateZones': [{'minutes': 0, 'zoneName': 'Out of Range', 'order': 0, 'type': 'OUT_OF_ZONE', 'minuteMultiplier': 0}, {'minutes': 0, 'zoneName': 'Fat Burn', 'order': 1, 'type': 'FAT_BURN', 'minuteMultiplier': 1}, {'minutes': 0, 'zoneName': 'Cardio', 'order': 2, 'type': 'CARDIO', 'minuteMultiplier': 2}, {'minutes': 0, 'zoneName': 'Peak', 'order': 3, 'type': 'PEAK', 'minuteMultiplier': 2}]}"
2026-05-05 13:36:05+09:00,912462593363925104,Walk,90013,2026-05-05T13:36:05.000+09:00,1230000,20,109,1524.0,0.659523,Mile,auto_detected,,,83.0,"[{'minutes': 20, 'caloriesOut': 109.096074, 'name': 'Out of Range', 'min': 30, 'max': 102}, {'minutes': 0, 'caloriesOut': 0.0, 'name': 'Fat Burn', 'min': 103, 'max': 128}, {'minutes': 0, 'caloriesOut': 0.0, 'name': 'Cardio', 'min': 129, 'max': 160}, {'minutes': 0, 'caloriesOut': 0.0, 'name': 'Peak', 'min': 161, 'max': 220}]","{'totalMinutes': 0, 'minutesInHeartRateZones': [{'minutes': 0, 'zoneName': 'Out of Range', 'order': 0, 'type': 'OUT_OF_ZONE', 'minuteMultiplier': 0}, {'minutes': 0, 'zoneName': 'Fat Burn', 'order': 1, 'type': 'FAT_BURN', 'minuteMultiplier': 1}, {'minutes': 0, 'zoneName': 'Cardio', 'order': 2, 'type': 'CARDIO', 'minuteMultiplier': 2}, {'minutes': 0, 'zoneName': 'Peak', 'order': 3, 'type': 'PEAK', 'minuteMultiplier': 2}]}"
2026-05-05 20:01:47+09:00,2729536048976799000,Walk,90013,2026-05-05T20:01:47.000+09:00,665000,11,72,1074.0,0.458323,Mile,auto_detected,,,89.0,"[{'minutes': 11, 'caloriesOut': 72.93617, 'name': 'Out of Range', 'min': 30, 'max': 102}, {'minutes': 0, 'caloriesOut': 0.0, 'name': 'Fat Burn', 'min': 103, 'max': 128}, {'minutes': 0, 'caloriesOut': 0.0, 'name': 'Cardio', 'min': 129, 'max': 160}, {'minutes': 0, 'caloriesOut': 0.0, 'name': 'Peak', 'min': 161, 'max': 220}]","{'totalMinutes': 0, 'minutesInHeartRateZones': [{'minutes': 0, 'zoneName': 'Out of Range', 'order': 0, 'type': 'OUT_OF_ZONE', 'minuteMultiplier': 0}, {'minutes': 0, 'zoneName': 'Fat Burn', 'order': 1, 'type': 'FAT_BURN', 'minuteMultiplier': 1}, {'minutes': 0, 'zoneName': 'Cardio', 'order': 2, 'type': 'CARDIO', 'minuteMultiplier': 2}, {'minutes': 0, 'zoneName': 'Peak', 'order': 3, 'type': 'PEAK', 'minuteMultiplier': 2}]}"
2026-05-06 05:48:44+09:00,7731948062478544784,Bike,90001,2026-05-06T05:48:44.000+09:00,1716000,28,183,,5.167298,Mile,tracker,True,,110.0,"[{'minutes': 8, 'caloriesOut': 59.889841, 'name': 'Out of Range', 'min': 30, 'max': 102}, {'minutes': 20, 'caloriesOut': 123.888762, 'name': 'Fat Burn', 'min': 103, 'max': 128}, {'minutes': 0, 'caloriesOut': 0.0, 'name': 'Cardio', 'min': 129, 'max': 160}, {'minutes': 0, 'caloriesOut': 0.0, 'name': 'Peak', 'min': 161, 'max': 220}]","{'totalMinutes': 20, 'minutesInHeartRateZones': [{'minutes': 0, 'zoneName': 'Out of Range', 'order': 0, 'type': 'OUT_OF_ZONE', 'minuteMultiplier': 0}, {'minutes': 20, 'zoneName': 'Fat Burn', 'order': 1, 'type': 'FAT_BURN', 'minuteMultiplier': 1}, {'minutes': 0, 'zoneName': 'Cardio', 'order': 2, 'type': 'CARDIO', 'minuteMultiplier': 2}, {'minutes': 0, 'zoneName': 'Peak', 'order': 3, 'type': 'PEAK', 'minuteMultiplier': 2}]}"
2026-05-07 06:04:35+09:00,161795153217211856,Outdoor Bike,1071,2026-05-07T06:04:35.000+09:00,1996000,33,154,,0.46076,Mile,auto_detected,,,96.0,"[{'minutes': 26, 'caloriesOut': 117.622415, 'name': 'Out of Range', 'min': 30, 'max': 101}, {'minutes': 7, 'caloriesOut': 36.98172, 'name': 'Fat Burn', 'min': 102, 'max': 127}, {'minutes': 0, 'caloriesOut': 0.0, 'name': 'Cardio', 'min': 128, 'max': 160}, {'minutes': 0, 'caloriesOut': 0.0, 'name': 'Peak', 'min': 161, 'max': 220}]","{'totalMinutes': 7, 'minutesInHeartRateZones': [{'minutes': 0, 'zoneName': 'Out of Range', 'order': 0, 'type': 'OUT_OF_ZONE', 'minuteMultiplier': 0}, {'minutes': 7, 'zoneName': 'Fat Burn', 'order': 1, 'type': 'FAT_BURN', 'minuteMultiplier': 1}, {'minutes': 0, 'zoneName': 'Cardio', 'order': 2, 'type': 'CARDIO', 'minuteMultiplier': 2}, {'minutes': 0, 'zoneName': 'Peak', 'order': 3, 'type': 'PEAK', 'minuteMultiplier': 2}]}"
2026-05-07 20:14:29+09:00,4279920062125416720,Outdoor Bike,1071,2026-05-07T20:14:29.000+09:00,2868000,47,131,,0.276821,Mile,auto_detected,,,87.0,"[{'minutes': 46, 'caloriesOut': 130.052382, 'name': 'Out of Range', 'min': 30, 'max': 101}, {'minutes': 1, 'caloriesOut': 1.335451, 'name': 'Fat Burn', 'min': 102, 'max': 127}, {'minutes': 0, 'caloriesOut': 0.0, 'name': 'Cardio', 'min': 128, 'max': 160}, {'minutes': 0, 'caloriesOut': 0.0, 'name': 'Peak', 'min': 161, 'max': 220}]","{'totalMinutes': 1, 'minutesInHeartRateZones': [{'minutes': 0, 'zoneName': 'Out of Range', 'order': 0, 'type': 'OUT_OF_ZONE', 'minuteMultiplier': 0}, {'minutes': 1, 'zoneName': 'Fat Burn', 'order': 1, 'type': 'FAT_BURN', 'minuteMultiplier': 1}, {'minutes': 0, 'zoneName': 'Cardio', 'order': 2, 'type': 'CARDIO', 'minuteMultiplier': 2}, {'minutes': 0, 'zoneName': 'Peak', 'order': 3, 'type': 'PEAK', 'minuteMultiplier': 2}]}"
2026-05-08 06:25:28+09:00,6909691885694321808,Outdoor Bike,1071,2026-05-08T06:25:28.000+09:00,2098000,34,153,,0.445958,Mile,auto_detected,,,94.0,"[{'minutes': 30, 'caloriesOut': 138.666713, 'name': 'Out of Range', 'min': 30, 'max': 101}, {'minutes': 4, 'caloriesOut': 14.792688, 'name': 'Fat Burn', 'min': 102, 'max': 127}, {'minutes': 0, 'caloriesOut': 0.0, 'name': 'Cardio', 'min': 128, 'max': 160}, {'minutes': 0, 'caloriesOut': 0.0, 'name': 'Peak', 'min': 161, 'max': 220}]","{'totalMinutes': 4, 'minutesInHeartRateZones': [{'minutes': 0, 'zoneName': 'Out of Range', 'order': 0, 'type': 'OUT_OF_ZONE', 'minuteMultiplier': 0}, {'minutes': 4, 'zoneName': 'Fat Burn', 'order': 1, 'type': 'FAT_BURN', 'minuteMultiplier': 1}, {'minutes': 0, 'zoneName': 'Cardio', 'order': 2, 'type': 'CARDIO', 'minuteMultiplier': 2}, {'minutes': 0, 'zoneName': 'Peak', 'order': 3, 'type': 'PEAK', 'minuteMultiplier': 2}]}"
2026-05-08 19:04:56+09:00,3998435780574418144,Outdoor Bike,1071,2026-05-08T19:04:56.000+09:00,717000,11,45,,0.104452,Mile,auto_detected,,,90.0,"[{'minutes': 8, 'caloriesOut': 20.956308, 'name': 'Out of Range', 'min': 30, 'max': 101}, {'minutes': 3, 'caloriesOut': 24.988908, 'name': 'Fat Burn', 'min': 102, 'max': 127}, {'minutes': 0, 'caloriesOut': 0.0, 'name': 'Cardio', 'min': 128, 'max': 160}, {'minutes': 0, 'caloriesOut': 0.0, 'name': 'Peak', 'min': 161, 'max': 220}]","{'totalMinutes': 3, 'minutesInHeartRateZones': [{'minutes': 0, 'zoneName': 'Out of Range', 'order': 0, 'type': 'OUT_OF_ZONE', 'minuteMultiplier': 0}, {'minutes': 3, 'zoneName': 'Fat Burn', 'order': 1, 'type': 'FAT_BURN', 'minuteMultiplier': 1}, {'minutes': 0, 'zoneName': 'Cardio', 'order': 2, 'type': 'CARDIO', 'minuteMultiplier': 2}, {'minutes': 0, 'zoneName': 'Peak', 'order': 3, 'type': 'PEAK', 'minuteMultiplier': 2}]}"
2026-05-08 21:38:33+09:00,6129517214651388080,Outdoor Bike,1071,2026-05-08T21:38:33.000+09:00,2816000,46,179,,0.150434,Mile,auto_detected,,,85.0,"[{'minutes': 43, 'caloriesOut': 179.237738, 'name': 'Out of Range', 'min': 30, 'max': 101}, {'minutes': 3, 'caloriesOut': 0.0, 'name': 'Fat Burn', 'min': 102, 'max': 127}, {'minutes': 0, 'caloriesOut': 0.0, 'name': 'Cardio', 'min': 128, 'max': 160}, {'minutes': 0, 'caloriesOut': 0.0, 'name': 'Peak', 'min': 161, 'max': 220}]","{'totalMinutes': 3, 'minutesInHeartRateZones': [{'minutes': 0, 'zoneName': 'Out of Range', 'order': 0, 'type': 'OUT_OF_ZONE', 'minuteMultiplier': 0}, {'minutes': 3, 'zoneName': 'Fat Burn', 'order': 1, 'type': 'FAT_BURN', 'minuteMultiplier': 1}, {'minutes': 0, 'zoneName': 'Cardio', 'order': 2, 'type': 'CARDIO', 'minuteMultiplier': 2}, {'minutes': 0, 'zoneName': 'Peak', 'order': 3, 'type': 'PEAK', 'minuteMultiplier': 2}]}"
2026-05-09 10:07:08+09:00,2411506126963195128,Bike,90001,2026-05-09T10:07:08.000+09:00,632000,10,46,,1.220255,Mile,tracker,True,,94.0,"[{'minutes': 9, 'caloriesOut': 46.0, 'name': 'Out of Range', 'min': 30, 'max': 102}, {'minutes': 1, 'caloriesOut': 0.0, 'name': 'Fat Burn', 'min': 103, 'max': 128}, {'minutes': 0, 'caloriesOut': 0.0, 'name': 'Cardio', 'min': 129, 'max': 160}, {'minutes': 0, 'caloriesOut': 0.0, 'name': 'Peak', 'min': 161, 'max': 220}]","{'totalMinutes': 1, 'minutesInHeartRateZones': [{'minutes': 0, 'zoneName': 'Out of Range', 'order': 0, 'type': 'OUT_OF_ZONE', 'minuteMultiplier': 0}, {'minutes': 1, 'zoneName': 'Fat Burn', 'order': 1, 'type': 'FAT_BURN', 'minuteMultiplier': 1}, {'minutes': 0, 'zoneName': 'Cardio', 'order': 2, 'type': 'CARDIO', 'minuteMultiplier': 2}, {'minutes': 0, 'zoneName': 'Peak', 'order': 3, 'type': 'PEAK', 'minuteMultiplier': 2}]}"
2026-05-09 12:05:27+09:00,4937667572476959040,Bike,90001,2026-05-09T12:05:27.000+09:00,5385000,89,252,,10.933641,Mile,tracker,True,,125.0,"[{'minutes': 1, 'caloriesOut': 3.623584, 'name': 'Out of Range', 'min': 30, 'max': 102}, {'minutes': 64, 'caloriesOut': 248.733745, 'name': 'Fat Burn', 'min': 103, 'max': 128}, {'minutes': 24, 'caloriesOut': 0.0, 'name': 'Cardio', 'min': 129, 'max': 160}, {'minutes': 0, 'caloriesOut': 0.0, 'name': 'Peak', 'min': 161, 'max': 220}]","{'totalMinutes': 112, 'minutesInHeartRateZones': [{'minutes': 0, 'zoneName': 'Out of Range', 'order': 0, 'type': 'OUT_OF_ZONE', 'minuteMultiplier': 0}, {'minutes': 64, 'zoneName': 'Fat Burn', 'order': 1, 'type': 'FAT_BURN', 'minuteMultiplier': 1}, {'minutes': 24, 'zoneName': 'Cardio', 'order': 2, 'type': 'CARDIO', 'minuteMultiplier': 2}, {'minutes': 0, 'zoneName': 'Peak', 'order': 3, 'type': 'PEAK', 'minuteMultiplier': 2}]}"
2026-05-09 14:02:25+09:00,4665712289326743584,Walk,90013,2026-05-09T14:02:25.000+09:00,768000,12,80,1054.0,0.453042,Mile,auto_detected,,,106.0,"[{'minutes': 3, 'caloriesOut': 27.119928, 'name': 'Out of Range', 'min': 30, 'max': 102}, {'minutes': 9, 'caloriesOut': 53.828948, 'name': 'Fat Burn', 'min': 103, 'max': 128}, {'minutes': 0, 'caloriesOut': 0.0, 'name': 'Cardio', 'min': 129, 'max': 160}, {'minutes': 0, 'caloriesOut': 0.0, 'name': 'Peak', 'min': 161, 'max': 220}]","{'totalMinutes': 9, 'minutesInHeartRateZones': [{'minutes': 0, 'zoneName': 'Out of Range', 'order': 0, 'type': 'OUT_OF_ZONE', 'minuteMultiplier': 0}, {'minutes': 9, 'zoneName': 'Fat Burn', 'order': 1, 'type': 'FAT_BURN', 'minuteMultiplier': 1}, {'minutes': 0, 'zoneName': 'Cardio', 'order': 2, 'type': 'CARDIO', 'minuteMultiplier': 2}, {'minutes': 0, 'zoneName': 'Peak', 'order': 3, 'type': 'PEAK', 'minuteMultiplier': 2}]}"
2026-05-09 20:04:08+09:00,5781171954015952360,Walk,90013,2026-05-09T20:04:08.000+09:00,768000,12,54,973.0,0.420047,Mile,auto_detected,,,78.0,"[{'minutes': 12, 'caloriesOut': 54.870179, 'name': 'Out of Range', 'min': 30, 'max': 102}, {'minutes': 0, 'caloriesOut': 0.0, 'name': 'Fat Burn', 'min': 103, 'max': 128}, {'minutes': 0, 'caloriesOut': 0.0, 'name': 'Cardio', 'min': 129, 'max': 160}, {'minutes': 0, 'caloriesOut': 0.0, 'name': 'Peak', 'min': 161, 'max': 220}]","{'totalMinutes': 0, 'minutesInHeartRateZones': [{'minutes': 0, 'zoneName': 'Out of Range', 'order': 0, 'type': 'OUT_OF_ZONE', 'minuteMultiplier': 0}, {'minutes': 0, 'zoneName': 'Fat Burn', 'order': 1, 'type': 'FAT_BURN', 'minuteMultiplier': 1}, {'minutes': 0, 'zoneName': 'Cardio', 'order': 2, 'type': 'CARDIO', 'minuteMultiplier': 2}, {'minutes': 0, 'zoneName': 'Peak', 'order': 3, 'type': 'PEAK', 'minuteMultiplier': 2}]}"
2026-05-10 08:18:56+09:00,8771494761020758176,Outdoor Bike,1071,2026-05-10T08:18:56.000+09:00,1944000,32,140,,0.395627,Mile,auto_detected,,,95.0,"[{'minutes': 28, 'caloriesOut': 114.335151, 'name': 'Out of Range', 'min': 30, 'max': 101}, {'minutes': 4, 'caloriesOut': 26.112271, 'name': 'Fat Burn', 'min': 102, 'max': 127}, {'minutes': 0, 'caloriesOut': 0.0, 'name': 'Cardio', 'min': 128, 'max': 160}, {'minutes': 0, 'caloriesOut': 0.0, 'name': 'Peak', 'min': 161, 'max': 220}]","{'totalMinutes': 4, 'minutesInHeartRateZones': [{'minutes': 0, 'zoneName': 'Out of Range', 'order': 0, 'type': 'OUT_OF_ZONE', 'minuteMultiplier': 0}, {'minutes': 4, 'zoneName': 'Fat Burn', 'order': 1, 'type': 'FAT_BURN', 'minuteMultiplier': 1}, {'minutes': 0, 'zoneName': 'Cardio', 'order': 2, 'type': 'CARDIO', 'minuteMultiplier': 2}, {'minutes': 0, 'zoneName': 'Peak', 'order': 3, 'type': 'PEAK', 'minuteMultiplier': 2}]}"
2026-05-10 19:54:21+09:00,4414845628775704256,Outdoor Bike,1071,2026-05-10T19:54:21.000+09:00,1537000,25,91,,0.095008,Mile,auto_detected,,,94.0,"[{'minutes': 17, 'caloriesOut': 57.013485, 'name': 'Out of Range', 'min': 30, 'max': 101}, {'minutes': 8, 'caloriesOut': 34.002637, 'name': 'Fat Burn', 'min': 102, 'max': 127}, {'minutes': 0, 'caloriesOut': 0.0, 'name': 'Cardio', 'min': 128, 'max': 160}, {'minutes': 0, 'caloriesOut': 0.0, 'name': 'Peak', 'min': 161, 'max': 220}]","{'totalMinutes': 8, 'minutesInHeartRateZones': [{'minutes': 0, 'zoneName': 'Out of Range', 'order': 0, 'type': 'OUT_OF_ZONE', 'minuteMultiplier': 0}, {'minutes': 8, 'zoneName': 'Fat Burn', 'order': 1, 'type': 'FAT_BURN', 'minuteMultiplier': 1}, {'minutes': 0, 'zoneName': 'Cardio', 'order': 2, 'type': 'CARDIO', 'minuteMultiplier': 2}, {'minutes': 0, 'zoneName': 'Peak', 'order': 3, 'type': 'PEAK', 'minuteMultiplier': 2}]}"
2026-05-11 05:39:12+09:00,3724793893199501096,Bike,90001,2026-05-11T05:39:12.000+09:00,2079000,34,158,,5.00356,Mile,tracker,True,,92.0,"[{'minutes': 29, 'caloriesOut': 135.434976, 'name': 'Out of Range', 'min': 30, 'max': 101}, {'minutes': 5, 'caloriesOut': 23.319029, 'name': 'Fat Burn', 'min': 102, 'max': 127}, {'minutes': 0, 'caloriesOut': 0.0, 'name': 'Cardio', 'min': 128, 'max': 160}, {'minutes': 0, 'caloriesOut': 0.0, 'name': 'Peak', 'min': 161, 'max': 220}]","{'totalMinutes': 5, 'minutesInHeartRateZones': [{'minutes': 0, 'zoneName': 'Out of Range', 'order': 0, 'type': 'OUT_OF_ZONE', 'minuteMultiplier': 0}, {'minutes': 5, 'zoneName': 'Fat Burn', 'order': 1, 'type': 'FAT_BURN', 'minuteMultiplier': 1}, {'minutes': 0, 'zoneName': 'Cardio', 'order': 2, 'type': 'CARDIO', 'minuteMultiplier': 2}, {'minutes': 0, 'zoneName': 'Peak', 'order': 3, 'type': 'PEAK', 'minuteMultiplier': 2}]}"
