datetime,rmssd,coverage,hf,lf,lf_hf_ratio
2025-12-25 00:00:00,27.952,0.984,117.702,369.893,
2025-12-25 00:05:00,17.76,1.005,60.604,1382.191,
2025-12-25 00:10:00,21.309,0.973,40.479,569.223,
2025-12-25 00:15:00,24.247,1.005,79.169,431.109,
2025-12-25 00:20:00,25.217,0.987,95.0,336.244,
2025-12-25 00:25:00,22.103,1.006,85.961,166.543,
2025-12-25 00:30:00,21.733,0.979,71.73,451.296,
2025-12-25 00:35:00,19.437,1.004,52.173,201.021,
2025-12-25 00:40:00,20.202,1.002,54.586,206.028,
2025-12-25 00:45:00,20.563,1.005,68.036,128.099,
2025-12-25 00:50:00,20.148,0.995,51.417,84.526,
2025-12-25 00:55:00,17.773,1.005,39.438,110.459,
2025-12-25 01:00:00,20.731,0.915,72.814,194.571,
2025-12-25 01:05:00,26.677,0.953,80.423,747.717,
2025-12-25 01:10:00,33.385,1.003,160.044,1030.272,
2025-12-25 01:15:00,33.147,0.945,187.647,621.096,
2025-12-25 01:20:00,32.296,1.006,162.221,159.816,
2025-12-25 01:25:00,31.37,0.925,116.47,380.101,
2025-12-25 01:30:00,37.156,0.913,202.08,1915.412,
2025-12-25 01:35:00,36.158,1.006,212.187,500.361,
2025-12-25 01:40:00,38.7,0.956,174.99,326.95,
2025-12-25 01:45:00,42.888,1.006,221.634,280.677,
2025-12-25 01:50:00,41.034,0.898,203.421,512.396,
2025-12-25 02:00:00,34.169,0.906,120.135,586.464,
2025-12-25 02:05:00,27.919,0.819,92.966,610.377,
2025-12-25 02:10:00,39.738,0.933,190.86,603.478,
2025-12-25 02:15:00,43.524,0.962,205.856,879.695,
2025-12-25 02:20:00,41.56,0.957,173.153,831.28,
2025-12-25 02:25:00,42.742,1.003,184.625,543.201,
2025-12-25 02:30:00,46.786,0.995,304.47,704.147,
2025-12-25 02:35:00,48.979,0.952,328.901,636.973,
2025-12-25 02:40:00,49.393,0.983,358.598,1059.899,
2025-12-25 02:45:00,46.922,1.004,262.511,370.744,
2025-12-25 02:50:00,57.633,0.931,321.586,2300.646,
2025-12-25 02:55:00,40.757,0.932,236.549,312.798,
2025-12-25 03:00:00,40.538,1.004,197.725,321.825,
2025-12-25 03:05:00,42.676,1.003,286.686,261.416,
2025-12-25 03:10:00,57.915,0.984,588.084,151.652,
2025-12-25 03:15:00,50.918,1.003,401.178,255.566,
2025-12-25 03:20:00,40.555,0.946,192.155,842.171,
2025-12-25 03:25:00,39.276,1.002,199.944,448.897,
2025-12-25 03:30:00,33.888,0.967,112.25,422.651,
2025-12-25 03:35:00,42.591,0.955,209.528,1205.529,
2025-12-25 03:40:00,31.182,0.984,111.919,520.546,
2025-12-25 03:45:00,32.922,0.999,146.27,375.476,
2025-12-25 03:50:00,45.435,0.912,204.909,2433.023,
2025-12-25 03:55:00,55.539,0.96,419.086,1749.703,
2025-12-25 04:00:00,33.867,0.965,163.678,1222.69,
2025-12-25 04:05:00,44.003,1.006,229.908,955.499,
2025-12-25 04:10:00,39.588,0.999,112.106,496.431,
2025-12-25 04:15:00,39.554,0.93,178.749,1837.314,
2025-12-25 04:20:00,59.494,1.004,403.244,1103.364,
2025-12-25 04:25:00,57.406,0.942,325.896,1553.739,
2025-12-25 04:30:00,56.964,0.957,286.199,1610.677,
2025-12-25 04:35:00,54.264,0.934,199.258,1198.299,
2025-12-25 04:40:00,33.958,0.994,134.683,468.298,
2025-12-25 04:45:00,76.245,0.912,1059.036,1832.086,
2025-12-25 05:05:00,49.359,1.003,288.842,569.307,
2025-12-25 05:10:00,59.315,0.983,603.526,533.387,
2025-12-25 05:15:00,61.487,0.979,456.235,972.088,
2025-12-25 05:20:00,53.747,0.999,394.507,1069.643,
2025-12-25 05:25:00,51.534,1.0,373.813,443.028,
2025-12-25 05:30:00,54.076,0.982,449.514,1246.949,
2025-12-25 05:35:00,49.654,1.008,376.434,132.565,
2025-12-25 05:40:00,55.222,1.005,445.2,331.039,
2025-12-25 05:45:00,49.175,1.004,357.832,441.073,
2025-12-25 05:50:00,50.343,1.0,385.709,244.982,
2025-12-25 05:55:00,58.939,0.94,370.253,2772.106,
2025-12-25 06:00:00,52.194,1.004,336.138,2085.204,
2025-12-25 06:05:00,53.62,0.946,446.868,2444.508,
2025-12-25 06:10:00,44.652,0.984,193.06,753.158,
2025-12-26 00:20:00,66.253,0.777,576.833,1501.656,
2025-12-26 00:30:00,91.761,0.915,950.397,653.405,
2025-12-26 00:35:00,57.106,0.998,393.121,359.148,
2025-12-26 00:40:00,52.255,0.985,300.348,304.67,
2025-12-26 00:45:00,52.006,1.005,377.107,243.782,
2025-12-26 00:50:00,50.629,0.999,425.029,146.606,
2025-12-26 00:55:00,45.08,1.007,259.755,418.846,
2025-12-26 01:00:00,46.698,0.913,201.879,1449.264,
2025-12-26 01:05:00,45.249,1.005,248.836,252.772,
2025-12-26 01:10:00,45.573,1.005,280.446,303.829,
2025-12-26 01:15:00,43.41,1.0,256.387,207.575,
2025-12-26 01:20:00,34.883,1.006,150.78,118.157,
2025-12-26 01:25:00,41.767,1.005,200.428,230.444,
2025-12-26 01:30:00,41.181,1.003,224.392,171.704,
2025-12-26 01:35:00,41.88,1.006,197.524,257.813,
2025-12-26 01:40:00,43.897,1.004,278.473,227.335,
2025-12-26 01:45:00,44.758,0.959,231.527,1130.868,
2025-12-26 01:50:00,52.065,0.925,355.303,382.337,
2025-12-26 01:55:00,50.605,1.004,372.533,618.271,
2025-12-26 02:00:00,42.638,1.005,195.15,1064.734,
2025-12-26 02:05:00,39.847,0.977,198.943,1577.657,
2025-12-26 02:10:00,38.303,1.006,176.212,431.907,
2025-12-26 02:15:00,44.699,1.004,237.343,407.737,
2025-12-26 02:20:00,50.049,0.973,294.793,643.638,
2025-12-26 02:25:00,48.465,1.007,377.335,342.338,
2025-12-26 02:30:00,51.33,1.001,428.554,286.229,
2025-12-26 02:35:00,45.861,1.004,248.874,363.542,
2025-12-26 02:40:00,43.544,0.938,185.918,663.511,
2025-12-26 02:45:00,44.055,0.965,264.354,573.5,
2025-12-26 03:10:00,48.527,1.003,268.553,868.57,
2025-12-26 03:15:00,51.817,0.989,288.852,644.365,
2025-12-26 03:20:00,51.66,0.966,269.449,2365.0,
2025-12-26 03:25:00,75.868,0.931,673.28,898.944,
2025-12-26 03:30:00,40.146,0.942,226.324,903.963,
2025-12-26 03:35:00,37.528,0.94,164.871,1515.151,
2025-12-26 03:40:00,27.862,1.0,97.031,175.205,
2025-12-26 03:45:00,36.884,0.944,217.34,820.238,
2025-12-26 03:50:00,38.649,0.958,138.035,601.077,
2025-12-26 03:55:00,37.551,0.952,169.714,1146.939,
2025-12-26 04:00:00,70.295,0.894,655.789,2746.889,
2025-12-26 04:05:00,76.351,0.888,970.399,660.726,
2025-12-26 04:10:00,42.372,1.004,144.68,554.045,
2025-12-26 04:15:00,31.12,1.005,112.055,707.45,
2025-12-26 04:20:00,36.636,1.003,113.444,545.249,
2025-12-26 04:25:00,28.937,1.001,65.186,308.63,
2025-12-26 04:30:00,32.556,1.006,94.936,282.876,
2025-12-26 04:35:00,40.591,0.887,148.19,528.571,
2025-12-26 04:40:00,55.281,0.893,335.354,718.167,
2025-12-26 04:45:00,44.356,0.952,254.783,874.871,
2025-12-26 04:50:00,49.334,0.966,271.625,727.388,
2025-12-26 04:55:00,46.556,1.006,276.661,257.305,
2025-12-26 05:00:00,34.657,0.93,145.7,1322.241,
2025-12-26 05:05:00,39.034,0.966,199.671,756.834,
2025-12-26 05:10:00,59.417,1.003,511.397,187.621,
2025-12-26 05:15:00,47.633,1.005,272.912,268.507,
2025-12-26 05:20:00,49.562,0.945,375.757,497.613,
2025-12-26 05:30:00,47.723,0.97,323.615,2001.948,
2025-12-26 05:35:00,54.113,0.955,405.83,2197.722,
2025-12-26 05:40:00,43.269,0.986,262.006,874.075,
2025-12-26 05:45:00,46.448,0.985,264.956,971.469,
2025-12-26 05:50:00,46.878,0.822,218.518,2539.092,
2025-12-26 06:00:00,39.632,1.004,316.223,640.004,
2025-12-26 06:05:00,32.79,0.918,153.777,1204.039,
2025-12-26 06:10:00,33.397,1.006,245.627,420.442,
2025-12-26 06:15:00,27.0,1.005,142.825,493.914,
2025-12-26 06:20:00,28.506,1.001,184.351,374.627,
2025-12-26 06:25:00,29.39,0.997,138.861,289.427,
2025-12-26 22:30:00,55.763,0.922,434.73,464.842,
2025-12-26 22:35:00,56.959,1.006,508.739,290.112,
2025-12-26 22:40:00,59.297,1.004,655.3,238.868,
2025-12-26 22:45:00,53.271,0.976,429.919,188.28,
2025-12-26 22:50:00,47.433,1.005,333.032,180.224,
2025-12-26 22:55:00,43.758,1.0,330.93,188.459,
2025-12-26 23:00:00,44.154,1.003,397.271,236.554,
2025-12-26 23:05:00,37.865,1.005,202.88,120.84,
2025-12-26 23:10:00,35.983,1.004,227.997,232.429,
2025-12-26 23:15:00,36.164,1.005,239.647,121.371,
2025-12-26 23:20:00,27.221,0.915,79.865,669.673,
2025-12-26 23:25:00,20.06,0.999,63.407,186.037,
2025-12-26 23:30:00,20.236,1.001,65.561,148.979,
2025-12-26 23:35:00,22.975,1.007,81.512,162.725,
2025-12-26 23:55:00,31.84,0.996,152.435,610.93,
2025-12-27 00:00:00,32.796,1.0,159.586,352.193,
2025-12-27 00:05:00,28.329,0.963,113.355,548.351,
2025-12-27 00:10:00,35.253,1.004,236.806,127.034,
2025-12-27 00:15:00,36.357,1.005,228.507,172.734,
2025-12-27 00:20:00,35.796,1.005,227.461,183.485,
2025-12-27 00:25:00,38.208,0.886,216.579,332.979,
2025-12-27 00:30:00,36.094,0.986,229.148,638.892,
2025-12-27 00:35:00,30.864,1.002,138.765,342.575,
2025-12-27 00:40:00,31.212,1.003,155.411,400.193,
2025-12-27 00:45:00,33.988,1.007,164.147,137.391,
2025-12-27 00:50:00,34.484,0.929,139.892,1700.711,
2025-12-27 00:55:00,48.525,0.952,363.451,582.879,
2025-12-27 01:30:00,28.888,0.998,65.409,805.614,
2025-12-27 01:35:00,25.183,1.001,80.09,410.172,
2025-12-27 01:40:00,32.513,1.005,150.42,1488.79,
2025-12-27 01:45:00,29.01,0.986,125.621,1025.602,
2025-12-27 01:50:00,27.141,1.002,135.606,102.036,
2025-12-27 01:55:00,26.82,0.99,119.647,625.832,
2025-12-27 02:00:00,25.508,0.996,74.65,689.605,
2025-12-27 02:05:00,35.678,0.932,163.38,1180.102,
2025-12-27 02:10:00,39.192,1.002,209.979,741.222,
2025-12-27 02:15:00,34.604,0.911,148.922,666.392,
2025-12-27 02:20:00,32.565,0.989,150.966,239.52,
2025-12-27 02:25:00,32.544,0.97,138.561,303.716,
2025-12-27 02:30:00,37.48,0.884,154.483,810.999,
2025-12-27 02:35:00,41.851,0.984,237.059,2040.662,
2025-12-27 02:40:00,42.702,0.926,237.895,664.284,
2025-12-27 02:45:00,35.407,0.977,139.13,577.865,
2025-12-27 02:50:00,38.317,0.952,147.247,632.762,
2025-12-27 02:55:00,33.337,0.958,132.447,1095.081,
2025-12-27 03:00:00,31.217,0.984,105.097,1992.433,
2025-12-27 03:05:00,26.844,0.955,81.992,735.214,
2025-12-27 03:10:00,47.029,0.982,387.362,1333.916,
2025-12-27 03:15:00,36.858,0.932,130.72,709.225,
2025-12-27 03:20:00,35.478,0.992,181.981,696.978,
2025-12-27 03:25:00,30.842,1.004,125.874,487.621,
2025-12-27 03:30:00,24.973,0.972,75.97,282.828,
2025-12-27 03:35:00,29.65,0.976,112.523,414.052,
2025-12-27 03:40:00,30.335,1.004,134.65,236.597,
2025-12-27 03:45:00,34.938,1.006,173.462,274.218,
2025-12-27 03:50:00,35.005,1.003,155.173,412.98,
2025-12-27 03:55:00,36.5,0.954,119.905,1742.512,
2025-12-27 04:00:00,45.756,1.001,307.42,476.166,
2025-12-27 04:05:00,36.698,0.927,166.278,1808.814,
2025-12-27 04:10:00,25.434,1.003,64.469,265.51,
2025-12-27 04:15:00,31.928,0.945,149.966,571.3,
2025-12-27 04:20:00,39.204,0.849,161.445,1442.104,
2025-12-27 04:25:00,42.383,0.932,157.944,961.691,
2025-12-27 22:30:00,59.05,0.89,631.957,541.521,
2025-12-27 22:35:00,69.133,0.895,799.839,282.853,
2025-12-27 22:40:00,56.672,0.969,498.03,424.241,
2025-12-27 22:45:00,60.399,1.004,526.428,314.471,
2025-12-27 22:50:00,47.449,1.009,327.828,111.744,
2025-12-27 22:55:00,50.309,1.003,315.084,202.719,
2025-12-27 23:00:00,47.233,0.964,385.914,1524.404,
2025-12-27 23:05:00,42.953,1.008,294.158,129.105,
2025-12-27 23:10:00,46.842,0.985,399.29,157.811,
2025-12-27 23:15:00,46.594,1.003,302.829,118.03,
2025-12-27 23:20:00,47.313,0.96,314.187,225.39,
2025-12-27 23:25:00,31.25,1.007,138.582,411.392,
2025-12-27 23:30:00,31.446,0.935,121.779,544.681,
2025-12-27 23:35:00,37.264,0.984,181.331,1014.584,
2025-12-27 23:40:00,24.924,0.995,57.724,610.967,
2025-12-27 23:45:00,45.878,0.955,295.011,1783.707,
2025-12-27 23:50:00,42.727,0.96,206.126,3172.662,
2025-12-27 23:55:00,38.533,1.004,210.871,646.488,
2025-12-28 00:00:00,41.758,1.003,256.358,336.514,
2025-12-28 00:05:00,46.516,1.005,356.782,384.032,
2025-12-28 00:10:00,47.653,1.004,347.49,490.645,
2025-12-28 00:15:00,47.488,0.953,280.237,1606.995,
2025-12-28 00:20:00,37.443,1.003,169.669,297.551,
2025-12-28 00:25:00,37.037,0.943,153.187,1175.387,
2025-12-28 00:30:00,34.311,0.968,150.301,366.21,
2025-12-28 00:35:00,29.057,1.002,104.799,192.533,
2025-12-28 00:40:00,31.471,1.007,141.945,251.056,
2025-12-28 00:45:00,29.103,1.003,108.746,287.918,
2025-12-28 00:50:00,32.405,1.004,127.556,408.975,
2025-12-28 00:55:00,29.167,0.963,93.681,170.079,
2025-12-28 01:00:00,31.238,0.954,106.173,807.39,
2025-12-28 01:05:00,17.733,1.005,35.038,204.771,
2025-12-28 01:10:00,17.765,0.982,33.861,583.941,
2025-12-28 01:15:00,24.337,0.942,88.668,319.763,
2025-12-28 01:20:00,25.488,0.901,214.825,2462.948,
2025-12-28 01:25:00,28.851,0.971,64.834,745.186,
2025-12-28 01:30:00,25.235,0.966,113.441,564.955,
2025-12-28 01:35:00,26.806,0.972,111.115,343.05,
2025-12-28 01:40:00,27.301,1.004,72.218,470.265,
2025-12-28 01:45:00,80.633,0.773,1111.544,1421.779,
2025-12-28 01:50:00,55.124,1.007,452.201,232.82,
2025-12-28 01:55:00,47.566,0.958,358.224,504.033,
2025-12-28 02:00:00,48.132,0.935,286.949,430.152,
2025-12-28 02:15:00,37.159,0.983,170.743,2552.589,
2025-12-28 02:20:00,38.399,0.957,149.332,625.51,
2025-12-28 02:25:00,46.086,0.965,187.774,1586.299,
2025-12-28 02:30:00,44.434,0.973,176.973,832.805,
2025-12-28 02:35:00,35.899,0.965,144.413,1794.884,
2025-12-28 02:40:00,42.287,1.003,258.714,1238.551,
2025-12-28 02:45:00,25.534,0.954,99.511,307.757,
2025-12-28 02:50:00,30.564,0.958,112.861,805.186,
2025-12-28 02:55:00,29.708,1.002,87.306,320.765,
2025-12-28 03:00:00,33.873,0.96,153.724,957.162,
2025-12-28 03:30:00,50.386,1.007,383.367,614.122,
2025-12-28 03:35:00,54.236,0.97,346.926,1468.028,
2025-12-28 03:40:00,59.077,1.005,457.968,709.058,
2025-12-28 03:45:00,69.74,1.007,562.738,1573.077,
2025-12-28 03:50:00,50.733,0.989,311.954,455.108,
2025-12-28 03:55:00,53.741,1.003,423.013,618.523,
2025-12-28 04:00:00,36.619,0.936,138.213,693.337,
2025-12-28 04:05:00,29.208,0.951,105.211,382.76,
2025-12-28 04:10:00,32.791,0.945,141.297,430.809,
2025-12-28 04:15:00,31.138,1.0,131.367,302.151,
2025-12-28 04:20:00,28.236,0.906,84.278,1288.525,
2025-12-28 04:25:00,26.278,0.935,68.861,424.206,
2025-12-28 04:30:00,21.422,0.983,66.64,878.339,
2025-12-28 04:35:00,24.534,0.872,72.441,895.515,
2025-12-28 04:40:00,25.123,0.905,76.202,425.595,
2025-12-28 04:45:00,28.196,0.9,113.366,996.081,
2025-12-28 20:50:00,48.48,0.976,475.75,167.392,
2025-12-28 20:55:00,51.343,0.946,454.108,110.363,
2025-12-28 21:00:00,54.014,1.004,446.326,139.54,
2025-12-28 21:05:00,52.524,1.004,481.882,132.626,
2025-12-28 21:10:00,51.048,0.98,367.23,223.151,
2025-12-28 21:15:00,51.963,1.002,396.286,95.044,
2025-12-28 21:20:00,51.032,1.006,372.922,110.811,
2025-12-28 21:25:00,37.787,0.982,207.49,289.307,
2025-12-28 21:30:00,31.542,1.007,145.209,168.785,
2025-12-28 21:35:00,27.503,0.989,145.223,196.555,
2025-12-28 21:40:00,34.527,0.973,179.655,376.656,
2025-12-28 21:45:00,38.161,0.976,239.529,405.379,
2025-12-28 21:50:00,33.251,1.002,115.784,693.838,
2025-12-28 21:55:00,28.206,0.979,91.782,744.099,
2025-12-28 22:00:00,35.403,0.963,166.833,854.988,
2025-12-28 22:05:00,41.399,1.002,268.803,978.077,
2025-12-28 22:10:00,42.015,1.002,256.372,444.026,
2025-12-28 22:15:00,43.107,1.005,298.924,159.658,
2025-12-28 22:20:00,39.046,0.93,435.26,4679.122,
2025-12-28 22:25:00,33.27,1.003,151.611,225.962,
2025-12-28 22:30:00,33.943,1.005,120.265,197.612,
2025-12-28 22:35:00,34.747,1.003,158.504,245.857,
2025-12-28 22:40:00,44.185,0.944,206.485,1249.798,
2025-12-28 22:45:00,45.9,1.005,254.561,303.699,
2025-12-28 22:50:00,40.447,0.989,202.771,893.009,
2025-12-28 22:55:00,58.794,0.99,426.002,508.032,
2025-12-28 23:00:00,51.443,1.005,316.529,175.458,
2025-12-28 23:05:00,45.068,0.994,305.284,480.571,
2025-12-28 23:10:00,37.733,0.983,165.676,1463.43,
2025-12-28 23:15:00,27.304,0.996,92.668,374.859,
2025-12-28 23:20:00,34.039,0.976,179.005,385.695,
2025-12-28 23:25:00,50.534,1.001,325.375,269.405,
2025-12-28 23:30:00,38.508,0.986,170.74,374.634,
2025-12-28 23:35:00,35.0,0.986,104.413,917.302,
2025-12-28 23:40:00,35.678,0.947,95.721,596.239,
2025-12-28 23:45:00,45.959,0.977,183.204,2214.487,
2025-12-28 23:50:00,33.472,0.988,129.132,653.168,
2025-12-28 23:55:00,47.405,0.992,300.197,598.603,
2025-12-29 00:00:00,45.441,0.965,219.6,724.354,
2025-12-29 00:05:00,42.111,0.993,170.403,1148.49,
2025-12-29 00:10:00,43.517,0.984,229.67,639.278,
2025-12-29 00:15:00,50.088,0.962,361.394,392.915,
2025-12-29 00:20:00,47.218,1.007,350.614,477.284,
2025-12-29 00:25:00,44.393,1.003,263.983,317.964,
2025-12-29 00:30:00,54.957,0.96,509.36,1012.864,
2025-12-29 00:35:00,49.592,1.002,408.756,337.15,
2025-12-29 00:40:00,45.728,1.005,325.782,98.996,
2025-12-29 00:45:00,49.479,0.969,355.739,468.022,
2025-12-29 00:50:00,46.292,1.004,266.583,490.579,
2025-12-29 00:55:00,40.592,1.003,209.246,468.888,
2025-12-29 01:00:00,45.433,0.969,232.605,466.0,
2025-12-29 01:05:00,46.965,1.007,290.601,538.979,
2025-12-29 01:10:00,41.818,0.997,232.112,307.67,
2025-12-29 01:15:00,38.028,1.003,191.704,453.574,
2025-12-29 01:25:00,45.741,0.982,266.215,773.846,
2025-12-29 01:30:00,37.767,0.972,141.478,465.194,
2025-12-29 01:35:00,25.552,0.972,53.58,860.799,
2025-12-29 01:45:00,45.353,0.77,209.928,986.618,
2025-12-29 01:50:00,29.735,0.95,127.607,1023.561,
2025-12-29 01:55:00,28.086,0.844,73.767,1025.281,
2025-12-29 02:00:00,44.566,0.972,205.597,418.589,
2025-12-29 02:05:00,38.89,0.955,144.752,927.132,
2025-12-29 02:10:00,22.851,1.003,75.016,1169.917,
2025-12-29 02:15:00,29.432,0.989,113.609,709.012,
2025-12-29 02:20:00,32.8,0.989,123.856,720.286,
2025-12-29 02:25:00,38.258,0.954,142.21,1171.908,
2025-12-29 02:30:00,39.712,1.007,191.79,684.691,
2025-12-29 02:35:00,43.898,0.981,237.899,503.366,
2025-12-29 02:40:00,45.963,0.994,284.561,999.951,
2025-12-29 02:45:00,36.979,0.986,197.374,1006.695,
2025-12-29 02:50:00,48.091,0.969,372.584,723.771,
2025-12-29 02:55:00,48.867,1.005,380.583,408.995,
2025-12-29 03:00:00,45.004,1.005,318.046,374.288,
2025-12-29 03:05:00,41.792,1.007,216.912,439.297,
2025-12-29 03:10:00,51.144,1.001,352.892,548.33,
2025-12-29 03:15:00,45.149,1.005,252.319,375.985,
2025-12-29 03:20:00,42.277,0.874,282.934,261.493,
2025-12-29 03:25:00,43.422,0.942,287.574,459.004,
2025-12-29 03:30:00,47.691,0.989,324.358,439.637,
2025-12-29 03:35:00,48.52,0.83,316.18,2753.977,
2025-12-29 04:00:00,103.109,0.881,996.634,2278.22,
2025-12-29 04:05:00,71.352,0.85,438.365,1606.311,
2025-12-29 04:10:00,87.734,0.862,677.576,2574.89,
2025-12-29 04:15:00,90.097,0.978,626.753,3591.571,
2025-12-29 04:20:00,88.097,0.861,729.281,2546.543,
2025-12-29 04:25:00,93.339,0.873,973.81,1886.393,
2025-12-29 04:30:00,74.227,0.824,619.281,625.385,
2025-12-29 04:35:00,54.011,0.924,326.858,595.995,
2025-12-29 04:40:00,53.156,0.922,289.146,555.485,
2025-12-29 04:45:00,40.903,0.962,178.076,1090.074,
2025-12-29 04:50:00,40.036,0.917,145.167,480.939,
2025-12-29 04:55:00,32.024,0.989,172.011,1075.885,
2025-12-29 05:00:00,36.631,0.926,166.355,1249.638,
2025-12-29 05:05:00,32.053,0.986,116.005,1524.343,
2025-12-29 05:10:00,30.211,0.938,143.496,1016.07,
2025-12-29 05:15:00,34.222,0.947,113.361,334.706,
2025-12-29 05:20:00,28.159,0.979,122.777,540.163,
2025-12-29 05:25:00,39.17,0.981,326.152,398.698,
2025-12-29 05:30:00,32.101,0.949,186.89,277.618,
2025-12-29 05:35:00,35.061,0.915,184.898,484.01,
2025-12-29 05:40:00,31.503,0.962,140.368,472.807,
2025-12-29 05:45:00,33.713,0.96,183.76,428.401,
2025-12-29 05:55:00,39.034,0.955,178.383,916.792,
2025-12-29 06:00:00,30.635,0.765,87.158,435.164,
2025-12-29 06:05:00,25.935,0.91,82.191,922.284,
2025-12-29 06:10:00,31.127,0.829,73.064,730.659,
2025-12-29 06:15:00,27.469,0.919,80.492,1148.442,
2025-12-29 06:20:00,39.43,0.96,281.024,367.939,
2025-12-29 06:35:00,30.62,0.855,220.314,1790.652,
2025-12-29 06:40:00,38.204,0.829,177.023,620.189,
2025-12-29 06:45:00,30.734,0.915,165.215,844.248,
2025-12-29 06:50:00,35.252,0.845,184.81,484.63,
2025-12-29 07:10:00,27.923,0.891,326.339,1990.377,
2025-12-29 07:15:00,26.902,0.889,113.736,528.367,
2025-12-29 07:20:00,27.48,0.925,117.804,567.784,
2025-12-29 07:30:00,27.338,0.9,131.543,493.183,
2025-12-29 07:35:00,36.506,0.946,309.848,350.579,
2025-12-29 07:40:00,22.895,0.849,104.875,636.587,
2025-12-29 07:45:00,24.975,1.001,145.729,284.534,
2025-12-29 07:50:00,27.344,0.751,211.293,543.668,
2025-12-29 07:55:00,51.048,0.769,329.118,1136.676,
2025-12-29 08:00:00,24.818,0.942,131.5,526.641,
2025-12-29 08:05:00,22.169,0.886,82.102,1512.612,
2025-12-29 08:10:00,36.695,0.745,245.788,847.267,
2025-12-29 22:15:00,40.97,0.942,340.785,250.581,
2025-12-29 22:20:00,22.449,0.848,51.615,799.795,
2025-12-29 22:25:00,22.539,0.923,59.58,642.093,
2025-12-29 22:30:00,25.898,0.913,103.674,113.805,
2025-12-29 22:35:00,29.238,0.935,142.03,157.692,
2025-12-29 22:40:00,28.098,1.004,163.734,232.756,
2025-12-29 22:45:00,27.919,0.982,130.204,222.07,
2025-12-29 22:50:00,29.711,0.978,135.768,307.227,
2025-12-29 22:55:00,26.513,1.003,115.082,91.047,
2025-12-29 23:00:00,27.956,1.004,125.791,179.078,
2025-12-29 23:05:00,28.561,1.003,125.183,152.728,
2025-12-29 23:10:00,27.45,1.003,138.421,154.895,
2025-12-29 23:15:00,25.088,1.004,104.172,160.738,
2025-12-29 23:20:00,29.001,1.003,123.82,135.89,
2025-12-29 23:25:00,28.679,0.921,168.847,798.916,
2025-12-29 23:30:00,24.508,0.997,72.502,510.061,
2025-12-29 23:35:00,27.454,0.974,127.774,868.001,
2025-12-29 23:40:00,27.558,0.99,88.709,561.286,
2025-12-29 23:45:00,34.521,0.984,134.32,978.174,
2025-12-29 23:50:00,36.311,1.006,166.919,637.874,
2025-12-29 23:55:00,31.054,0.987,174.196,1224.598,
2025-12-30 00:00:00,32.583,0.966,134.244,168.314,
2025-12-30 00:05:00,36.267,1.005,167.585,260.59,
2025-12-30 00:10:00,39.112,1.002,205.498,159.389,
2025-12-30 00:15:00,36.058,0.985,190.72,169.079,
2025-12-30 00:20:00,39.175,0.978,179.967,397.855,
2025-12-30 00:25:00,46.881,0.978,329.845,625.211,
2025-12-30 00:30:00,43.278,0.916,228.458,374.287,
2025-12-30 00:35:00,43.583,0.993,300.092,752.465,
2025-12-30 00:40:00,37.234,1.006,160.254,373.577,
2025-12-30 00:45:00,37.037,1.006,184.824,155.018,
2025-12-30 00:50:00,34.638,1.004,155.555,139.404,
2025-12-30 00:55:00,38.34,1.004,226.076,300.135,
2025-12-30 01:00:00,34.474,0.994,145.527,213.686,
2025-12-30 01:05:00,40.591,0.961,240.506,209.471,
2025-12-30 01:10:00,47.677,0.983,303.391,487.911,
2025-12-30 01:15:00,49.334,1.007,339.436,1444.545,
2025-12-30 01:20:00,55.492,0.971,378.755,934.006,
2025-12-30 01:25:00,48.301,1.007,245.235,1132.738,
2025-12-30 01:30:00,34.31,0.961,119.667,658.735,
2025-12-30 01:35:00,47.571,0.973,198.57,699.944,
2025-12-30 01:40:00,41.292,0.919,237.962,731.848,
2025-12-30 01:45:00,33.691,0.991,134.248,597.183,
2025-12-30 01:50:00,37.231,0.951,169.415,893.289,
2025-12-30 01:55:00,48.241,0.999,435.233,445.051,
2025-12-30 02:00:00,44.768,1.006,344.918,351.938,
2025-12-30 02:05:00,45.306,1.002,346.524,185.772,
2025-12-30 02:10:00,42.353,1.007,302.469,256.636,
2025-12-30 02:15:00,45.45,0.988,285.045,484.689,
2025-12-30 02:20:00,47.192,1.008,316.855,317.092,
2025-12-30 02:25:00,46.37,1.002,308.247,1459.691,
2025-12-30 02:30:00,50.652,0.856,387.251,218.054,
2025-12-30 03:00:00,39.661,1.004,164.722,292.642,
2025-12-30 03:05:00,42.252,1.005,192.645,418.325,
2025-12-30 03:10:00,32.49,0.991,144.483,500.403,
2025-12-30 03:15:00,37.15,0.898,158.054,366.392,
2025-12-30 03:20:00,34.429,1.003,217.251,312.611,
2025-12-30 03:25:00,44.883,0.997,222.825,916.954,
2025-12-30 03:30:00,30.147,0.99,174.713,1828.542,
2025-12-30 03:35:00,46.721,0.932,216.561,129.305,
2025-12-30 03:40:00,42.543,0.977,197.132,581.957,
2025-12-30 03:45:00,48.211,0.92,214.313,655.193,
2025-12-30 03:50:00,43.714,0.976,270.809,1377.14,
2025-12-30 03:55:00,33.388,0.977,81.398,1469.206,
2025-12-30 04:00:00,36.226,0.843,126.708,916.693,
2025-12-30 04:05:00,37.783,0.957,176.548,381.461,
2025-12-30 04:10:00,45.759,0.989,195.867,1115.802,
2025-12-30 04:15:00,39.071,1.004,216.312,526.976,
2025-12-30 04:20:00,37.158,1.006,192.389,610.753,
2025-12-30 04:25:00,29.703,1.004,88.797,601.816,
2025-12-30 04:30:00,30.134,0.972,96.987,1075.717,
2025-12-30 04:35:00,50.518,1.004,296.144,1054.834,
2025-12-30 04:40:00,38.64,0.931,188.314,466.116,
2025-12-30 04:45:00,39.656,1.002,216.945,345.173,
2025-12-30 04:50:00,44.22,1.005,331.346,561.139,
2025-12-30 04:55:00,48.892,1.005,455.514,585.118,
2025-12-30 05:00:00,44.639,0.973,251.283,370.626,
2025-12-30 05:05:00,62.424,1.007,474.984,247.443,
2025-12-30 05:10:00,59.381,1.001,558.685,349.568,
2025-12-30 05:15:00,52.548,1.005,331.605,230.527,
2025-12-30 05:20:00,47.314,0.974,268.776,277.09,
2025-12-30 05:25:00,45.789,0.959,209.623,654.398,
2025-12-30 05:30:00,75.463,0.952,639.371,1998.924,
2025-12-30 05:35:00,59.737,0.984,334.018,752.28,
2025-12-30 05:40:00,66.265,0.992,545.63,1641.311,
2025-12-30 21:25:00,20.858,0.721,88.629,383.953,
2025-12-30 21:30:00,22.851,0.967,115.938,289.035,
2025-12-30 21:35:00,30.784,0.896,152.395,444.09,
2025-12-30 21:40:00,31.655,1.003,160.312,196.846,
2025-12-30 21:45:00,30.64,1.005,161.365,161.018,
2025-12-30 21:50:00,30.821,1.001,150.085,74.05,
2025-12-30 21:55:00,34.009,1.006,199.554,73.433,
2025-12-30 22:00:00,34.133,1.002,195.656,80.637,
2025-12-30 22:05:00,35.731,1.005,193.928,176.261,
2025-12-30 22:10:00,36.898,1.002,222.113,181.836,
2025-12-30 22:15:00,32.538,0.921,152.019,204.839,
2025-12-30 22:20:00,28.08,1.003,124.358,285.619,
2025-12-30 22:25:00,24.452,0.998,98.154,151.984,
2025-12-30 22:30:00,31.415,1.003,154.825,150.31,
2025-12-30 22:35:00,27.361,0.949,109.959,69.509,
2025-12-30 22:40:00,30.651,0.963,132.362,290.01,
2025-12-30 22:45:00,27.112,1.006,80.871,596.554,
2025-12-30 22:50:00,26.408,0.975,92.193,492.079,
2025-12-30 22:55:00,20.71,1.003,74.659,198.894,
2025-12-30 23:00:00,31.54,0.997,171.297,244.103,
2025-12-30 23:05:00,34.778,1.007,189.275,190.884,
2025-12-30 23:10:00,38.431,0.967,193.055,134.899,
2025-12-30 23:15:00,31.765,0.995,82.899,690.458,
2025-12-30 23:20:00,33.302,0.956,155.086,844.373,
2025-12-30 23:25:00,39.453,1.002,281.694,125.257,
2025-12-30 23:30:00,27.463,1.001,127.125,99.345,
2025-12-30 23:35:00,43.507,1.005,274.256,123.016,
2025-12-30 23:40:00,47.878,0.985,349.965,85.481,
2025-12-30 23:45:00,22.168,0.987,53.572,565.215,
2025-12-30 23:50:00,26.573,0.969,117.314,502.771,
2025-12-30 23:55:00,32.108,0.969,136.134,497.186,
2025-12-31 00:00:00,23.54,0.957,84.142,845.796,
2025-12-31 00:05:00,33.47,0.983,198.938,441.762,
2025-12-31 00:10:00,32.402,0.946,211.895,1174.57,
2025-12-31 00:15:00,26.208,0.931,107.306,173.538,
2025-12-31 00:20:00,20.705,1.005,48.503,350.529,
2025-12-31 00:25:00,27.753,0.929,89.761,327.406,
2025-12-31 00:30:00,26.747,1.004,89.025,552.394,
2025-12-31 00:35:00,24.233,0.976,817.675,1748.064,
2025-12-31 00:40:00,17.42,0.954,26.27,562.791,
2025-12-31 00:45:00,22.214,0.981,74.061,689.58,
2025-12-31 00:50:00,22.135,1.006,72.3,272.268,
2025-12-31 00:55:00,21.751,0.96,62.007,229.056,
2025-12-31 01:00:00,29.09,0.997,124.941,101.87,
2025-12-31 01:05:00,24.226,1.006,101.232,205.414,
2025-12-31 01:10:00,25.985,1.0,104.51,154.173,
2025-12-31 01:15:00,27.595,1.004,105.004,148.069,
2025-12-31 01:20:00,28.491,1.006,129.245,164.789,
2025-12-31 01:25:00,26.672,0.982,96.588,185.211,
2025-12-31 01:30:00,37.524,0.958,178.173,1455.396,
2025-12-31 01:35:00,26.593,0.978,90.311,460.996,
2025-12-31 01:40:00,28.207,0.99,104.807,353.429,
2025-12-31 01:45:00,31.533,1.003,158.279,444.213,
2025-12-31 01:50:00,34.075,1.005,135.895,808.624,
2025-12-31 01:55:00,36.39,1.004,196.667,244.062,
2025-12-31 02:00:00,31.91,0.928,146.307,747.563,
2025-12-31 02:05:00,24.6,0.943,91.934,380.697,
2025-12-31 02:10:00,29.051,0.949,117.535,476.658,
2025-12-31 02:15:00,29.5,0.968,116.143,471.006,
2025-12-31 02:20:00,26.025,0.949,87.342,466.139,
2025-12-31 02:25:00,47.446,0.938,365.683,328.862,
2025-12-31 02:30:00,32.247,0.884,171.289,398.138,
2025-12-31 02:35:00,22.247,0.966,65.45,830.124,
2025-12-31 02:40:00,19.853,0.996,64.645,937.194,
2025-12-31 02:45:00,31.316,0.941,112.45,726.918,
2025-12-31 02:50:00,28.553,0.982,78.676,254.771,
2025-12-31 02:55:00,27.473,0.962,55.847,425.175,
2025-12-31 03:00:00,25.77,1.005,98.954,425.792,
2025-12-31 03:05:00,28.369,0.957,114.537,246.708,
2025-12-31 03:10:00,25.474,0.97,60.833,567.172,
2025-12-31 03:15:00,27.673,1.002,126.236,973.146,
2025-12-31 03:20:00,29.461,1.004,104.308,312.314,
2025-12-31 03:25:00,26.044,0.972,104.796,262.434,
2025-12-31 03:30:00,25.532,1.003,106.726,230.121,
2025-12-31 03:35:00,29.897,1.004,99.568,216.001,
2025-12-31 03:40:00,28.773,1.004,112.952,251.751,
2025-12-31 03:45:00,29.98,0.997,94.486,270.989,
2025-12-31 03:50:00,34.633,0.892,395.369,3269.603,
2025-12-31 03:55:00,42.391,0.971,213.648,471.865,
2025-12-31 04:00:00,33.348,0.947,125.032,736.74,
2025-12-31 04:05:00,27.546,1.006,91.874,329.62,
2025-12-31 04:10:00,28.386,0.995,90.487,490.909,
2025-12-31 04:15:00,29.944,0.964,124.956,363.222,
2025-12-31 04:20:00,33.242,0.922,162.002,803.392,
2025-12-31 04:25:00,38.762,0.917,232.346,716.478,
2025-12-31 04:30:00,54.572,0.963,435.054,1630.629,
2025-12-31 04:35:00,49.958,1.0,340.85,817.015,
2025-12-31 04:40:00,47.235,0.979,184.96,1066.242,
2025-12-31 04:45:00,43.418,0.971,250.623,975.663,
2025-12-31 04:50:00,66.581,0.959,408.843,1522.194,
2025-12-31 04:55:00,54.346,0.991,314.205,1671.383,
2025-12-31 05:00:00,60.117,0.847,532.279,1536.879,
2025-12-31 05:05:00,58.385,1.002,553.936,596.197,
2025-12-31 05:10:00,60.901,0.986,393.172,1491.506,
2025-12-31 05:15:00,61.979,0.983,391.117,452.842,
2025-12-31 05:20:00,60.653,1.005,417.502,1209.819,
2025-12-31 05:25:00,53.867,1.004,337.678,556.385,
2025-12-31 05:30:00,46.855,0.929,250.933,1499.208,
2025-12-31 23:15:00,22.083,0.937,85.142,99.7,
2025-12-31 23:20:00,20.637,1.002,65.669,97.475,
2025-12-31 23:25:00,19.441,1.005,65.886,153.279,
2025-12-31 23:30:00,18.729,1.003,64.794,72.629,
2025-12-31 23:35:00,15.834,0.986,35.408,446.847,
2025-12-31 23:40:00,20.146,0.922,55.482,198.048,
2025-12-31 23:45:00,24.881,0.944,81.669,597.377,
2025-12-31 23:50:00,24.793,0.988,115.331,679.248,
2025-12-31 23:55:00,21.466,1.006,70.796,215.865,
2026-01-01 00:00:00,23.723,0.963,69.596,755.556,
2026-01-01 00:05:00,31.345,0.957,156.91,1290.507,
2026-01-01 00:10:00,25.575,1.002,84.857,287.384,
2026-01-01 00:15:00,23.892,1.004,86.199,142.315,
2026-01-01 00:20:00,24.631,1.004,107.521,79.435,
2026-01-01 00:25:00,24.781,1.003,85.765,158.398,
2026-01-01 00:30:00,24.972,0.997,87.853,349.783,
2026-01-01 00:35:00,27.367,0.944,120.937,197.868,
2026-01-01 00:40:00,27.432,1.005,121.781,269.9,
2026-01-01 00:45:00,25.324,0.986,83.296,869.648,
2026-01-01 00:50:00,20.644,1.005,54.063,534.66,
2026-01-01 00:55:00,21.034,0.945,71.569,927.0,
2026-01-01 01:00:00,21.993,1.003,66.168,1464.556,
2026-01-01 01:05:00,22.86,0.98,92.811,453.137,
2026-01-01 01:10:00,30.92,1.004,138.828,259.649,
2026-01-01 01:15:00,30.169,0.944,134.659,140.788,
2026-01-01 01:20:00,33.243,1.005,138.245,186.242,
2026-01-01 01:25:00,31.421,0.9,161.403,440.424,
2026-01-01 01:30:00,35.482,1.003,200.658,206.818,
2026-01-01 01:35:00,31.302,1.004,167.6,266.266,
2026-01-01 01:40:00,32.995,0.972,160.624,261.5,
2026-01-01 01:45:00,31.426,0.988,118.335,926.0,
2026-01-01 01:50:00,31.038,0.923,123.884,1156.846,
2026-01-01 01:55:00,28.752,0.995,126.854,223.112,
2026-01-01 02:00:00,28.57,0.982,122.699,976.39,
2026-01-01 02:05:00,29.539,1.004,126.633,726.273,
2026-01-01 02:10:00,27.926,1.004,114.992,644.313,
2026-01-01 02:15:00,29.648,0.999,125.82,480.841,
2026-01-01 02:20:00,28.304,0.995,114.068,2076.447,
2026-01-01 02:25:00,53.993,0.905,553.077,1752.218,
2026-01-01 02:30:00,38.367,0.877,245.227,917.472,
2026-01-01 02:35:00,27.245,0.978,85.267,950.434,
2026-01-01 02:40:00,34.132,0.981,124.335,2111.991,
2026-01-01 02:45:00,33.435,0.956,119.18,792.358,
2026-01-01 02:50:00,27.373,0.998,940.659,2601.721,
2026-01-01 02:55:00,31.844,0.978,106.372,740.881,
2026-01-01 03:00:00,23.09,0.904,74.924,624.799,
2026-01-01 03:05:00,18.023,0.985,28.005,280.472,
2026-01-01 03:10:00,23.87,0.952,81.716,1442.855,
2026-01-01 03:15:00,22.908,0.988,56.104,946.909,
2026-01-01 03:20:00,29.871,0.946,122.917,395.179,
2026-01-01 03:25:00,21.738,0.981,64.495,346.383,
2026-01-01 03:30:00,20.423,0.987,56.743,348.364,
2026-01-01 03:35:00,26.728,1.005,87.806,284.087,
2026-01-01 03:40:00,26.686,1.002,151.222,110.061,
2026-01-01 03:45:00,28.784,0.97,116.704,284.839,
2026-01-01 03:50:00,20.976,1.002,56.024,114.929,
2026-01-01 03:55:00,20.718,1.0,66.918,69.286,
2026-01-01 04:00:00,19.711,1.004,65.513,98.104,
2026-01-01 04:05:00,19.99,1.003,78.47,91.57,
2026-01-01 04:10:00,19.928,0.999,68.839,155.279,
2026-01-01 04:15:00,22.57,0.935,74.61,196.84,
2026-01-01 04:20:00,29.713,1.003,129.532,556.162,
2026-01-01 04:25:00,27.123,0.987,129.983,808.665,
2026-01-01 04:30:00,32.042,0.966,149.747,905.492,
2026-01-01 04:35:00,21.977,0.954,53.82,334.156,
2026-01-01 04:40:00,28.728,0.962,75.429,475.232,
2026-01-01 04:45:00,25.563,0.995,92.636,377.945,
2026-01-01 04:50:00,29.728,0.917,101.309,1534.184,
2026-01-01 04:55:00,29.558,1.002,99.969,358.908,
2026-01-01 05:00:00,25.499,0.955,80.472,733.082,
2026-01-01 05:05:00,29.235,0.967,140.494,618.741,
2026-01-01 05:15:00,37.423,0.774,322.269,285.372,
2026-01-01 05:20:00,23.456,0.968,95.105,112.021,
2026-01-01 05:25:00,24.883,0.977,79.483,287.102,
2026-01-01 05:30:00,40.354,0.985,261.658,57.018,
2026-01-01 05:35:00,22.981,0.985,72.256,1232.927,
2026-01-01 05:40:00,20.132,0.957,63.444,556.649,
2026-01-01 05:45:00,21.919,0.967,82.187,446.088,
2026-01-01 05:50:00,20.889,0.936,51.288,1303.515,
2026-01-01 05:55:00,21.043,0.958,86.05,1443.897,
2026-01-01 06:00:00,18.581,0.957,47.218,375.471,
2026-01-01 06:05:00,28.619,0.962,106.966,3300.69,
2026-01-01 06:10:00,31.048,0.749,80.334,419.589,
2026-01-01 06:15:00,18.773,0.904,69.098,382.627,
2026-01-01 06:20:00,18.797,0.924,64.83,150.816,
2026-01-01 06:25:00,23.128,0.948,83.889,348.671,
2026-01-01 06:30:00,23.204,0.974,85.125,389.179,
2026-01-01 06:35:00,26.422,0.824,485.585,762.542,
2026-01-01 06:40:00,25.534,0.864,178.309,1072.737,
2026-01-01 06:45:00,21.893,0.899,135.049,511.316,
2026-01-01 06:50:00,23.237,0.971,94.244,523.859,
2026-01-01 06:55:00,26.948,0.976,155.26,1345.644,
2026-01-01 07:00:00,22.074,0.98,79.42,1084.587,
2026-01-01 07:05:00,25.12,0.975,90.749,534.847,
2026-01-01 07:10:00,27.424,0.975,118.93,1089.357,
2026-01-01 07:15:00,21.476,0.837,89.453,940.07,
2026-01-01 07:20:00,24.189,0.74,87.724,332.344,
2026-01-01 07:25:00,26.473,1.002,193.36,336.806,
2026-01-01 07:30:00,23.572,0.994,186.488,71.968,
2026-01-01 12:55:00,30.376,0.766,150.574,538.22,
2026-01-01 13:00:00,37.775,0.933,261.759,227.328,
2026-01-01 13:10:00,27.433,0.949,122.323,122.921,
2026-01-01 13:15:00,24.677,0.961,104.767,330.292,
2026-01-01 13:20:00,28.416,0.954,147.1,210.746,
2026-01-01 13:25:00,30.053,0.919,141.869,152.872,
2026-01-01 13:30:00,30.672,1.001,143.529,963.492,
2026-01-01 13:35:00,31.674,1.0,172.909,154.887,
2026-01-01 13:40:00,32.348,0.89,159.123,219.149,
2026-01-01 13:45:00,31.408,0.977,182.948,298.762,
2026-01-01 13:50:00,30.293,1.006,139.215,338.601,
2026-01-01 13:55:00,30.055,0.983,167.202,473.388,
2026-01-01 14:00:00,27.655,0.979,92.686,1110.543,
2026-01-01 14:05:00,25.586,1.004,122.527,341.497,
2026-01-01 14:10:00,25.857,0.947,122.166,790.985,
2026-01-01 14:15:00,30.317,0.949,131.491,1783.736,
2026-01-01 14:20:00,29.059,0.954,96.396,854.786,
2026-01-01 14:25:00,25.292,0.971,98.8,467.866,
2026-01-01 14:30:00,29.916,0.981,151.677,451.524,
2026-01-01 14:35:00,34.043,0.985,185.146,871.832,
2026-01-01 14:40:00,30.303,0.936,127.688,718.898,
2026-01-01 14:45:00,27.287,1.002,117.589,634.264,
2026-01-01 14:50:00,36.373,0.985,244.955,191.31,
2026-01-01 14:55:00,35.741,0.979,157.288,669.271,
2026-01-01 15:00:00,39.091,0.954,252.596,98.777,
2026-01-01 15:05:00,27.566,0.948,89.574,511.962,
2026-01-01 15:10:00,28.465,0.931,93.699,469.801,
2026-01-01 15:15:00,27.247,0.918,133.681,519.382,
2026-01-01 15:20:00,18.737,0.962,47.279,1331.93,
2026-01-01 15:25:00,24.338,0.971,80.811,589.956,
2026-01-01 15:30:00,24.086,0.948,50.594,918.686,
2026-01-01 15:35:00,36.753,0.951,189.303,453.974,
2026-01-01 15:40:00,28.939,0.933,123.919,916.984,
2026-01-01 15:45:00,35.626,0.885,171.365,1124.178,
2026-01-01 15:50:00,23.135,0.971,157.172,1041.31,
2026-01-01 15:55:00,32.575,0.972,136.827,749.987,
2026-01-01 16:00:00,27.374,0.973,97.746,582.298,
2026-01-01 16:05:00,26.027,0.961,138.923,412.576,
2026-01-01 16:10:00,29.428,0.776,103.982,666.452,
2026-01-01 16:15:00,33.683,1.004,266.784,254.341,
2026-01-01 16:20:00,30.978,0.915,167.19,734.41,
2026-01-01 17:10:00,29.681,0.748,135.042,1653.955,
2026-01-01 17:25:00,26.68,0.903,96.551,337.035,
2026-01-01 17:30:00,27.893,0.945,240.664,1631.964,
2026-01-01 17:35:00,21.346,1.004,195.288,92.048,
2026-01-01 17:40:00,22.276,0.979,136.466,687.868,
2026-01-01 17:45:00,26.422,0.945,142.292,721.151,
2026-01-01 17:50:00,26.466,1.001,204.615,66.996,
2026-01-01 17:55:00,24.402,0.763,77.913,905.26,
2026-01-01 18:00:00,19.587,0.975,66.62,140.394,
2026-01-01 18:05:00,19.443,0.88,75.241,256.061,
2026-01-01 18:10:00,17.993,0.873,39.608,87.284,
2026-01-01 18:15:00,28.331,0.931,139.788,101.377,
2026-01-01 18:20:00,21.514,1.002,98.922,291.866,
2026-01-01 18:25:00,31.879,1.002,342.642,93.712,
2026-01-01 23:15:00,38.332,0.977,285.49,86.213,
2026-01-01 23:20:00,31.999,0.952,183.601,133.554,
2026-01-01 23:25:00,38.158,1.003,233.742,90.094,
2026-01-01 23:30:00,34.118,0.981,230.658,1091.623,
2026-01-01 23:35:00,28.333,1.001,123.858,132.049,
2026-01-01 23:40:00,30.86,1.004,142.067,88.264,
2026-01-01 23:45:00,32.83,1.003,159.407,120.538,
2026-01-01 23:50:00,30.877,1.007,162.242,132.835,
2026-01-01 23:55:00,40.177,1.002,300.34,119.913,
2026-01-02 00:00:00,37.341,0.998,214.114,272.928,
2026-01-02 00:05:00,34.281,0.945,176.666,775.12,
2026-01-02 00:10:00,25.928,1.005,97.839,183.199,
2026-01-02 00:15:00,26.03,0.934,89.645,838.281,
2026-01-02 00:20:00,35.281,0.925,198.756,122.947,
2026-01-02 00:25:00,32.627,0.956,131.758,307.698,
2026-01-02 00:30:00,38.29,1.004,168.078,424.18,
2026-01-02 00:35:00,39.161,0.99,168.989,332.981,
2026-01-02 00:40:00,29.047,0.952,73.829,239.707,
2026-01-02 00:45:00,44.444,0.987,280.429,659.086,
2026-01-02 00:50:00,41.005,0.951,251.45,419.324,
2026-01-02 00:55:00,33.517,0.989,130.772,409.327,
2026-01-02 01:00:00,35.375,0.958,858.542,1274.566,
2026-01-02 01:05:00,54.927,0.975,583.386,394.305,
2026-01-02 01:10:00,55.658,1.004,515.08,89.68,
2026-01-02 01:15:00,51.434,0.975,438.678,1842.911,
2026-01-02 01:20:00,40.903,1.005,246.33,212.544,
2026-01-02 01:25:00,37.626,0.974,251.673,1006.514,
2026-01-02 01:30:00,36.546,0.992,232.781,205.516,
2026-01-02 01:35:00,38.983,1.006,253.373,247.348,
2026-01-02 01:40:00,42.991,0.955,299.364,934.715,
2026-01-02 01:45:00,36.723,0.913,203.948,337.752,
2026-01-02 01:50:00,42.167,0.896,190.291,1382.58,
2026-01-02 01:55:00,41.438,1.002,285.696,281.627,
2026-01-02 02:00:00,34.434,0.942,205.155,470.536,
2026-01-02 02:05:00,33.782,0.992,194.642,176.719,
2026-01-02 02:10:00,30.304,1.003,151.276,299.866,
2026-01-02 02:15:00,30.306,0.963,136.071,341.131,
2026-01-02 02:20:00,29.351,0.973,100.829,602.828,
2026-01-02 02:25:00,31.231,0.955,92.805,481.026,
2026-01-02 02:30:00,32.316,0.923,134.487,629.546,
2026-01-02 02:35:00,27.862,0.986,88.27,806.798,
2026-01-02 02:40:00,27.313,0.975,122.497,429.026,
2026-01-02 02:45:00,27.401,0.955,103.506,835.806,
2026-01-02 02:50:00,33.52,0.973,142.632,272.577,
2026-01-02 02:55:00,33.216,0.988,111.649,1946.393,
2026-01-02 03:00:00,33.59,0.978,172.908,1456.643,
2026-01-02 03:05:00,31.048,0.952,112.101,784.263,
2026-01-02 03:10:00,34.49,1.004,208.917,984.644,
2026-01-02 03:15:00,45.795,0.977,335.172,845.188,
2026-01-02 03:20:00,33.046,0.971,1135.721,3955.712,
2026-01-02 03:25:00,32.445,1.004,100.432,379.042,
2026-01-02 03:30:00,36.796,0.987,215.633,240.516,
2026-01-02 03:35:00,35.896,0.941,164.247,1342.727,
2026-01-02 03:40:00,33.384,1.002,137.217,405.057,
2026-01-02 03:45:00,34.118,1.007,111.907,225.52,
2026-01-02 03:50:00,25.521,1.004,39.633,127.361,
2026-01-02 03:55:00,39.833,0.898,123.439,5313.459,
2026-01-02 04:00:00,53.714,0.794,268.655,711.727,
2026-01-02 04:05:00,45.491,0.931,276.572,517.423,
2026-01-02 04:10:00,45.245,0.94,171.764,660.013,
2026-01-02 04:15:00,48.3,0.958,236.98,3028.801,
2026-01-02 04:20:00,52.456,0.917,181.035,2722.327,
2026-01-02 04:25:00,54.983,1.005,424.64,297.247,
2026-01-02 04:30:00,54.279,1.003,466.141,312.222,
2026-01-02 04:35:00,51.782,0.996,358.424,179.336,
2026-01-02 04:40:00,51.576,0.97,336.945,491.861,
2026-01-02 04:50:00,46.561,0.999,240.827,671.888,
2026-01-02 04:55:00,57.723,0.982,285.796,2092.28,
2026-01-02 05:00:00,46.738,0.962,272.291,748.954,
2026-01-02 05:05:00,49.443,0.97,335.197,1721.063,
2026-01-02 05:10:00,43.718,0.912,218.555,791.269,
2026-01-02 05:15:00,30.09,0.921,130.719,621.276,
2026-01-02 05:20:00,26.806,1.005,89.064,448.024,
2026-01-02 05:25:00,38.115,0.913,186.595,1514.128,
2026-01-02 05:30:00,27.932,0.944,65.024,858.503,
2026-01-02 05:35:00,35.121,0.752,72.048,142.532,
2026-01-02 05:40:00,28.532,0.886,98.867,355.449,
2026-01-02 05:45:00,39.583,0.951,456.435,770.794,
2026-01-02 05:50:00,48.098,0.799,240.842,655.424,
2026-01-02 05:55:00,60.149,0.75,402.355,877.479,
2026-01-02 06:00:00,39.748,0.992,220.098,831.765,
2026-01-02 06:05:00,35.305,1.002,147.766,665.937,
2026-01-02 06:10:00,39.572,1.004,214.163,249.955,
2026-01-02 06:15:00,28.68,0.97,118.982,410.54,
2026-01-02 06:20:00,27.637,0.954,106.416,278.334,
2026-01-02 06:25:00,25.355,0.994,103.195,437.586,
2026-01-02 06:30:00,30.132,0.945,123.107,937.304,
2026-01-02 06:35:00,61.923,0.859,548.137,811.844,
2026-01-02 06:40:00,45.394,0.796,170.176,2138.562,
2026-01-02 06:45:00,37.098,0.8,93.188,1725.526,
2026-01-02 06:50:00,49.141,0.978,521.317,1784.21,
2026-01-02 06:55:00,56.699,0.943,367.532,2618.365,
2026-01-02 07:00:00,42.903,0.9,217.949,2095.342,
2026-01-02 07:05:00,39.973,0.92,763.373,2653.238,
2026-01-02 07:10:00,31.392,0.951,211.923,479.452,
2026-01-02 07:15:00,49.853,0.926,443.874,1227.411,
2026-01-02 21:10:00,25.238,0.949,169.608,646.867,
2026-01-02 21:15:00,25.472,0.925,235.849,105.213,
2026-01-02 21:20:00,24.147,1.004,182.048,120.059,
2026-01-02 21:25:00,29.432,0.875,379.832,1893.208,
2026-01-02 21:30:00,23.546,0.987,263.47,399.236,
2026-01-02 21:35:00,26.971,0.882,208.532,127.045,
2026-01-02 21:40:00,24.122,0.968,152.433,400.455,
2026-01-02 21:45:00,28.05,0.845,428.072,1955.867,
2026-01-02 21:50:00,26.517,0.948,201.704,505.544,
2026-01-02 21:55:00,21.951,0.955,125.427,174.109,
2026-01-02 22:00:00,25.118,0.953,85.747,473.678,
2026-01-02 22:05:00,24.217,0.969,105.018,347.921,
2026-01-02 22:10:00,29.139,0.933,57.272,461.396,
2026-01-02 22:15:00,29.802,0.901,233.506,1902.641,
2026-01-02 22:20:00,35.203,0.788,238.035,597.076,
2026-01-02 22:25:00,26.862,0.858,148.449,319.204,
2026-01-02 22:45:00,33.302,0.996,209.092,929.023,
2026-01-02 23:00:00,46.318,0.767,320.664,489.41,
2026-01-02 23:05:00,35.369,1.003,170.983,184.929,
2026-01-02 23:10:00,31.632,0.928,129.942,142.992,
2026-01-02 23:15:00,35.459,1.001,186.753,96.75,
2026-01-02 23:20:00,30.635,0.997,135.969,163.845,
2026-01-02 23:25:00,33.466,0.983,172.195,168.738,
2026-01-02 23:30:00,31.843,1.002,162.891,77.562,
2026-01-02 23:35:00,34.899,0.993,193.922,53.702,
2026-01-02 23:40:00,30.393,0.995,175.7,142.399,
2026-01-02 23:45:00,34.761,1.004,226.507,171.333,
2026-01-02 23:50:00,30.921,0.969,173.803,150.052,
2026-01-02 23:55:00,29.77,1.003,155.97,187.289,
2026-01-03 00:00:00,35.52,0.924,204.258,2758.558,
2026-01-03 00:05:00,31.815,1.003,153.615,141.672,
2026-01-03 00:10:00,30.146,1.005,155.137,131.301,
2026-01-03 00:15:00,31.914,0.854,176.843,264.899,
2026-01-03 00:20:00,34.668,1.0,210.788,109.965,
2026-01-03 00:25:00,31.613,0.943,102.391,459.272,
2026-01-03 00:30:00,35.142,1.004,234.373,275.887,
2026-01-03 00:35:00,37.411,1.001,272.536,423.255,
2026-01-03 00:40:00,37.049,0.969,248.019,489.219,
2026-01-03 00:45:00,27.285,0.988,140.263,201.282,
2026-01-03 00:50:00,26.609,0.977,119.327,259.273,
2026-01-03 00:55:00,22.913,0.925,74.39,394.502,
2026-01-03 01:00:00,18.158,1.004,34.03,194.687,
2026-01-03 01:05:00,20.921,0.996,49.805,233.837,
2026-01-03 01:10:00,24.817,0.991,106.76,278.779,
2026-01-03 01:15:00,28.29,0.94,88.816,575.699,
2026-01-03 01:20:00,29.765,0.959,108.821,536.107,
2026-01-03 01:25:00,34.17,0.982,134.144,382.414,
2026-01-03 01:30:00,31.706,0.995,121.927,373.879,
2026-01-03 01:35:00,34.484,1.006,171.288,281.994,
2026-01-03 01:40:00,31.023,1.003,152.731,103.59,
2026-01-03 01:45:00,33.071,1.004,147.603,129.77,
2026-01-03 01:50:00,33.378,1.004,173.779,118.373,
2026-01-03 01:55:00,36.258,0.998,199.996,87.161,
2026-01-03 02:00:00,33.339,0.951,187.818,113.883,
2026-01-03 02:05:00,39.692,0.999,284.347,320.731,
2026-01-03 02:10:00,43.008,1.002,362.198,122.053,
2026-01-03 02:15:00,37.037,0.962,221.61,618.158,
2026-01-03 02:20:00,34.625,0.997,207.042,103.685,
2026-01-03 02:25:00,39.099,1.003,256.944,40.959,
2026-01-03 02:30:00,37.265,0.96,210.801,111.784,
2026-01-03 02:35:00,37.89,0.904,173.504,911.26,
2026-01-03 02:40:00,30.438,0.973,145.907,757.897,
2026-01-03 02:45:00,30.914,0.905,127.53,642.604,
2026-01-03 02:50:00,32.362,0.968,176.83,240.832,
2026-01-03 02:55:00,44.535,0.978,379.094,664.012,
2026-01-03 03:00:00,42.866,0.996,306.155,842.721,
2026-01-03 03:05:00,47.997,0.95,432.12,863.783,
2026-01-03 03:10:00,40.139,0.945,258.344,1312.593,
2026-01-03 03:15:00,40.196,0.936,309.817,550.891,
2026-01-03 03:20:00,46.642,0.988,398.473,829.99,
2026-01-03 03:25:00,39.595,0.937,181.874,1587.294,
2026-01-03 03:30:00,42.261,0.92,209.865,983.834,
2026-01-03 03:35:00,44.408,0.955,253.007,477.942,
2026-01-03 03:40:00,48.4,0.9,337.195,537.074,
2026-01-03 03:45:00,41.44,0.894,199.746,1183.657,
2026-01-03 03:50:00,52.173,0.866,416.405,1474.903,
2026-01-03 03:55:00,35.081,0.979,170.308,713.845,
2026-01-03 04:00:00,37.263,0.961,180.119,327.588,
2026-01-03 04:05:00,38.648,0.935,192.605,745.986,
2026-01-03 04:10:00,32.604,0.983,137.149,282.725,
2026-01-03 04:25:00,41.65,0.925,171.941,3147.151,
2026-01-03 04:30:00,46.669,0.997,398.584,1213.072,
2026-01-03 04:35:00,42.455,0.97,300.547,1346.364,
2026-01-03 04:40:00,42.612,0.956,229.383,816.076,
2026-01-03 04:45:00,49.96,0.981,406.831,670.362,
2026-01-03 04:50:00,52.289,0.973,472.342,242.048,
2026-01-03 04:55:00,52.515,0.984,476.928,871.197,
2026-01-03 05:00:00,49.082,0.986,277.197,1300.003,
2026-01-03 05:05:00,45.272,0.912,191.891,1318.199,
2026-01-03 05:10:00,44.566,0.894,234.249,1912.076,
2026-01-03 05:15:00,39.792,0.897,129.791,1624.794,
2026-01-03 05:20:00,49.206,0.939,318.862,396.826,
2026-01-03 05:25:00,43.616,0.895,251.323,1643.879,
2026-01-03 05:30:00,49.614,0.932,454.411,985.4,
2026-01-03 05:35:00,48.159,0.918,200.521,1841.652,
2026-01-03 05:45:00,28.87,0.937,149.603,538.732,
2026-01-03 05:50:00,26.194,0.96,330.261,1930.196,
2026-01-03 05:55:00,29.021,0.776,91.366,914.776,
2026-01-03 06:05:00,28.796,0.977,146.138,349.421,
2026-01-03 06:10:00,33.077,0.93,250.984,912.417,
2026-01-03 06:15:00,29.344,0.939,138.43,542.76,
2026-01-03 06:20:00,33.462,0.898,188.523,334.007,
2026-01-03 06:25:00,45.96,0.826,192.533,693.193,
2026-01-03 06:30:00,58.376,0.906,409.152,1213.046,
2026-01-03 06:35:00,29.047,0.918,78.992,637.133,
2026-01-03 06:45:00,37.558,0.963,371.408,758.441,
2026-01-03 22:10:00,31.541,0.776,155.366,168.075,
2026-01-03 22:15:00,29.715,0.872,130.457,213.752,
2026-01-03 22:20:00,33.573,0.963,151.847,214.064,
2026-01-03 22:25:00,30.807,0.97,148.605,206.577,
2026-01-03 22:30:00,33.902,0.918,193.297,286.624,
2026-01-03 22:35:00,30.961,0.803,115.028,311.032,
2026-01-03 22:40:00,28.527,0.993,94.278,208.219,
2026-01-03 22:45:00,23.955,0.957,98.677,452.096,
2026-01-03 22:50:00,47.401,0.783,1042.826,4871.58,
2026-01-03 22:55:00,44.669,0.749,146.94,342.939,
2026-01-03 23:00:00,35.459,0.98,276.074,323.864,
2026-01-03 23:05:00,40.685,1.007,288.948,527.441,
2026-01-03 23:10:00,45.513,1.004,380.732,148.827,
2026-01-03 23:15:00,43.095,0.991,348.397,104.476,
2026-01-03 23:20:00,43.236,1.006,305.622,104.557,
2026-01-03 23:25:00,46.792,0.941,396.441,1154.552,
2026-01-03 23:30:00,41.513,0.93,256.269,186.531,
2026-01-03 23:35:00,43.655,0.936,264.765,2310.471,
2026-01-03 23:40:00,40.224,1.005,241.421,371.471,
2026-01-03 23:45:00,44.535,0.979,293.259,641.766,
2026-01-03 23:50:00,44.742,0.96,275.465,314.432,
2026-01-03 23:55:00,58.128,1.005,512.238,134.15,
2026-01-04 00:00:00,57.438,0.996,611.224,134.077,
2026-01-04 00:05:00,61.59,1.004,686.279,170.817,
2026-01-04 00:10:00,35.271,0.969,221.745,1269.274,
2026-01-04 00:15:00,36.826,0.935,184.676,702.48,
2026-01-04 00:20:00,42.464,0.954,258.749,887.395,
2026-01-04 00:25:00,34.056,0.988,168.012,417.675,
2026-01-04 00:30:00,29.144,0.915,136.555,773.873,
2026-01-04 00:35:00,33.945,0.99,143.635,809.726,
2026-01-04 00:40:00,27.911,0.946,69.8,947.01,
2026-01-04 00:45:00,43.103,0.964,260.011,670.314,
2026-01-04 00:50:00,40.66,1.006,232.971,391.528,
2026-01-04 00:55:00,37.554,0.962,195.945,423.528,
2026-01-04 01:00:00,44.238,0.976,269.341,725.631,
2026-01-04 01:05:00,56.712,0.982,609.456,908.728,
2026-01-04 01:10:00,55.317,1.008,518.958,127.949,
2026-01-04 01:15:00,68.381,0.991,712.101,294.584,
2026-01-04 01:20:00,73.09,1.006,710.583,239.241,
2026-01-04 01:25:00,65.72,0.958,517.824,3385.208,
2026-01-04 01:30:00,45.101,0.986,192.064,1909.365,
2026-01-04 01:35:00,45.536,0.97,362.7,581.43,
2026-01-04 01:40:00,56.631,1.003,548.477,626.893,
2026-01-04 01:45:00,44.004,0.92,214.528,1398.719,
2026-01-04 01:50:00,42.641,1.007,232.92,737.236,
2026-01-04 01:55:00,41.399,1.002,225.879,423.46,
2026-01-04 02:00:00,43.723,0.996,288.391,246.247,
2026-01-04 02:05:00,40.888,1.005,196.854,251.338,
2026-01-04 02:10:00,37.697,1.007,204.888,234.976,
2026-01-04 02:15:00,40.722,1.0,249.004,291.124,
2026-01-04 02:20:00,42.546,0.867,284.213,182.228,
2026-01-04 02:25:00,49.504,0.987,345.815,2083.416,
2026-01-04 02:40:00,45.73,0.969,309.075,1253.19,
2026-01-04 02:45:00,47.28,1.003,304.186,1815.406,
2026-01-04 02:50:00,44.115,0.805,263.346,395.636,
2026-01-04 02:55:00,45.23,1.003,299.105,335.486,
2026-01-04 03:00:00,53.836,0.972,469.084,3045.596,
2026-01-04 03:05:00,49.667,0.783,316.771,836.836,
2026-01-04 03:10:00,45.319,1.007,311.858,932.642,
2026-01-04 03:15:00,48.893,0.985,301.399,311.022,
2026-01-04 03:20:00,46.714,0.945,329.768,251.319,
2026-01-04 03:25:00,62.956,0.987,770.727,4379.457,
2026-01-04 03:30:00,55.739,0.947,329.979,1894.769,
2026-01-04 03:35:00,57.894,0.958,435.141,951.893,
2026-01-04 03:40:00,59.051,0.97,447.184,2890.101,
2026-01-04 03:45:00,54.342,0.98,363.071,943.825,
2026-01-04 03:50:00,61.811,0.967,552.328,1012.409,
2026-01-04 03:55:00,60.184,0.934,409.208,1847.131,
2026-01-04 04:00:00,33.675,0.976,129.904,1252.267,
2026-01-04 04:05:00,43.324,0.993,287.007,2091.765,
2026-01-04 04:10:00,44.686,0.885,209.488,663.477,
2026-01-04 04:15:00,57.696,0.938,440.358,1643.194,
2026-01-04 04:20:00,68.217,0.856,543.879,1880.06,
2026-01-04 04:25:00,55.055,0.948,424.89,2206.156,
2026-01-04 04:30:00,51.376,0.983,327.933,946.255,
2026-01-04 04:35:00,56.836,0.917,288.565,785.298,
2026-01-04 04:40:00,51.314,0.947,345.38,983.793,
2026-01-04 04:45:00,60.123,0.948,779.34,3313.672,
2026-01-04 04:50:00,52.837,0.979,298.536,1673.813,
2026-01-04 04:55:00,58.395,0.987,503.574,422.976,
2026-01-04 05:00:00,47.851,0.892,281.482,1500.894,
2026-01-04 05:05:00,43.313,1.0,251.073,659.998,
2026-01-04 05:10:00,37.416,1.005,242.063,222.342,
2026-01-04 05:20:00,46.584,0.99,379.402,1536.536,
2026-01-04 05:25:00,47.225,0.729,233.231,1887.545,
2026-01-04 21:30:00,28.289,0.855,107.135,273.074,
2026-01-04 21:35:00,39.535,0.864,240.439,244.855,
2026-01-04 21:40:00,40.329,0.978,170.882,222.042,
2026-01-04 21:45:00,40.679,0.955,273.935,419.416,
2026-01-04 21:50:00,27.135,0.863,123.585,278.297,
2026-01-04 21:55:00,35.846,0.998,235.359,530.388,
2026-01-04 22:00:00,40.241,1.004,267.292,380.928,
2026-01-04 22:05:00,31.155,0.97,205.943,798.742,
2026-01-04 22:10:00,33.707,1.002,221.342,234.402,
2026-01-04 22:15:00,31.239,1.003,173.251,213.259,
2026-01-04 22:20:00,28.496,1.005,135.18,105.374,
2026-01-04 22:25:00,35.31,0.985,214.513,74.468,
2026-01-04 22:30:00,29.697,1.003,169.132,154.264,
2026-01-04 22:35:00,34.24,0.977,185.067,324.192,
2026-01-04 22:45:00,33.714,1.003,237.237,182.58,
2026-01-04 22:50:00,33.025,1.007,197.126,200.803,
2026-01-04 22:55:00,29.745,1.001,188.481,210.041,
2026-01-04 23:10:00,32.934,0.967,199.567,1580.14,
2026-01-04 23:15:00,27.798,0.979,105.195,1034.417,
2026-01-04 23:20:00,28.572,0.967,144.076,1482.42,
2026-01-04 23:25:00,26.387,0.961,78.69,1391.28,
2026-01-04 23:30:00,17.24,1.004,35.161,172.868,
2026-01-04 23:35:00,29.571,0.939,130.663,853.007,
2026-01-04 23:40:00,23.624,1.001,85.085,282.774,
2026-01-04 23:45:00,43.864,0.99,391.328,261.117,
2026-01-04 23:50:00,45.17,1.004,426.856,251.39,
2026-01-04 23:55:00,30.033,0.965,95.971,904.246,
2026-01-05 00:00:00,30.991,1.0,153.562,132.527,
2026-01-05 00:05:00,31.998,0.941,145.474,728.226,
2026-01-05 00:10:00,36.249,0.941,236.954,486.299,
2026-01-05 00:15:00,37.053,0.932,158.097,187.221,
2026-01-05 00:20:00,37.053,0.955,220.411,915.246,
2026-01-05 00:25:00,40.082,0.939,183.189,1059.567,
2026-01-05 00:30:00,38.349,0.997,237.111,333.711,
2026-01-05 00:35:00,50.04,0.844,360.293,1797.334,
2026-01-05 00:40:00,44.172,0.879,222.075,1880.432,
2026-01-05 00:45:00,30.073,0.907,112.107,577.961,
2026-01-05 00:50:00,35.003,0.902,190.496,1008.895,
2026-01-05 00:55:00,40.174,0.797,210.064,391.616,
2026-01-05 01:00:00,36.663,1.005,185.895,678.922,
2026-01-05 01:05:00,34.603,0.955,156.426,1025.553,
2026-01-05 01:10:00,37.288,0.998,151.984,328.954,
2026-01-05 01:15:00,24.742,1.005,67.835,469.179,
2026-01-05 01:20:00,34.913,0.935,239.108,950.842,
2026-01-05 01:25:00,34.242,0.998,96.161,400.813,
2026-01-05 01:30:00,36.663,0.959,203.573,1279.058,
2026-01-05 01:35:00,38.654,0.975,244.335,932.125,
2026-01-05 01:40:00,30.724,0.988,86.182,497.02,
2026-01-05 01:45:00,30.143,0.986,122.959,409.318,
2026-01-05 01:50:00,46.33,1.005,358.105,268.564,
2026-01-05 01:55:00,43.289,0.999,275.571,163.872,
2026-01-05 02:00:00,42.867,1.005,295.793,172.387,
2026-01-05 02:05:00,41.59,1.001,296.647,212.786,
2026-01-05 02:10:00,40.021,0.954,222.237,837.239,
2026-01-05 02:15:00,44.548,0.832,203.829,2774.368,
2026-01-05 02:20:00,30.018,0.971,159.324,107.848,
2026-01-05 02:25:00,29.003,1.004,131.385,288.133,
2026-01-05 02:30:00,28.378,0.95,192.94,1475.501,
2026-01-05 02:35:00,25.515,1.003,112.728,157.132,
2026-01-05 02:40:00,29.403,0.975,205.151,1258.588,
2026-01-05 02:45:00,29.377,0.991,137.375,741.052,
2026-01-05 02:50:00,26.728,1.001,137.781,300.854,
2026-01-05 02:55:00,26.37,0.889,67.348,1634.798,
2026-01-05 03:00:00,26.996,0.917,116.089,712.926,
2026-01-05 03:05:00,26.843,0.969,145.212,659.97,
2026-01-05 03:10:00,30.756,0.918,151.055,901.719,
2026-01-05 03:15:00,29.027,0.779,61.127,425.4,
2026-01-05 03:20:00,26.654,1.005,108.063,358.317,
2026-01-05 03:30:00,31.396,0.71,126.257,254.43,
2026-01-05 03:35:00,21.727,0.813,41.418,588.205,
2026-01-05 03:40:00,30.199,0.91,91.925,665.835,
2026-01-05 03:45:00,24.722,0.983,92.963,497.567,
2026-01-05 03:50:00,23.592,0.977,81.125,615.978,
2026-01-05 03:55:00,26.054,0.915,72.065,1060.25,
2026-01-05 04:00:00,33.674,0.996,234.215,303.412,
2026-01-05 04:05:00,32.557,1.004,226.401,312.03,
2026-01-05 04:10:00,39.268,0.969,366.786,345.041,
2026-01-05 04:15:00,35.663,0.985,213.767,604.99,
2026-01-05 04:20:00,33.963,0.945,154.701,1539.774,
2026-01-05 04:25:00,54.22,0.967,387.757,1652.015,
2026-01-05 04:30:00,47.588,0.991,339.445,376.609,
2026-01-05 04:35:00,45.932,0.994,404.196,586.791,
2026-01-05 04:40:00,43.611,1.002,330.364,192.625,
2026-01-05 04:45:00,43.549,1.004,303.735,318.233,
2026-01-05 04:50:00,33.448,0.931,253.045,1794.301,
2026-01-05 04:55:00,34.196,1.004,267.369,811.053,
2026-01-05 05:00:00,35.203,0.966,200.383,877.696,
2026-01-05 05:10:00,55.57,0.985,402.869,1994.728,
2026-01-05 23:05:00,24.411,0.813,70.971,191.174,
2026-01-05 23:10:00,24.848,0.968,82.757,268.383,
2026-01-05 23:15:00,25.614,0.886,86.553,315.25,
2026-01-05 23:20:00,21.685,0.855,85.371,173.206,
2026-01-05 23:25:00,27.623,0.934,136.324,426.601,
2026-01-05 23:30:00,36.974,1.006,243.931,750.7,
2026-01-05 23:35:00,24.2,0.896,98.349,188.159,
2026-01-05 23:40:00,22.397,1.003,75.152,367.396,
2026-01-05 23:45:00,30.328,0.743,126.852,754.208,
2026-01-05 23:55:00,35.467,0.911,217.636,1077.323,
2026-01-06 00:00:00,26.754,0.87,99.558,674.748,
2026-01-06 00:05:00,20.029,0.804,59.401,413.816,
2026-01-06 00:10:00,23.644,0.988,85.256,174.186,
2026-01-06 00:15:00,32.893,1.005,192.106,375.92,
2026-01-06 00:20:00,28.331,1.003,168.599,622.042,
2026-01-06 00:25:00,31.829,0.961,220.281,1032.496,
2026-01-06 00:30:00,29.104,0.95,167.622,545.993,
2026-01-06 00:35:00,31.164,0.986,178.112,523.208,
2026-01-06 00:40:00,30.3,0.984,168.603,201.643,
2026-01-06 00:45:00,29.86,0.9,146.638,1997.876,
2026-01-06 00:50:00,28.582,0.912,125.861,1316.41,
2026-01-06 00:55:00,28.697,0.956,175.45,996.209,
2026-01-06 01:00:00,27.479,0.987,164.054,279.776,
2026-01-06 01:05:00,28.17,1.006,186.384,238.866,
2026-01-06 01:10:00,25.96,0.958,105.291,531.229,
2026-01-06 01:15:00,30.042,0.915,115.612,376.988,
2026-01-06 01:20:00,27.344,1.005,147.05,463.854,
2026-01-06 01:25:00,28.384,0.923,97.609,740.44,
2026-01-06 01:35:00,23.339,0.847,72.595,280.508,
2026-01-06 01:40:00,31.093,0.962,111.758,1505.445,
2026-01-06 01:45:00,32.629,0.989,170.539,848.74,
2026-01-06 01:50:00,37.399,1.003,272.575,2214.422,
2026-01-06 01:55:00,28.243,0.998,157.771,336.807,
2026-01-06 02:00:00,33.713,1.007,187.702,262.137,
2026-01-06 02:05:00,32.587,1.004,228.009,103.806,
2026-01-06 02:10:00,39.182,0.974,333.62,231.045,
2026-01-06 02:15:00,38.016,0.968,251.152,181.794,
2026-01-06 02:20:00,36.566,0.988,267.92,555.833,
2026-01-06 02:25:00,36.128,1.002,248.641,176.252,
2026-01-06 02:30:00,35.116,0.99,239.839,258.428,
2026-01-06 02:35:00,38.291,0.928,259.999,1849.45,
2026-01-06 02:40:00,37.083,0.972,183.712,1241.309,
2026-01-06 02:45:00,40.7,0.992,282.577,385.092,
2026-01-06 02:50:00,41.657,0.95,272.099,2970.333,
2026-01-06 02:55:00,37.978,0.986,225.457,186.347,
2026-01-06 03:00:00,35.186,0.898,138.183,1826.719,
2026-01-06 03:05:00,36.358,0.995,262.78,111.895,
2026-01-06 03:10:00,39.955,0.982,247.165,320.111,
2026-01-06 03:15:00,37.738,1.003,231.374,308.515,
2026-01-06 03:20:00,37.052,0.938,197.455,2123.724,
2026-01-06 03:25:00,30.885,0.98,135.041,616.554,
2026-01-06 03:30:00,29.599,0.983,134.948,421.957,
2026-01-06 03:35:00,18.641,0.961,43.286,318.707,
2026-01-06 03:40:00,21.745,0.993,38.444,271.585,
2026-01-06 03:45:00,33.257,1.003,188.167,343.825,
2026-01-06 03:50:00,34.954,0.859,190.953,457.961,
2026-01-06 04:00:00,29.333,0.989,139.878,829.38,
2026-01-06 04:05:00,24.162,0.978,164.613,257.231,
2026-01-06 04:10:00,23.915,0.967,177.731,509.786,
2026-01-06 04:15:00,21.814,0.99,110.219,141.57,
2026-01-06 04:20:00,22.018,0.984,120.791,104.939,
2026-01-06 04:25:00,23.173,0.99,95.616,316.56,
2026-01-06 04:30:00,22.065,0.94,101.399,588.641,
2026-01-06 04:35:00,25.394,0.965,151.329,680.151,
2026-01-06 04:40:00,25.464,0.98,151.519,96.049,
2026-01-06 05:00:00,28.511,0.869,133.288,656.367,
2026-01-06 05:05:00,22.684,0.953,90.633,1196.256,
2026-01-06 05:10:00,28.385,0.982,159.122,257.284,
2026-01-06 05:15:00,21.38,0.875,93.251,868.398,
2026-01-06 05:25:00,24.226,0.963,167.126,525.413,
2026-01-06 05:30:00,22.61,0.954,118.375,378.009,
2026-01-06 05:50:00,29.483,0.788,130.257,639.924,
2026-01-06 05:55:00,26.32,0.842,114.955,219.379,
2026-01-06 22:15:00,30.443,0.971,171.078,341.96,
2026-01-06 22:20:00,45.483,0.969,426.418,571.11,
2026-01-06 22:25:00,40.357,0.855,252.65,1170.243,
2026-01-06 22:30:00,41.607,0.942,291.712,541.978,
2026-01-06 22:35:00,36.533,0.99,215.876,605.47,
2026-01-06 22:40:00,29.428,0.773,146.577,341.268,
2026-01-06 22:45:00,25.9,0.97,84.306,726.232,
2026-01-06 22:50:00,30.67,0.996,198.78,308.754,
2026-01-06 22:55:00,31.23,0.997,203.23,226.85,
2026-01-06 23:00:00,31.358,1.006,219.783,151.844,
2026-01-06 23:05:00,30.523,1.002,217.276,140.556,
2026-01-06 23:10:00,31.942,0.936,151.836,1565.912,
2026-01-06 23:15:00,30.904,0.992,211.369,226.544,
2026-01-06 23:20:00,29.608,1.0,224.595,227.357,
2026-01-06 23:25:00,32.38,0.895,183.951,417.088,
2026-01-06 23:30:00,26.004,0.971,107.369,1402.28,
2026-01-06 23:35:00,26.337,0.948,138.668,1151.405,
2026-01-06 23:40:00,20.656,0.984,52.504,678.334,
2026-01-06 23:45:00,31.841,0.988,133.353,1458.131,
2026-01-06 23:50:00,27.622,0.998,122.974,1644.795,
2026-01-06 23:55:00,31.039,1.007,182.609,789.627,
2026-01-07 00:10:00,33.666,0.998,243.472,275.675,
2026-01-07 00:15:00,28.748,1.004,182.226,162.723,
2026-01-07 00:20:00,24.87,1.005,113.181,193.318,
2026-01-07 00:25:00,31.897,1.003,236.506,252.02,
2026-01-07 00:30:00,30.896,0.945,177.196,824.796,
2026-01-07 00:35:00,29.192,0.932,109.381,532.784,
2026-01-07 00:40:00,41.11,0.96,213.77,1803.0,
2026-01-07 00:45:00,43.871,0.986,399.33,527.317,
2026-01-07 00:50:00,33.42,0.913,200.773,1253.424,
2026-01-07 00:55:00,30.103,0.974,138.265,3086.163,
2026-01-07 01:00:00,25.804,0.973,107.95,295.597,
2026-01-07 01:05:00,32.604,0.955,198.61,749.314,
2026-01-07 01:10:00,31.133,1.005,154.033,352.996,
2026-01-07 01:15:00,29.561,1.005,152.638,255.338,
2026-01-07 01:20:00,31.047,0.93,95.501,2110.413,
2026-01-07 01:25:00,37.065,0.919,183.247,664.333,
2026-01-07 01:30:00,33.042,0.88,102.208,830.799,
2026-01-07 01:35:00,25.724,0.988,103.092,334.31,
2026-01-07 01:40:00,27.851,0.951,113.832,1065.529,
2026-01-07 01:45:00,22.583,0.968,48.486,1524.289,
2026-01-07 01:50:00,23.95,0.955,104.464,476.572,
2026-01-07 01:55:00,27.293,0.98,109.718,639.182,
2026-01-07 02:00:00,18.615,0.994,58.773,406.589,
2026-01-07 02:05:00,18.83,0.972,52.251,208.955,
2026-01-07 02:10:00,25.903,1.002,129.785,73.736,
2026-01-07 02:15:00,22.372,0.988,1010.159,2240.463,
2026-01-07 02:20:00,23.216,1.0,118.655,154.236,
2026-01-07 02:25:00,22.373,0.885,98.724,141.555,
2026-01-07 02:40:00,31.117,1.004,198.636,282.032,
2026-01-07 02:45:00,31.198,0.838,86.588,451.828,
2026-01-07 02:50:00,26.662,1.001,117.694,606.885,
2026-01-07 02:55:00,19.616,1.001,68.015,109.224,
2026-01-07 03:00:00,30.244,0.948,127.578,1590.52,
2026-01-07 03:05:00,25.289,0.978,144.274,686.13,
2026-01-07 03:10:00,22.513,1.001,77.603,113.534,
2026-01-07 03:15:00,24.433,0.974,103.701,247.33,
2026-01-07 03:20:00,18.958,0.978,55.321,474.483,
2026-01-07 03:25:00,26.296,0.912,99.105,1660.149,
2026-01-07 03:30:00,23.409,0.997,116.595,193.422,
2026-01-07 03:35:00,19.924,0.98,74.141,887.676,
2026-01-07 03:40:00,24.168,0.964,82.765,1118.272,
2026-01-07 03:45:00,18.014,0.987,37.752,780.45,
2026-01-07 03:50:00,24.38,0.975,90.224,749.863,
2026-01-07 03:55:00,20.764,1.004,55.266,332.166,
2026-01-07 04:00:00,25.208,0.981,115.78,493.781,
2026-01-07 04:05:00,22.585,0.997,110.274,189.228,
2026-01-07 04:10:00,29.215,0.995,231.368,229.086,
2026-01-07 04:15:00,25.882,0.916,95.467,862.763,
2026-01-07 04:20:00,35.016,0.954,243.164,760.837,
2026-01-07 04:25:00,25.992,1.001,113.547,128.265,
2026-01-07 04:30:00,31.176,1.007,163.956,1189.752,
2026-01-07 04:35:00,30.061,0.931,103.311,597.073,
2026-01-07 04:40:00,26.969,0.97,174.964,2537.075,
2026-01-07 04:45:00,24.205,0.971,121.377,1965.403,
2026-01-07 04:50:00,22.015,0.99,89.063,104.108,
2026-01-07 04:55:00,29.541,0.931,139.319,659.381,
2026-01-07 05:05:00,48.832,0.772,429.822,2421.603,
2026-01-07 05:10:00,40.083,0.962,319.251,408.314,
2026-01-07 05:15:00,43.912,0.986,286.005,1286.387,
2026-01-07 05:25:00,52.131,0.854,345.097,2070.838,
2026-01-07 05:30:00,46.625,0.945,317.946,1560.689,
2026-01-07 05:35:00,44.098,0.978,299.408,1592.82,
2026-01-07 05:40:00,45.971,0.978,335.715,1655.033,
2026-01-07 05:45:00,37.642,1.003,282.637,282.059,
2026-01-07 05:50:00,37.068,1.007,256.302,550.244,
2026-01-07 05:55:00,37.216,0.972,214.798,596.315,
2026-01-07 06:00:00,50.175,0.979,585.958,951.579,
2026-01-07 06:05:00,41.595,0.906,285.44,2935.362,
2026-01-07 06:10:00,48.157,0.916,355.877,1397.468,
2026-01-07 22:35:00,35.877,0.816,155.138,506.638,
2026-01-07 22:40:00,33.76,0.94,117.276,751.577,
2026-01-07 22:45:00,38.789,0.922,232.674,256.921,
2026-01-07 22:50:00,31.929,0.973,196.975,241.359,
2026-01-07 22:55:00,32.298,1.003,218.549,232.707,
2026-01-07 23:00:00,32.409,0.962,191.999,144.36,
2026-01-07 23:05:00,22.354,0.892,106.064,1945.521,
2026-01-07 23:10:00,28.552,1.003,224.044,383.385,
2026-01-07 23:15:00,25.832,1.003,148.683,104.734,
2026-01-07 23:20:00,26.428,0.702,85.312,407.506,
2026-01-07 23:25:00,27.036,1.002,112.592,322.013,
2026-01-07 23:30:00,26.159,0.959,73.47,1195.052,
2026-01-07 23:35:00,27.589,0.983,107.952,1775.006,
2026-01-07 23:40:00,26.554,1.004,164.415,169.047,
2026-01-07 23:45:00,23.854,1.0,112.622,220.355,
2026-01-07 23:50:00,26.894,0.958,105.635,400.447,
2026-01-07 23:55:00,25.623,0.933,127.433,2498.947,
2026-01-08 00:00:00,20.544,0.999,77.314,351.485,
2026-01-08 00:05:00,19.429,0.98,53.344,430.175,
2026-01-08 00:10:00,20.721,1.001,78.635,726.095,
2026-01-08 00:15:00,18.953,0.981,49.023,948.133,
2026-01-08 00:20:00,15.682,0.963,29.752,521.243,
2026-01-08 00:25:00,21.637,0.969,62.44,914.274,
2026-01-08 00:30:00,21.003,1.002,90.82,224.509,
2026-01-08 00:35:00,21.078,1.003,99.279,83.241,
2026-01-08 00:40:00,17.992,0.91,48.416,236.659,
2026-01-08 00:45:00,16.514,1.005,38.391,174.77,
2026-01-08 00:55:00,39.81,0.904,285.761,760.188,
2026-01-08 01:00:00,31.816,0.983,138.587,379.535,
2026-01-08 01:05:00,30.929,0.967,146.842,390.991,
2026-01-08 01:10:00,31.654,0.974,162.673,799.1,
2026-01-08 01:15:00,32.955,1.002,198.487,222.93,
2026-01-08 01:20:00,27.899,0.983,85.502,725.729,
2026-01-08 01:25:00,31.343,1.004,186.504,225.68,
2026-01-08 01:30:00,25.237,0.979,93.482,588.351,
2026-01-08 01:35:00,24.955,1.004,95.338,151.385,
2026-01-08 01:40:00,28.245,0.909,104.752,548.01,
2026-01-08 01:45:00,35.851,0.926,213.214,987.064,
2026-01-08 01:50:00,27.033,0.975,80.679,288.913,
2026-01-08 01:55:00,22.387,1.004,81.707,292.528,
2026-01-08 02:00:00,24.704,0.943,86.201,754.496,
2026-01-08 02:05:00,28.752,0.954,118.284,361.739,
2026-01-08 02:10:00,28.52,1.003,102.231,487.692,
2026-01-08 02:15:00,21.642,0.968,50.101,426.234,
2026-01-08 02:20:00,19.699,0.979,61.437,424.716,
2026-01-08 02:25:00,24.003,0.986,119.131,319.11,
2026-01-08 02:30:00,28.905,1.004,153.83,187.225,
2026-01-08 02:35:00,22.768,0.996,92.825,180.1,
2026-01-08 02:40:00,24.909,1.004,118.956,95.425,
2026-01-08 02:45:00,35.988,0.94,374.009,506.188,
2026-01-08 02:50:00,37.399,0.953,312.938,163.046,
2026-01-08 02:55:00,39.19,0.927,220.413,1328.597,
2026-01-08 03:00:00,28.093,0.983,135.734,599.356,
2026-01-08 03:05:00,30.462,0.999,162.326,212.515,
2026-01-08 03:10:00,32.734,0.931,119.189,1965.638,
2026-01-08 03:15:00,42.283,1.005,365.765,462.736,
2026-01-08 03:20:00,32.766,0.923,158.56,663.229,
2026-01-08 03:25:00,31.532,0.99,168.782,810.642,
2026-01-08 03:30:00,25.734,1.005,102.534,224.327,
2026-01-08 03:35:00,26.748,0.928,128.426,355.719,
2026-01-08 03:40:00,76.547,0.924,1544.108,2461.822,
2026-01-08 03:45:00,34.491,0.96,182.111,1758.106,
2026-01-08 03:50:00,33.951,1.003,137.457,1240.474,
2026-01-08 03:55:00,36.099,0.962,162.583,529.23,
2026-01-08 04:00:00,26.581,0.944,100.197,1012.288,
2026-01-08 04:05:00,27.074,0.982,86.998,675.329,
2026-01-08 04:10:00,27.645,0.955,110.148,1149.867,
2026-01-08 04:20:00,53.977,0.972,609.773,1292.811,
2026-01-08 04:25:00,38.662,0.997,298.475,378.35,
2026-01-08 04:30:00,39.235,1.003,359.018,209.369,
2026-01-08 04:35:00,42.162,1.002,470.123,193.082,
2026-01-08 04:40:00,38.876,1.006,352.128,196.641,
2026-01-08 04:45:00,44.002,0.931,429.184,353.485,
2026-01-08 04:50:00,40.23,0.997,280.957,459.69,
2026-01-08 04:55:00,26.844,1.004,116.616,192.286,
2026-01-08 05:00:00,26.046,1.003,142.265,132.418,
2026-01-08 05:05:00,22.028,1.005,76.968,363.669,
2026-01-08 05:10:00,22.66,0.975,82.356,87.225,
2026-01-08 05:15:00,26.248,0.964,104.673,367.068,
2026-01-08 05:20:00,21.188,1.003,63.683,427.936,
2026-01-08 05:25:00,26.705,0.92,105.231,571.353,
2026-01-08 05:30:00,30.323,0.99,115.554,1394.029,
2026-01-08 05:35:00,38.651,0.969,269.514,831.952,
2026-01-08 05:40:00,35.095,0.955,282.786,495.805,
2026-01-08 05:45:00,36.8,0.97,297.238,1440.941,
2026-01-08 05:50:00,33.063,0.94,227.954,1405.983,
2026-01-08 05:55:00,35.616,1.002,277.873,288.508,
2026-01-08 06:00:00,34.141,0.929,240.588,1171.156,
2026-01-08 06:05:00,28.771,1.005,159.563,166.956,
2026-01-08 06:10:00,34.595,0.935,189.282,1163.02,
2026-01-08 06:15:00,35.981,0.972,234.043,1056.805,
2026-01-08 06:20:00,31.037,0.971,204.571,488.961,
2026-01-08 06:25:00,25.003,0.984,119.95,257.43,
2026-01-08 06:30:00,22.074,0.976,90.198,300.978,
2026-01-08 22:50:00,33.036,0.928,136.211,214.36,
2026-01-08 22:55:00,36.77,0.973,205.488,819.94,
2026-01-08 23:00:00,35.444,0.925,203.055,143.247,
2026-01-08 23:05:00,24.863,1.005,125.123,176.216,
2026-01-08 23:10:00,24.973,0.986,153.546,391.183,
2026-01-08 23:15:00,21.835,1.0,100.759,190.808,
2026-01-08 23:20:00,23.378,1.006,98.43,244.885,
2026-01-08 23:25:00,23.758,0.942,92.38,197.664,
2026-01-08 23:30:00,31.439,1.004,175.266,240.531,
2026-01-08 23:35:00,31.628,1.005,195.733,180.847,
2026-01-08 23:40:00,30.616,1.002,149.661,199.215,
2026-01-08 23:45:00,30.799,0.896,102.782,1863.81,
2026-01-08 23:50:00,31.725,1.006,151.183,190.724,
2026-01-08 23:55:00,28.262,1.0,105.599,304.402,
2026-01-09 00:00:00,26.003,0.966,97.976,1194.255,
2026-01-09 00:05:00,25.72,0.99,135.257,1216.306,
2026-01-09 00:10:00,24.522,1.003,98.246,643.636,
2026-01-09 00:15:00,23.123,0.996,70.228,886.241,
2026-01-09 00:20:00,20.581,1.005,71.814,226.302,
2026-01-09 00:25:00,24.769,0.939,125.776,308.995,
2026-01-09 00:30:00,35.014,0.993,205.524,303.145,
2026-01-09 00:35:00,29.487,1.006,161.555,146.828,
2026-01-09 00:40:00,32.751,0.955,190.167,150.441,
2026-01-09 00:45:00,29.788,1.004,161.36,535.504,
2026-01-09 00:50:00,26.216,1.001,113.494,96.566,
2026-01-09 00:55:00,31.915,0.987,202.503,139.769,
2026-01-09 01:00:00,36.142,1.002,227.894,401.31,
2026-01-09 01:05:00,32.901,1.001,170.346,299.49,
2026-01-09 01:10:00,35.882,1.007,250.409,242.37,
2026-01-09 01:15:00,38.351,0.997,262.597,124.748,
2026-01-09 01:20:00,31.553,0.953,71.789,1862.481,
2026-01-09 01:25:00,36.698,1.005,232.462,625.632,
2026-01-09 01:30:00,39.116,0.99,313.898,318.297,
2026-01-09 01:35:00,38.268,0.958,307.163,243.917,
2026-01-09 01:45:00,28.3,0.924,102.262,349.553,
2026-01-09 01:50:00,38.961,0.982,220.302,1511.962,
2026-01-09 01:55:00,33.747,0.965,164.549,1313.397,
2026-01-09 02:00:00,37.283,0.958,208.033,508.425,
2026-01-09 02:05:00,42.77,0.938,308.717,1429.95,
2026-01-09 02:10:00,33.153,0.881,102.124,723.746,
2026-01-09 02:15:00,25.558,0.981,98.872,820.303,
2026-01-09 02:20:00,26.184,0.943,135.098,876.198,
2026-01-09 02:25:00,29.212,0.985,189.327,895.575,
2026-01-09 02:30:00,26.52,0.878,84.778,816.992,
2026-01-09 02:35:00,35.662,0.84,167.958,797.028,
2026-01-09 02:40:00,24.313,0.926,141.83,1119.891,
2026-01-09 02:45:00,54.252,0.99,510.441,203.083,
2026-01-09 02:50:00,46.383,0.902,306.752,274.599,
2026-01-09 02:55:00,35.776,0.991,233.65,286.195,
2026-01-09 03:00:00,32.283,0.998,247.117,270.103,
2026-01-09 03:05:00,29.479,0.988,164.311,278.126,
2026-01-09 03:10:00,32.213,0.934,127.695,916.89,
2026-01-09 03:15:00,26.187,0.931,101.433,1137.781,
2026-01-09 03:20:00,29.505,1.004,167.018,846.954,
2026-01-09 03:25:00,32.22,0.988,202.802,919.198,
2026-01-09 03:30:00,33.211,0.968,144.748,406.395,
2026-01-09 03:35:00,32.675,1.004,198.687,216.802,
2026-01-09 03:40:00,33.944,1.001,214.413,189.606,
2026-01-09 03:45:00,33.848,0.946,217.048,446.639,
2026-01-09 03:50:00,33.879,0.996,232.422,594.93,
2026-01-09 03:55:00,33.939,0.966,244.521,219.502,
2026-01-09 04:00:00,29.964,0.944,157.556,1295.577,
2026-01-09 04:05:00,36.968,0.956,220.693,753.311,
2026-01-09 04:10:00,34.341,0.959,190.273,450.299,
2026-01-09 04:15:00,40.686,0.912,193.599,2505.291,
2026-01-09 04:25:00,26.5,0.742,52.974,1223.336,
2026-01-09 04:35:00,28.981,0.978,114.259,1593.505,
2026-01-09 04:40:00,28.979,1.001,151.286,1505.609,
2026-01-09 04:45:00,34.922,0.984,259.126,391.023,
2026-01-09 04:50:00,29.66,1.003,198.748,392.438,
2026-01-09 04:55:00,34.698,0.968,381.479,632.941,
2026-01-09 05:00:00,27.812,0.904,113.036,506.847,
2026-01-09 05:05:00,17.662,0.973,57.465,135.986,
2026-01-09 05:10:00,23.422,0.976,96.09,435.473,
2026-01-09 05:15:00,21.222,1.001,120.603,256.673,
2026-01-09 05:20:00,28.214,1.001,180.919,1035.232,
2026-01-09 05:25:00,34.15,0.979,178.755,730.816,
2026-01-09 05:30:00,34.087,0.956,220.214,952.147,
2026-01-09 05:35:00,34.866,0.996,262.221,251.264,
2026-01-09 05:40:00,33.745,0.974,220.022,1227.755,
2026-01-09 05:45:00,38.494,1.004,372.958,260.463,
2026-01-09 05:50:00,38.129,0.931,236.727,1286.839,
2026-01-09 05:55:00,30.68,0.987,288.973,898.458,
2026-01-09 06:00:00,33.388,0.995,249.889,2179.371,
2026-01-09 06:05:00,29.744,1.0,175.286,398.583,
2026-01-09 06:10:00,28.171,0.927,175.251,818.841,
2026-01-09 22:05:00,34.106,0.872,113.256,1881.071,
2026-01-09 22:10:00,23.004,0.991,70.646,1341.101,
2026-01-09 22:15:00,30.38,0.929,130.828,198.884,
2026-01-09 22:20:00,33.482,0.987,214.006,1003.063,
2026-01-09 22:25:00,32.315,1.004,175.381,287.463,
2026-01-09 22:30:00,32.176,1.002,166.688,164.532,
2026-01-09 22:35:00,31.077,1.001,167.362,213.289,
2026-01-09 22:40:00,29.777,1.006,157.451,171.267,
2026-01-09 22:45:00,30.219,1.002,174.775,185.413,
2026-01-09 22:50:00,27.109,1.006,134.558,106.04,
2026-01-09 22:55:00,29.288,0.815,54.148,533.097,
2026-01-09 23:00:00,33.663,0.865,206.355,1766.022,
2026-01-09 23:05:00,22.043,1.002,102.592,401.965,
2026-01-09 23:10:00,20.516,1.003,75.492,164.936,
2026-01-09 23:15:00,21.105,1.004,82.439,454.017,
2026-01-09 23:20:00,22.267,0.941,44.875,616.008,
2026-01-09 23:25:00,41.202,1.002,193.772,242.069,
2026-01-09 23:30:00,19.511,0.981,59.592,751.921,
2026-01-09 23:35:00,14.057,1.0,33.437,364.31,
2026-01-09 23:40:00,19.698,0.973,64.626,481.037,
2026-01-09 23:45:00,23.037,1.001,79.361,460.173,
2026-01-09 23:50:00,14.076,0.979,23.968,244.709,
2026-01-09 23:55:00,19.847,0.919,62.953,512.29,
2026-01-10 00:00:00,24.098,0.992,115.4,142.365,
2026-01-10 00:05:00,27.249,1.006,137.16,208.63,
2026-01-10 00:10:00,37.211,0.928,161.047,461.108,
2026-01-10 00:15:00,31.979,1.002,177.791,323.978,
2026-01-10 00:20:00,34.186,0.996,199.279,168.945,
2026-01-10 00:25:00,33.618,1.007,212.289,177.259,
2026-01-10 00:30:00,34.194,0.978,167.239,426.804,
2026-01-10 00:35:00,35.669,1.0,237.745,253.997,
2026-01-10 00:40:00,38.101,1.003,230.617,469.665,
2026-01-10 00:45:00,41.084,0.886,206.584,1837.457,
2026-01-10 00:50:00,36.502,1.002,229.12,364.91,
2026-01-10 00:55:00,31.024,1.003,210.013,238.064,
2026-01-10 01:00:00,34.382,1.003,235.096,184.271,
2026-01-10 01:05:00,48.263,0.94,311.083,1771.183,
2026-01-10 01:10:00,34.9,1.005,243.994,146.385,
2026-01-10 01:15:00,34.158,1.0,202.599,193.065,
2026-01-10 01:20:00,47.632,0.951,1083.165,3092.197,
2026-01-10 01:25:00,35.311,1.006,228.105,678.319,
2026-01-10 01:30:00,27.624,1.005,96.98,282.119,
2026-01-10 01:35:00,46.078,0.972,288.095,1999.27,
2026-01-10 01:40:00,43.241,0.899,205.662,1625.79,
2026-01-10 01:45:00,46.469,0.814,232.629,681.347,
2026-01-10 01:50:00,42.363,0.984,304.869,1283.15,
2026-01-10 01:55:00,35.498,1.006,274.693,646.449,
2026-01-10 02:00:00,35.0,0.91,188.66,787.32,
2026-01-10 02:05:00,32.012,1.008,175.843,265.972,
2026-01-10 02:10:00,25.971,1.001,127.18,325.059,
2026-01-10 02:15:00,26.79,1.005,118.447,189.383,
2026-01-10 02:20:00,35.016,0.899,268.214,2426.87,
2026-01-10 02:25:00,31.763,0.948,125.623,1502.451,
2026-01-10 02:30:00,28.168,0.914,178.768,310.636,
2026-01-10 02:35:00,33.213,0.773,253.234,418.992,
2026-01-10 02:45:00,51.707,1.004,605.167,119.876,
2026-01-10 02:50:00,45.868,0.995,423.902,234.38,
2026-01-10 02:55:00,31.153,0.948,156.061,210.711,
2026-01-10 03:05:00,28.327,0.966,99.432,615.012,
2026-01-10 03:10:00,31.563,0.972,166.549,602.814,
2026-01-10 03:15:00,31.326,0.938,176.467,670.868,
2026-01-10 03:20:00,35.414,0.921,205.508,821.617,
2026-01-10 03:25:00,34.454,0.962,195.324,400.886,
2026-01-10 03:30:00,31.473,0.937,128.613,1628.908,
2026-01-10 03:35:00,26.158,1.001,61.556,634.3,
2026-01-10 03:40:00,26.155,1.005,150.138,1005.657,
2026-01-10 03:45:00,29.861,0.931,110.893,1353.02,
2026-01-10 03:50:00,32.449,0.923,158.276,1170.73,
2026-01-10 03:55:00,39.26,0.796,464.394,1181.468,
2026-01-10 04:00:00,41.704,0.954,276.669,1325.808,
2026-01-10 04:05:00,36.109,0.979,258.596,1383.627,
2026-01-10 04:10:00,34.71,1.004,196.547,469.391,
2026-01-10 04:20:00,48.634,0.955,489.192,2677.934,
2026-01-10 04:25:00,47.915,1.005,380.535,688.881,
2026-01-10 04:30:00,45.103,1.004,351.826,341.881,
2026-01-10 04:35:00,39.61,1.003,291.046,277.753,
2026-01-10 04:40:00,27.855,1.003,112.122,592.369,
2026-01-10 04:45:00,31.55,1.005,180.527,209.807,
2026-01-10 04:50:00,30.345,0.979,154.137,502.342,
2026-01-10 04:55:00,37.857,0.946,169.551,1960.072,
2026-01-10 05:00:00,35.346,0.936,207.977,1296.726,
2026-01-10 05:05:00,32.45,0.955,142.241,1470.04,
2026-01-10 05:10:00,24.812,0.926,102.814,551.724,
2026-01-10 05:15:00,30.496,0.95,181.451,647.119,
2026-01-10 05:20:00,43.067,0.958,286.783,2065.167,
2026-01-10 05:25:00,37.624,0.889,309.185,1227.443,
2026-01-10 05:30:00,47.821,0.934,220.596,2694.537,
2026-01-10 05:35:00,37.644,0.853,273.241,2116.047,
2026-01-10 22:10:00,31.041,0.836,89.784,157.54,
2026-01-10 22:15:00,25.182,0.774,101.688,171.018,
2026-01-10 22:20:00,25.827,1.004,98.727,167.731,
2026-01-10 22:25:00,30.688,0.967,157.976,171.243,
2026-01-10 22:30:00,31.306,0.869,213.847,769.796,
2026-01-10 22:35:00,40.324,1.004,259.808,229.226,
2026-01-10 22:40:00,38.705,0.969,315.805,439.362,
2026-01-10 22:45:00,33.964,1.004,209.613,618.344,
2026-01-10 22:50:00,31.161,1.004,156.361,415.948,
2026-01-10 22:55:00,31.058,0.97,757.286,2225.547,
2026-01-10 23:00:00,30.871,1.002,161.493,162.203,
2026-01-10 23:05:00,32.46,1.004,172.933,140.366,
2026-01-10 23:10:00,36.467,0.989,209.222,485.888,
2026-01-10 23:15:00,33.451,1.0,160.699,339.227,
2026-01-10 23:20:00,32.523,0.992,211.601,512.64,
2026-01-10 23:25:00,31.612,1.002,169.169,220.118,
2026-01-10 23:30:00,31.2,1.004,182.507,222.836,
2026-01-10 23:35:00,31.286,0.938,173.846,303.279,
2026-01-10 23:40:00,31.939,0.954,129.33,568.902,
2026-01-10 23:45:00,36.376,0.998,166.334,469.622,
2026-01-10 23:50:00,35.462,1.005,206.454,1251.575,
2026-01-10 23:55:00,35.613,0.96,165.023,2188.96,
2026-01-11 00:00:00,30.031,1.0,92.696,523.997,
2026-01-11 00:05:00,30.07,0.999,163.234,578.291,
2026-01-11 00:10:00,34.605,1.005,197.505,548.549,
2026-01-11 00:15:00,30.985,0.993,157.362,224.641,
2026-01-11 00:20:00,34.373,0.992,180.849,433.492,
2026-01-11 00:25:00,37.395,1.003,257.208,296.184,
2026-01-11 00:30:00,34.981,1.002,163.563,247.408,
2026-01-11 00:35:00,34.757,0.999,166.431,223.675,
2026-01-11 00:40:00,38.958,1.002,234.919,645.085,
2026-01-11 00:55:00,29.171,1.004,157.884,160.085,
2026-01-11 01:00:00,23.416,1.002,92.582,182.019,
2026-01-11 01:05:00,25.473,0.997,132.241,98.396,
2026-01-11 01:10:00,28.936,0.953,183.76,1053.81,
2026-01-11 01:15:00,31.673,0.958,156.235,331.021,
2026-01-11 01:20:00,40.948,0.977,277.116,594.098,
2026-01-11 01:25:00,33.495,0.987,210.206,411.446,
2026-01-11 01:30:00,44.707,0.929,300.017,850.531,
2026-01-11 01:40:00,39.197,0.96,227.357,591.535,
2026-01-11 01:45:00,31.647,0.873,100.414,394.286,
2026-01-11 01:50:00,30.053,0.97,155.053,675.455,
2026-01-11 01:55:00,26.228,1.005,116.261,298.434,
2026-01-11 02:00:00,22.369,0.964,57.902,630.073,
2026-01-11 02:05:00,30.345,0.969,156.493,992.473,
2026-01-11 02:10:00,26.92,0.812,77.463,1342.26,
2026-01-11 02:15:00,38.39,1.002,222.381,405.097,
2026-01-11 02:20:00,40.592,1.0,292.672,696.93,
2026-01-11 02:25:00,46.538,1.007,381.46,342.727,
2026-01-11 02:30:00,45.246,0.998,338.977,266.375,
2026-01-11 02:35:00,33.016,0.882,148.389,338.041,
2026-01-11 02:40:00,30.354,1.005,146.281,186.494,
2026-01-11 02:45:00,28.827,0.941,103.123,473.547,
2026-01-11 02:50:00,35.517,0.989,224.407,332.996,
2026-01-11 02:55:00,34.289,0.93,220.291,1777.19,
2026-01-11 03:00:00,32.012,0.968,162.053,729.01,
2026-01-11 03:05:00,28.497,1.0,136.012,357.213,
2026-01-11 03:10:00,30.135,0.99,117.792,304.562,
2026-01-11 03:15:00,27.878,0.959,101.899,1354.617,
2026-01-11 03:20:00,23.249,0.965,50.934,471.078,
2026-01-11 03:25:00,19.565,0.96,38.918,478.082,
2026-01-11 03:30:00,67.02,0.921,602.324,1273.635,
2026-01-11 03:35:00,41.875,0.798,195.332,1793.537,
2026-01-11 03:40:00,31.264,1.004,109.852,483.914,
2026-01-11 03:45:00,24.058,0.98,72.699,316.139,
2026-01-11 03:50:00,25.52,0.984,101.488,1800.054,
2026-01-11 03:55:00,32.676,0.945,170.059,2091.905,
2026-01-11 04:00:00,31.119,0.991,214.379,589.202,
2026-01-11 04:05:00,26.789,0.953,93.745,523.368,
2026-01-11 04:10:00,30.868,0.985,150.262,500.745,
2026-01-11 04:15:00,29.732,0.922,92.661,884.229,
2026-01-11 04:25:00,60.444,0.989,704.491,1801.723,
2026-01-11 04:30:00,47.7,0.999,324.844,361.474,
2026-01-11 04:35:00,46.154,0.985,385.909,615.966,
2026-01-11 04:40:00,44.94,1.008,348.637,137.792,
2026-01-11 04:45:00,42.735,1.003,261.662,275.984,
2026-01-11 04:50:00,42.595,0.997,336.295,393.13,
2026-01-11 04:55:00,43.245,0.989,272.857,340.021,
2026-01-11 05:00:00,47.193,0.973,449.138,612.727,
2026-01-11 05:05:00,50.746,1.005,435.717,368.208,
2026-01-11 05:10:00,46.281,0.942,313.097,2108.824,
2026-01-11 05:15:00,43.001,0.974,248.691,3640.207,
2026-01-11 05:20:00,47.004,0.748,273.051,1878.611,
2026-01-11 21:15:00,26.517,0.734,37.617,1599.377,
2026-01-11 21:20:00,29.831,0.929,98.059,1424.789,
2026-01-11 21:25:00,41.957,0.923,221.249,252.727,
2026-01-11 21:30:00,44.911,0.908,315.637,505.096,
2026-01-11 21:35:00,36.298,0.979,178.324,541.727,
2026-01-11 21:40:00,35.91,0.93,165.659,188.854,
2026-01-11 21:45:00,31.491,1.006,165.67,150.906,
2026-01-11 21:50:00,36.209,1.002,222.701,229.336,
2026-01-11 21:55:00,30.895,1.0,165.09,319.961,
2026-01-11 22:00:00,28.628,1.006,136.628,263.681,
2026-01-11 22:05:00,29.78,0.997,144.078,255.259,
2026-01-11 22:10:00,30.705,1.004,158.5,358.851,
2026-01-11 22:15:00,30.41,1.005,146.701,238.021,
2026-01-11 22:20:00,30.402,0.87,114.99,537.402,
2026-01-11 22:25:00,31.087,0.986,142.212,484.56,
2026-01-11 22:30:00,39.028,0.969,153.352,1588.136,
2026-01-11 22:35:00,38.759,0.949,198.067,2229.806,
2026-01-11 22:40:00,35.116,0.986,182.799,303.32,
2026-01-11 22:45:00,32.983,1.004,134.026,407.766,
2026-01-11 22:50:00,36.999,0.941,179.354,1820.846,
2026-01-11 22:55:00,35.805,1.0,194.962,188.124,
2026-01-11 23:00:00,36.636,0.967,184.615,459.666,
2026-01-11 23:05:00,43.521,0.996,239.723,446.19,
2026-01-11 23:10:00,45.009,0.995,291.233,1028.909,
2026-01-11 23:15:00,36.633,0.987,119.714,820.349,
2026-01-11 23:20:00,33.564,1.007,142.902,607.294,
2026-01-11 23:25:00,31.841,0.859,107.488,1825.443,
2026-01-11 23:30:00,26.572,1.007,105.141,359.095,
2026-01-11 23:35:00,28.617,0.946,74.741,500.494,
2026-01-11 23:40:00,28.589,1.003,131.482,144.827,
2026-01-11 23:50:00,48.852,1.002,347.99,389.175,
2026-01-11 23:55:00,29.75,1.003,162.323,261.6,
2026-01-12 00:00:00,27.458,0.98,134.045,195.85,
2026-01-12 00:05:00,25.17,1.002,106.094,189.961,
2026-01-12 00:10:00,35.432,0.952,185.59,718.642,
2026-01-12 00:15:00,41.219,0.961,242.932,239.718,
2026-01-12 00:20:00,44.657,0.975,355.697,544.703,
2026-01-12 00:25:00,48.701,0.983,357.078,297.411,
2026-01-12 00:30:00,46.126,0.997,361.836,159.257,
2026-01-12 00:35:00,49.36,0.941,340.46,544.552,
2026-01-12 00:40:00,42.02,0.974,257.373,254.86,
2026-01-12 01:00:00,30.11,0.982,121.892,429.639,
2026-01-12 01:05:00,34.966,0.949,165.852,1150.35,
2026-01-12 01:10:00,37.051,0.939,171.128,620.975,
2026-01-12 01:15:00,35.527,0.987,127.117,447.768,
2026-01-12 01:20:00,35.56,0.991,179.153,660.252,
2026-01-12 01:25:00,39.05,1.0,160.13,195.533,
2026-01-12 01:30:00,29.135,0.94,115.292,643.82,
2026-01-12 01:35:00,47.285,0.902,295.281,219.463,
2026-01-12 01:40:00,36.181,0.985,258.058,356.261,
2026-01-12 01:45:00,28.968,0.972,147.967,171.117,
2026-01-12 01:50:00,36.648,0.93,180.571,460.712,
2026-01-12 01:55:00,32.145,1.001,188.623,177.938,
2026-01-12 02:00:00,28.151,1.006,122.712,211.329,
2026-01-12 02:05:00,31.602,1.0,201.142,999.874,
2026-01-12 02:10:00,31.124,0.988,176.718,268.702,
2026-01-12 02:15:00,30.851,0.986,119.477,534.36,
2026-01-12 02:20:00,36.047,0.946,190.116,953.007,
2026-01-12 02:25:00,28.055,0.983,107.042,274.661,
2026-01-12 02:30:00,31.875,0.971,134.524,387.514,
2026-01-12 02:35:00,29.346,0.974,133.772,885.266,
2026-01-12 02:40:00,30.635,0.927,97.031,409.233,
2026-01-12 02:45:00,28.093,0.968,102.113,683.976,
2026-01-12 02:50:00,33.495,0.965,121.652,1038.556,
2026-01-12 02:55:00,28.242,0.911,132.177,203.346,
2026-01-12 03:00:00,43.028,0.955,357.448,608.618,
2026-01-12 03:05:00,43.068,1.003,257.805,791.789,
2026-01-12 03:10:00,41.748,0.953,201.627,980.197,
2026-01-12 03:15:00,47.536,1.005,294.673,1294.662,
2026-01-12 03:20:00,20.139,0.999,35.782,589.282,
2026-01-12 03:25:00,55.98,0.935,293.974,2308.901,
2026-01-12 03:30:00,43.828,0.987,185.311,1018.523,
2026-01-12 03:35:00,49.276,0.973,157.294,363.95,
2026-01-12 03:40:00,49.947,0.939,296.106,2652.708,
2026-01-12 03:50:00,65.43,0.999,684.899,1445.665,
2026-01-12 03:55:00,55.496,0.969,410.219,3679.347,
2026-01-12 04:00:00,66.584,0.992,775.365,1032.858,
2026-01-12 04:05:00,53.944,1.003,385.726,390.515,
2026-01-12 04:10:00,54.494,1.005,457.707,314.77,
2026-01-12 04:15:00,52.879,1.001,483.465,357.101,
2026-01-12 04:20:00,54.472,1.002,429.536,551.119,
2026-01-12 04:25:00,55.471,0.989,442.801,296.46,
2026-01-12 04:30:00,54.98,0.979,431.783,685.712,
2026-01-12 04:35:00,54.221,0.991,385.069,3124.386,
2026-01-12 04:40:00,43.374,0.969,245.458,671.828,
2026-01-12 04:45:00,44.815,0.962,321.367,2333.501,
2026-01-12 04:50:00,49.326,0.901,192.879,1028.584,
2026-01-12 22:15:00,22.745,0.862,56.672,608.721,
2026-01-12 22:20:00,24.19,0.986,76.478,451.622,
2026-01-12 22:25:00,36.223,0.925,212.983,236.669,
2026-01-12 22:30:00,34.897,0.977,233.211,224.534,
2026-01-12 22:35:00,25.482,0.932,130.025,195.944,
2026-01-12 22:40:00,24.885,0.932,102.504,126.647,
2026-01-12 22:45:00,25.736,0.983,120.949,245.822,
2026-01-12 22:50:00,24.141,1.004,103.153,121.56,
2026-01-12 22:55:00,24.385,1.007,110.833,188.412,
2026-01-12 23:00:00,26.474,0.945,200.57,1303.02,
2026-01-12 23:05:00,20.936,1.006,77.599,143.669,
2026-01-12 23:10:00,17.59,1.001,61.116,88.899,
2026-01-12 23:15:00,17.401,0.989,52.564,181.984,
2026-01-12 23:20:00,16.826,1.003,41.302,111.964,
2026-01-12 23:25:00,19.658,0.972,67.512,520.542,
2026-01-12 23:30:00,21.042,0.98,58.613,661.084,
2026-01-12 23:35:00,20.602,0.989,53.476,519.37,
2026-01-12 23:40:00,24.539,1.003,92.243,650.536,
2026-01-12 23:45:00,24.023,0.957,67.893,517.23,
2026-01-12 23:50:00,18.898,0.981,56.235,421.186,
2026-01-12 23:55:00,14.933,0.974,30.158,237.848,
2026-01-13 00:00:00,19.224,0.93,31.484,420.89,
2026-01-13 00:05:00,15.088,1.004,29.577,473.06,
2026-01-13 00:10:00,19.754,0.937,50.676,258.249,
2026-01-13 00:15:00,21.331,0.986,75.987,358.736,
2026-01-13 00:20:00,20.718,1.002,80.348,97.368,
2026-01-13 00:25:00,25.565,0.881,73.103,488.654,
2026-01-13 00:30:00,20.601,0.998,64.683,127.788,
2026-01-13 00:35:00,23.901,1.006,92.573,156.049,
2026-01-13 00:40:00,24.34,1.001,99.365,118.938,
2026-01-13 00:45:00,26.674,1.001,117.448,189.892,
2026-01-13 00:50:00,29.08,1.005,127.372,192.148,
2026-01-13 00:55:00,28.393,1.002,161.055,227.163,
2026-01-13 01:00:00,27.647,1.0,138.08,137.039,
2026-01-13 01:05:00,27.724,0.952,108.943,1664.616,
2026-01-13 01:10:00,29.961,0.976,189.82,1113.234,
2026-01-13 01:15:00,30.332,0.986,126.741,749.49,
2026-01-13 01:20:00,35.517,1.003,179.568,656.716,
2026-01-13 01:40:00,28.926,0.864,93.585,540.303,
2026-01-13 01:45:00,24.963,0.933,102.002,638.59,
2026-01-13 01:50:00,21.267,1.004,94.041,193.585,
2026-01-13 01:55:00,22.817,0.983,95.727,870.025,
2026-01-13 02:00:00,20.114,1.003,78.437,103.025,
2026-01-13 02:05:00,20.362,1.003,55.029,96.814,
2026-01-13 02:10:00,23.702,0.915,76.002,1126.293,
2026-01-13 02:15:00,26.804,0.998,109.932,206.394,
2026-01-13 02:20:00,27.709,0.931,99.164,1159.621,
2026-01-13 02:25:00,25.317,1.004,119.974,162.316,
2026-01-13 02:30:00,27.064,0.962,105.251,144.951,
2026-01-13 02:35:00,23.3,0.968,63.258,796.457,
2026-01-13 02:40:00,22.521,0.959,96.239,335.533,
2026-01-13 02:45:00,25.635,0.974,118.537,206.528,
2026-01-13 02:50:00,25.51,0.945,133.838,210.595,
2026-01-13 02:55:00,26.534,0.925,127.358,1608.157,
2026-01-13 03:00:00,29.117,0.934,118.849,876.743,
2026-01-13 03:05:00,29.404,0.937,166.527,1033.829,
2026-01-13 03:10:00,29.911,0.996,131.106,671.95,
2026-01-13 03:15:00,28.833,0.982,180.543,586.707,
2026-01-13 03:20:00,20.368,0.975,70.89,510.521,
2026-01-13 03:25:00,30.854,0.961,178.685,526.976,
2026-01-13 03:30:00,23.622,0.929,90.637,650.126,
2026-01-13 03:35:00,16.765,0.973,35.752,423.795,
2026-01-13 03:40:00,19.307,0.97,83.558,683.662,
2026-01-13 03:50:00,27.53,0.985,141.411,377.355,
2026-01-13 03:55:00,24.299,0.997,82.564,145.8,
2026-01-13 04:00:00,23.601,0.924,97.826,579.67,
2026-01-13 04:05:00,26.317,1.005,127.556,262.721,
2026-01-13 04:10:00,26.127,1.002,126.867,154.41,
2026-01-13 04:15:00,21.753,0.996,70.357,216.015,
2026-01-13 04:20:00,28.622,0.978,96.784,434.944,
2026-01-13 04:25:00,30.205,0.959,170.875,263.758,
2026-01-13 04:30:00,28.184,0.989,138.701,393.458,
2026-01-13 04:35:00,26.111,0.954,103.301,756.158,
2026-01-13 04:40:00,26.689,0.957,93.272,775.312,
2026-01-13 04:45:00,20.682,0.964,57.666,377.866,
2026-01-13 04:50:00,29.353,0.997,67.056,270.478,
2026-01-13 04:55:00,20.288,0.945,54.526,352.955,
2026-01-13 05:00:00,27.397,1.0,118.832,457.724,
2026-01-13 05:05:00,31.71,0.929,150.323,405.75,
2026-01-13 05:10:00,49.014,0.959,348.924,1007.665,
2026-01-13 05:15:00,32.466,1.005,143.209,1436.829,
2026-01-13 05:20:00,37.263,0.94,180.465,958.569,
2026-01-13 05:25:00,41.421,0.961,245.27,2427.189,
2026-01-13 05:30:00,35.855,0.994,193.386,583.973,
2026-01-13 05:35:00,37.246,1.003,215.922,555.723,
2026-01-13 05:40:00,40.195,0.944,222.747,1614.877,
2026-01-13 05:45:00,44.454,0.783,365.818,360.554,
2026-01-13 22:35:00,24.21,1.005,59.928,1999.567,
2026-01-13 22:40:00,27.089,0.935,128.754,974.231,
2026-01-13 22:45:00,32.173,1.006,177.926,169.088,
2026-01-13 22:50:00,31.615,1.004,207.377,203.833,
2026-01-13 22:55:00,27.611,0.997,139.813,127.766,
2026-01-13 23:00:00,26.794,1.001,147.922,143.657,
2026-01-13 23:05:00,26.787,1.005,139.75,193.116,
2026-01-13 23:10:00,26.641,1.002,135.779,93.172,
2026-01-13 23:15:00,25.974,1.005,170.063,190.55,
2026-01-13 23:20:00,26.419,1.002,119.506,219.352,
2026-01-13 23:25:00,23.261,0.944,90.814,191.707,
2026-01-13 23:30:00,29.28,0.996,121.66,1004.866,
2026-01-13 23:35:00,27.719,1.003,124.203,556.963,
2026-01-13 23:40:00,27.94,0.96,143.991,784.729,
2026-01-13 23:45:00,25.695,0.986,101.461,950.295,
2026-01-13 23:50:00,25.135,0.986,96.375,355.633,
2026-01-13 23:55:00,19.223,0.991,55.892,561.809,
2026-01-14 00:00:00,22.904,1.003,110.534,176.564,
2026-01-14 00:05:00,25.981,1.003,128.049,122.088,
2026-01-14 00:10:00,29.326,0.871,102.922,970.165,
2026-01-14 00:15:00,27.937,0.996,149.024,432.085,
2026-01-14 00:20:00,30.568,0.997,143.068,119.315,
2026-01-14 00:25:00,30.885,1.004,191.893,170.179,
2026-01-14 00:30:00,34.779,1.002,233.72,208.99,
2026-01-14 00:35:00,31.536,1.005,189.345,151.437,
2026-01-14 00:40:00,29.857,0.947,140.258,591.957,
2026-01-14 00:45:00,28.631,0.993,126.219,1276.185,
2026-01-14 00:50:00,26.843,0.997,105.282,179.822,
2026-01-14 00:55:00,29.669,0.774,101.554,434.046,
2026-01-14 01:00:00,33.875,0.93,165.862,300.896,
2026-01-14 01:05:00,37.059,0.992,246.131,1133.57,
2026-01-14 01:10:00,30.929,0.943,91.44,245.476,
2026-01-14 01:15:00,23.79,1.005,86.538,301.406,
2026-01-14 01:20:00,26.719,1.005,80.124,194.645,
2026-01-14 01:25:00,27.24,0.904,121.875,242.167,
2026-01-14 01:30:00,28.584,1.003,279.074,178.456,
2026-01-14 01:35:00,29.868,1.004,190.956,2361.775,
2026-01-14 01:40:00,20.545,1.004,85.415,716.924,
2026-01-14 01:45:00,20.215,0.985,79.839,497.717,
2026-01-14 01:50:00,16.736,0.977,40.678,637.758,
2026-01-14 01:55:00,15.307,1.0,37.013,214.032,
2026-01-14 02:00:00,22.799,0.931,66.603,330.961,
2026-01-14 02:05:00,19.283,1.005,55.384,120.15,
2026-01-14 02:10:00,24.073,1.004,119.707,172.916,
2026-01-14 02:15:00,24.53,1.004,79.1,153.336,
2026-01-14 02:20:00,21.437,1.001,86.083,153.703,
2026-01-14 02:25:00,24.235,1.003,106.205,203.204,
2026-01-14 02:30:00,27.722,0.998,181.933,170.16,
2026-01-14 02:35:00,28.843,1.004,164.52,286.022,
2026-01-14 02:40:00,32.416,0.934,147.827,244.19,
2026-01-14 02:45:00,31.037,1.004,168.121,130.078,
2026-01-14 02:50:00,37.966,1.006,228.01,381.339,
2026-01-14 02:55:00,33.604,1.001,204.806,352.828,
2026-01-14 03:00:00,33.431,0.998,202.276,176.17,
2026-01-14 03:05:00,31.587,1.003,200.54,320.834,
2026-01-14 03:10:00,32.344,1.005,185.061,171.897,
2026-01-14 03:15:00,24.996,0.94,52.898,3542.997,
2026-01-14 03:20:00,29.804,0.775,344.54,2459.711,
2026-01-14 03:25:00,25.685,0.993,111.331,302.708,
2026-01-14 03:30:00,20.2,0.999,65.282,154.362,
2026-01-14 03:35:00,25.38,0.915,84.513,1520.809,
2026-01-14 03:40:00,31.198,0.981,110.033,1099.861,
2026-01-14 03:45:00,31.31,0.944,138.616,689.37,
2026-01-14 03:50:00,34.332,0.989,165.325,904.381,
2026-01-14 03:55:00,28.282,1.004,161.784,136.173,
2026-01-14 04:00:00,33.736,0.968,190.517,155.971,
2026-01-14 04:05:00,28.8,1.004,126.743,449.92,
2026-01-14 04:10:00,27.348,1.004,101.817,742.111,
2026-01-14 04:15:00,35.93,0.935,154.676,290.134,
2026-01-14 04:20:00,37.469,1.007,211.265,169.977,
2026-01-14 04:25:00,39.198,0.945,239.456,1539.405,
2026-01-14 04:30:00,32.154,0.935,608.506,3981.682,
2026-01-14 04:35:00,30.324,0.996,153.575,236.509,
2026-01-14 04:40:00,31.829,0.988,159.392,2662.132,
2026-01-14 04:45:00,40.902,0.936,233.108,4058.166,
2026-01-14 04:50:00,31.335,0.993,143.632,794.527,
2026-01-14 04:55:00,46.453,0.927,304.184,936.539,
2026-01-14 05:10:00,37.539,0.963,207.573,403.564,
2026-01-14 05:15:00,40.351,0.969,275.153,1389.358,
2026-01-14 05:20:00,27.655,0.924,122.388,1283.387,
2026-01-14 21:40:00,26.931,1.001,135.73,614.439,
2026-01-14 21:45:00,31.417,0.967,147.735,1287.234,
2026-01-14 21:50:00,38.673,0.914,275.547,935.712,
2026-01-14 21:55:00,38.598,0.997,267.925,259.148,
2026-01-14 22:00:00,36.479,1.004,231.88,223.107,
2026-01-14 22:05:00,42.021,1.005,310.169,286.951,
2026-01-14 22:10:00,42.6,0.998,329.197,440.493,
2026-01-14 22:15:00,42.361,1.008,282.339,246.953,
2026-01-14 22:20:00,40.789,0.994,278.214,227.601,
2026-01-14 22:25:00,41.223,0.952,321.459,2849.472,
2026-01-14 22:30:00,37.194,1.001,243.287,274.948,
2026-01-14 22:35:00,39.826,1.005,277.008,422.912,
2026-01-14 22:40:00,36.538,1.005,269.91,280.673,
2026-01-14 22:45:00,37.016,1.004,230.824,252.627,
2026-01-14 22:50:00,38.06,1.002,269.095,283.304,
2026-01-14 22:55:00,38.334,1.007,244.052,432.625,
2026-01-14 23:00:00,36.283,1.003,209.556,359.983,
2026-01-14 23:05:00,34.269,1.003,251.511,359.523,
2026-01-14 23:10:00,40.929,0.947,307.857,490.379,
2026-01-14 23:15:00,41.346,0.976,152.356,1368.663,
2026-01-14 23:20:00,34.443,0.987,148.251,538.577,
2026-01-14 23:25:00,32.805,1.006,197.054,581.98,
2026-01-14 23:30:00,31.887,0.953,161.118,364.643,
2026-01-14 23:35:00,29.666,0.943,96.576,529.079,
2026-01-14 23:40:00,22.801,0.992,65.599,233.863,
2026-01-14 23:45:00,24.767,0.943,115.074,501.765,
2026-01-15 00:00:00,38.298,0.877,179.909,261.752,
2026-01-15 00:05:00,24.459,0.934,79.19,271.275,
2026-01-15 00:10:00,32.023,0.91,121.23,222.77,
2026-01-15 00:15:00,40.768,0.963,236.353,165.783,
2026-01-15 00:20:00,39.873,1.003,277.572,182.194,
2026-01-15 00:40:00,36.744,1.004,207.948,220.499,
2026-01-15 00:45:00,42.944,1.001,236.068,366.01,
2026-01-15 00:50:00,37.624,1.006,209.364,302.044,
2026-01-15 00:55:00,44.831,1.005,310.088,307.628,
2026-01-15 01:00:00,43.672,0.916,262.391,641.003,
2026-01-15 01:05:00,50.899,0.99,402.02,965.901,
2026-01-15 01:10:00,55.017,0.956,371.633,1100.748,
2026-01-15 01:15:00,41.443,1.006,237.263,604.224,
2026-01-15 01:20:00,39.735,0.974,224.212,781.786,
2026-01-15 01:25:00,40.619,1.005,142.259,516.337,
2026-01-15 01:30:00,44.204,0.987,243.054,1952.684,
2026-01-15 01:35:00,45.481,0.965,278.862,1395.586,
2026-01-15 01:40:00,49.526,0.964,288.636,2772.951,
2026-01-15 01:45:00,51.636,0.963,351.382,704.79,
2026-01-15 01:50:00,43.918,0.99,283.415,936.633,
2026-01-15 01:55:00,32.528,0.919,118.485,1521.586,
2026-01-15 02:00:00,31.559,1.004,162.89,152.821,
2026-01-15 02:05:00,31.18,1.0,188.487,149.141,
2026-01-15 02:10:00,30.088,1.001,159.224,153.908,
2026-01-15 02:15:00,27.273,1.004,126.115,221.474,
2026-01-15 02:20:00,34.126,1.007,189.134,253.771,
2026-01-15 02:25:00,35.343,0.999,243.517,231.048,
2026-01-15 02:30:00,31.739,1.005,147.5,249.122,
2026-01-15 02:45:00,47.58,0.972,275.556,1161.526,
2026-01-15 02:50:00,31.315,0.967,169.403,301.435,
2026-01-15 02:55:00,33.253,0.992,184.493,836.8,
2026-01-15 03:00:00,36.267,0.965,181.611,1443.074,
2026-01-15 03:05:00,48.689,0.954,309.614,646.773,
2026-01-15 03:10:00,34.073,0.907,167.79,509.911,
2026-01-15 03:15:00,48.741,0.752,458.292,708.271,
2026-01-15 03:30:00,42.485,0.731,392.536,2023.83,
2026-01-15 03:35:00,36.721,0.979,238.122,950.526,
2026-01-15 03:40:00,35.817,0.909,242.576,1377.623,
2026-01-15 03:45:00,37.899,0.98,223.548,1314.762,
2026-01-15 03:50:00,33.129,0.966,145.476,979.902,
2026-01-15 03:55:00,20.18,1.002,77.733,226.694,
2026-01-15 04:00:00,27.672,0.972,130.014,520.339,
2026-01-15 04:05:00,28.566,0.922,87.459,286.962,
2026-01-15 04:10:00,34.767,0.976,179.551,781.348,
2026-01-15 04:15:00,18.12,0.976,44.795,457.784,
2026-01-15 04:20:00,26.059,0.992,164.849,434.599,
2026-01-15 04:25:00,32.408,0.962,175.718,934.293,
2026-01-15 04:30:00,48.587,0.955,466.599,737.672,
2026-01-15 04:35:00,55.488,0.984,547.96,741.113,
2026-01-15 04:40:00,37.41,0.958,251.667,1340.768,
2026-01-15 04:45:00,31.902,1.0,107.738,786.03,
2026-01-15 04:50:00,36.399,0.929,198.871,541.722,
2026-01-15 04:55:00,40.319,0.965,299.925,731.195,
2026-01-15 05:00:00,34.763,0.996,210.681,636.062,
2026-01-15 05:05:00,35.482,1.005,230.93,283.409,
2026-01-15 05:10:00,31.674,0.996,187.422,221.69,
2026-01-15 05:15:00,30.057,1.002,172.383,196.072,
2026-01-15 05:20:00,32.372,0.924,143.906,477.023,
2026-01-15 05:25:00,32.136,0.999,162.597,549.415,
2026-01-15 05:30:00,35.963,0.911,145.966,1903.347,
2026-01-15 05:35:00,36.561,0.969,172.896,757.133,
2026-01-15 05:40:00,38.519,0.952,348.959,1699.752,
2026-01-15 05:45:00,46.971,0.891,450.284,1277.522,
2026-01-15 05:50:00,35.452,1.0,355.428,2147.181,
2026-01-15 22:35:00,34.959,1.006,207.085,254.935,
2026-01-15 22:40:00,46.735,1.0,412.323,406.388,
2026-01-15 22:45:00,42.182,0.963,337.535,124.321,
2026-01-15 22:50:00,46.715,0.944,339.047,432.127,
2026-01-15 22:55:00,30.789,1.004,146.043,247.94,
2026-01-15 23:00:00,35.013,1.001,218.557,230.182,
2026-01-15 23:05:00,30.006,1.006,136.628,347.087,
2026-01-15 23:10:00,27.848,0.997,98.171,286.57,
2026-01-15 23:15:00,32.475,1.004,177.455,182.29,
2026-01-15 23:20:00,35.098,0.987,187.302,369.058,
2026-01-15 23:25:00,27.457,0.995,114.205,171.563,
2026-01-15 23:35:00,30.421,1.002,146.28,161.05,
2026-01-15 23:55:00,26.823,1.006,88.366,1508.131,
2026-01-16 00:00:00,25.335,0.972,66.023,353.763,
2026-01-16 00:05:00,30.262,0.989,108.514,1164.925,
2026-01-16 00:10:00,25.628,1.004,94.391,404.397,
2026-01-16 00:15:00,30.427,1.003,154.212,251.859,
2026-01-16 00:20:00,32.102,0.996,166.286,538.799,
2026-01-16 00:25:00,30.488,0.97,137.182,218.348,
2026-01-16 00:30:00,31.362,0.976,133.641,379.582,
2026-01-16 00:35:00,33.66,0.988,164.976,239.691,
2026-01-16 00:40:00,41.002,0.955,270.514,614.083,
2026-01-16 00:45:00,40.485,1.004,232.021,441.11,
2026-01-16 00:50:00,39.153,1.005,248.655,363.855,
2026-01-16 00:55:00,38.338,1.003,244.928,232.936,
2026-01-16 01:00:00,36.527,0.909,135.481,1287.57,
2026-01-16 01:05:00,39.261,1.005,215.886,405.887,
2026-01-16 01:10:00,41.399,0.946,202.858,1196.514,
2026-01-16 01:15:00,36.039,1.001,215.102,297.409,
2026-01-16 01:20:00,36.185,0.951,143.838,1052.104,
2026-01-16 01:25:00,37.802,0.936,189.634,262.075,
2026-01-16 01:30:00,45.012,0.978,228.729,1022.938,
2026-01-16 01:35:00,40.28,0.995,240.427,393.269,
2026-01-16 01:40:00,38.217,0.948,147.379,652.49,
2026-01-16 01:45:00,43.527,0.966,228.994,1437.296,
2026-01-16 01:50:00,35.956,0.987,194.764,859.821,
2026-01-16 01:55:00,40.711,0.97,168.789,631.712,
2026-01-16 02:00:00,36.157,0.982,200.809,566.47,
2026-01-16 02:10:00,44.311,1.007,212.374,1003.32,
2026-01-16 02:15:00,30.162,1.002,87.43,795.169,
2026-01-16 02:20:00,34.818,1.002,140.118,584.995,
2026-01-16 02:25:00,39.736,0.971,316.698,559.427,
2026-01-16 02:30:00,36.27,0.971,117.903,344.97,
2026-01-16 02:35:00,32.756,1.003,155.4,431.946,
2026-01-16 02:40:00,25.328,0.977,107.593,538.985,
2026-01-16 02:45:00,27.162,0.968,100.708,370.188,
2026-01-16 02:50:00,20.692,1.004,51.659,180.688,
2026-01-16 02:55:00,25.676,1.001,94.012,199.112,
2026-01-16 03:00:00,26.706,1.007,102.855,225.944,
2026-01-16 03:05:00,26.573,1.002,108.119,239.68,
2026-01-16 03:10:00,27.013,1.002,114.736,198.001,
2026-01-16 03:20:00,28.618,0.813,98.593,701.217,
2026-01-16 03:25:00,27.043,1.0,126.54,356.138,
2026-01-16 03:30:00,27.305,1.003,101.341,294.287,
2026-01-16 03:35:00,28.621,0.999,113.116,138.062,
2026-01-16 03:40:00,30.272,0.959,116.191,890.465,
2026-01-16 03:45:00,40.805,1.005,230.429,362.149,
2026-01-16 03:50:00,43.247,0.958,188.196,1130.857,
2026-01-16 03:55:00,48.206,0.99,335.446,613.253,
2026-01-16 04:00:00,40.349,0.874,128.02,1598.987,
2026-01-16 04:05:00,34.456,1.007,144.682,440.407,
2026-01-16 04:10:00,29.059,0.983,103.072,595.51,
2026-01-16 04:15:00,36.313,1.005,130.849,556.916,
2026-01-16 04:20:00,36.401,0.939,122.69,458.213,
2026-01-16 04:25:00,29.465,1.002,80.838,268.114,
2026-01-16 04:35:00,33.055,0.989,166.718,520.445,
2026-01-16 04:40:00,28.69,0.965,112.731,880.376,
2026-01-16 04:45:00,28.497,0.941,97.599,1285.974,
2026-01-16 04:50:00,100.362,0.901,3803.886,11956.508,
2026-01-16 04:55:00,119.901,0.807,3231.667,9750.018,
2026-01-16 05:20:00,29.431,0.956,249.591,165.503,
2026-01-16 05:25:00,42.612,0.966,279.341,358.548,
2026-01-16 23:20:00,19.23,0.975,53.255,400.432,
2026-01-16 23:25:00,19.572,0.931,98.768,334.122,
2026-01-16 23:30:00,27.736,0.721,98.094,1319.535,
2026-01-16 23:35:00,31.671,0.987,186.941,92.301,
2026-01-16 23:40:00,25.294,0.786,56.708,661.949,
2026-01-16 23:45:00,23.511,1.005,95.968,430.318,
2026-01-16 23:50:00,25.021,0.965,124.183,465.317,
2026-01-16 23:55:00,25.063,0.964,132.743,283.644,
2026-01-17 00:00:00,21.642,1.0,88.281,143.499,
2026-01-17 00:05:00,22.174,1.005,91.415,66.027,
2026-01-17 00:10:00,22.26,1.002,100.192,181.71,
2026-01-17 00:15:00,24.881,1.003,110.303,139.268,
2026-01-17 00:20:00,24.931,1.006,123.38,90.834,
2026-01-17 00:25:00,25.021,0.93,97.362,653.586,
2026-01-17 00:30:00,30.924,0.985,176.764,288.98,
2026-01-17 00:35:00,24.149,0.986,65.579,358.35,
2026-01-17 00:40:00,25.595,1.003,99.155,1002.283,
2026-01-17 00:45:00,22.163,1.004,79.526,440.014,
2026-01-17 00:50:00,20.804,1.003,59.13,1013.178,
2026-01-17 00:55:00,25.707,1.005,108.307,187.355,
2026-01-17 01:00:00,24.203,1.004,101.691,94.472,
2026-01-17 01:05:00,27.609,0.953,128.46,653.815,
2026-01-17 01:10:00,26.589,1.002,117.004,219.716,
2026-01-17 01:15:00,26.737,1.004,144.187,156.936,
2026-01-17 01:20:00,28.482,1.002,137.816,86.454,
2026-01-17 01:25:00,28.155,1.006,131.618,105.603,
2026-01-17 01:55:00,30.047,1.002,138.031,2598.644,
2026-01-17 02:00:00,15.884,0.995,57.443,1197.266,
2026-01-17 02:05:00,27.563,0.99,149.383,1078.928,
2026-01-17 02:10:00,24.848,0.902,35.261,1138.458,
2026-01-17 02:15:00,23.272,1.006,71.373,349.994,
2026-01-17 02:20:00,29.38,0.956,155.006,559.992,
2026-01-17 02:25:00,18.936,0.959,27.318,149.848,
2026-01-17 02:30:00,22.493,0.971,50.676,318.027,
2026-01-17 02:40:00,22.006,0.926,57.826,743.569,
2026-01-17 02:45:00,18.683,0.988,77.483,370.562,
2026-01-17 02:50:00,13.811,0.993,26.745,397.816,
2026-01-17 02:55:00,21.832,0.931,90.666,2071.35,
2026-01-17 03:00:00,21.017,0.988,74.35,159.376,
2026-01-17 03:05:00,19.674,0.987,51.965,997.65,
2026-01-17 03:10:00,24.199,1.001,130.043,210.323,
2026-01-17 03:15:00,24.093,1.005,100.665,163.738,
2026-01-17 03:20:00,23.871,1.004,100.393,385.493,
2026-01-17 03:25:00,22.507,0.947,121.863,429.732,
2026-01-17 03:30:00,17.308,0.992,59.321,283.877,
2026-01-17 03:35:00,18.344,0.987,69.983,274.341,
2026-01-17 03:40:00,20.774,0.992,77.944,86.478,
2026-01-17 03:45:00,20.009,1.001,77.926,85.64,
2026-01-17 03:50:00,19.568,0.997,51.053,156.435,
2026-01-17 03:55:00,20.194,1.004,72.197,264.657,
2026-01-17 04:05:00,28.63,0.997,107.584,173.427,
2026-01-17 04:10:00,29.038,0.926,115.753,901.364,
2026-01-17 04:15:00,28.021,0.963,117.725,309.836,
2026-01-17 04:20:00,22.359,1.005,96.003,158.444,
2026-01-17 04:25:00,24.641,0.956,205.663,611.329,
2026-01-17 04:30:00,22.091,0.898,64.103,2354.441,
2026-01-17 04:45:00,23.356,0.908,137.82,718.38,
2026-01-17 04:50:00,24.426,0.967,102.743,1385.07,
2026-01-17 04:55:00,24.522,0.982,97.387,1055.809,
2026-01-17 05:05:00,32.733,0.756,152.296,573.781,
2026-01-17 05:10:00,35.567,1.005,202.263,1627.808,
2026-01-17 05:15:00,31.816,0.877,128.765,938.045,
2026-01-17 05:20:00,25.45,0.869,81.173,516.276,
2026-01-17 05:25:00,35.479,0.989,194.965,1533.393,
2026-01-17 05:30:00,30.817,0.962,171.575,1278.354,
2026-01-17 05:35:00,29.968,1.004,146.42,414.078,
2026-01-17 05:40:00,27.704,0.933,106.95,644.315,
2026-01-17 22:50:00,42.919,0.928,244.707,276.877,
2026-01-17 22:55:00,40.42,1.006,340.341,246.187,
2026-01-17 23:00:00,39.723,1.001,299.416,221.09,
2026-01-17 23:05:00,36.36,1.005,221.101,148.639,
2026-01-17 23:10:00,35.894,1.003,202.069,190.655,
2026-01-17 23:15:00,32.743,1.006,164.25,232.951,
2026-01-17 23:20:00,34.918,0.975,164.24,1052.591,
2026-01-17 23:25:00,34.676,1.007,169.903,128.981,
2026-01-17 23:30:00,33.903,1.002,161.422,216.959,
2026-01-17 23:35:00,32.965,1.006,194.021,282.808,
2026-01-17 23:40:00,34.328,1.004,193.474,232.024,
2026-01-17 23:45:00,37.635,1.003,256.48,370.173,
2026-01-17 23:50:00,38.069,0.953,224.326,252.495,
2026-01-18 00:00:00,54.863,0.883,421.991,1190.963,
2026-01-18 00:10:00,18.832,0.968,31.31,666.626,
2026-01-18 00:15:00,26.562,0.981,177.967,1028.855,
2026-01-18 00:20:00,26.018,0.967,61.673,281.203,
2026-01-18 00:25:00,31.782,1.001,113.473,1191.084,
2026-01-18 00:30:00,31.369,0.983,165.243,1833.737,
2026-01-18 00:35:00,27.348,0.998,132.532,656.59,
2026-01-18 00:40:00,28.907,0.965,153.577,269.4,
2026-01-18 00:45:00,22.682,0.957,67.076,190.968,
2026-01-18 00:50:00,28.501,0.996,125.407,101.428,
2026-01-18 00:55:00,28.647,1.005,142.287,92.238,
2026-01-18 01:00:00,29.082,1.003,146.317,249.064,
2026-01-18 01:05:00,34.34,0.978,203.888,315.171,
2026-01-18 01:10:00,29.217,1.004,127.644,166.684,
2026-01-18 01:15:00,48.273,0.886,291.089,1148.111,
2026-01-18 01:20:00,46.674,1.004,271.978,467.456,
2026-01-18 01:25:00,60.156,0.997,484.48,983.331,
2026-01-18 01:30:00,51.073,1.006,320.384,515.463,
2026-01-18 01:35:00,44.772,1.004,223.238,309.202,
2026-01-18 01:40:00,40.411,1.004,200.836,643.225,
2026-01-18 01:45:00,43.697,0.927,190.95,2635.653,
2026-01-18 01:50:00,46.67,0.994,290.606,630.14,
2026-01-18 01:55:00,41.715,0.984,278.066,623.957,
2026-01-18 02:00:00,44.79,0.984,276.419,1445.887,
2026-01-18 02:05:00,41.921,1.005,352.569,491.637,
2026-01-18 02:10:00,44.649,0.975,355.564,1246.269,
2026-01-18 02:15:00,57.008,0.879,343.586,1264.89,
2026-01-18 02:20:00,43.909,0.995,262.352,1257.265,
2026-01-18 02:25:00,40.774,0.997,179.907,484.59,
2026-01-18 02:30:00,35.849,0.971,251.54,2544.19,
2026-01-18 02:35:00,30.491,0.974,119.574,1328.131,
2026-01-18 02:40:00,27.959,1.005,106.666,244.801,
2026-01-18 02:45:00,23.143,0.985,84.32,440.61,
2026-01-18 02:50:00,21.867,0.987,68.417,603.866,
2026-01-18 02:55:00,31.361,1.001,126.115,502.131,
2026-01-18 03:00:00,33.875,0.97,217.025,519.833,
2026-01-18 03:05:00,46.848,0.936,249.281,815.449,
2026-01-18 03:10:00,48.952,1.006,339.189,944.493,
2026-01-18 03:15:00,54.396,0.993,414.615,317.094,
2026-01-18 03:20:00,50.724,0.976,313.645,731.729,
2026-01-18 03:25:00,55.002,0.967,439.96,1327.846,
2026-01-18 03:30:00,43.393,1.003,215.263,288.271,
2026-01-18 03:35:00,46.972,1.003,295.648,394.161,
2026-01-18 03:40:00,47.292,1.005,325.62,249.107,
2026-01-18 03:45:00,47.68,0.973,314.102,501.133,
2026-01-18 03:50:00,48.092,1.003,361.463,397.607,
2026-01-18 03:55:00,52.814,1.004,368.255,417.917,
2026-01-18 04:00:00,45.898,0.968,263.909,2424.792,
2026-01-18 04:05:00,51.811,1.006,422.316,3665.492,
2026-01-18 04:10:00,46.702,0.945,242.088,1056.115,
2026-01-18 04:15:00,42.879,0.967,315.612,1069.946,
2026-01-18 04:20:00,42.628,0.95,224.188,1037.017,
2026-01-18 04:25:00,45.334,0.961,269.181,2149.783,
2026-01-18 04:30:00,38.428,0.98,191.126,2053.074,
2026-01-18 04:35:00,36.271,0.949,125.491,988.033,
2026-01-18 04:40:00,33.763,0.995,172.974,1154.533,
2026-01-18 04:45:00,35.257,0.864,196.777,2237.943,
2026-01-18 04:50:00,32.981,1.002,156.446,1371.949,
2026-01-18 04:55:00,37.587,0.958,184.787,1281.168,
2026-01-18 05:00:00,34.287,0.835,108.823,925.316,
2026-01-18 05:10:00,44.076,1.006,362.297,496.542,
2026-01-18 05:15:00,27.607,1.002,126.371,139.42,
2026-01-18 05:20:00,27.565,0.971,109.783,867.949,
2026-01-18 05:25:00,28.638,1.005,134.139,569.252,
2026-01-18 05:30:00,28.713,1.001,172.285,237.189,
2026-01-18 05:35:00,28.309,0.956,133.537,286.928,
2026-01-18 05:40:00,37.034,0.935,177.922,2232.366,
2026-01-18 05:45:00,31.202,0.956,166.131,341.704,
2026-01-18 05:50:00,31.538,0.906,138.716,625.268,
2026-01-18 05:55:00,47.767,0.985,412.121,1770.837,
2026-01-18 06:00:00,26.626,0.719,93.475,320.392,
2026-01-18 06:05:00,37.987,0.737,257.672,608.27,
2026-01-19 00:45:00,29.533,0.956,257.392,2227.229,
2026-01-19 00:50:00,29.305,0.994,199.821,197.008,
2026-01-19 00:55:00,28.18,0.932,158.381,135.258,
2026-01-19 01:00:00,18.852,0.727,57.138,250.422,
2026-01-19 01:05:00,16.082,0.89,58.427,77.559,
2026-01-19 01:10:00,15.557,1.001,63.471,79.343,
2026-01-19 01:15:00,15.689,1.003,50.592,98.466,
2026-01-19 01:20:00,15.587,1.003,63.122,101.315,
2026-01-19 01:25:00,14.393,1.005,54.727,59.946,
2026-01-19 01:30:00,12.879,1.001,41.061,32.335,
2026-01-19 01:35:00,15.115,1.003,55.691,108.988,
2026-01-19 01:40:00,14.037,1.005,54.06,96.949,
2026-01-19 01:45:00,16.591,0.919,40.946,1317.073,
2026-01-19 01:50:00,23.072,1.0,77.897,239.187,
2026-01-19 01:55:00,22.341,1.004,97.168,146.379,
2026-01-19 02:00:00,26.039,1.006,120.465,175.492,
2026-01-19 02:05:00,31.451,1.003,197.445,179.587,
2026-01-19 02:20:00,45.756,0.947,325.413,498.989,
2026-01-19 02:25:00,25.976,0.964,111.906,3052.833,
2026-01-19 02:30:00,23.524,0.975,79.529,499.969,
2026-01-19 02:35:00,33.514,0.988,176.795,1135.076,
2026-01-19 02:40:00,26.781,1.001,105.182,967.887,
2026-01-19 02:45:00,26.741,1.005,101.765,364.78,
2026-01-19 02:50:00,29.347,1.005,134.054,736.105,
2026-01-19 02:55:00,28.405,1.004,126.103,163.99,
2026-01-19 03:00:00,33.93,0.943,174.313,440.311,
2026-01-19 03:05:00,41.215,1.006,234.996,251.27,
2026-01-19 03:10:00,35.614,1.004,191.765,233.108,
2026-01-19 03:15:00,46.298,1.001,295.711,205.075,
2026-01-19 03:20:00,38.029,0.959,225.887,191.757,
2026-01-19 03:25:00,30.652,1.005,149.829,289.217,
2026-01-19 03:30:00,33.477,0.988,139.412,237.611,
2026-01-19 03:35:00,36.333,1.006,223.039,397.825,
2026-01-19 03:40:00,35.147,0.997,218.983,407.017,
2026-01-19 03:45:00,48.295,0.919,303.048,787.041,
2026-01-19 03:50:00,59.516,0.961,676.435,545.852,
2026-01-19 03:55:00,41.366,0.985,287.169,792.425,
2026-01-19 04:00:00,45.748,0.965,223.647,1476.415,
2026-01-19 04:05:00,34.283,0.951,119.165,1005.22,
2026-01-19 04:10:00,40.354,0.999,187.536,862.593,
2026-01-19 04:15:00,39.718,0.982,150.021,471.602,
2026-01-19 04:20:00,41.001,0.968,203.95,748.175,
2026-01-19 04:25:00,39.029,0.98,143.771,1239.408,
2026-01-19 04:30:00,59.054,1.007,566.453,526.475,
2026-01-19 04:35:00,45.012,0.975,233.97,1437.278,
2026-01-19 04:40:00,43.027,0.93,293.733,1002.816,
2026-01-19 04:45:00,27.349,1.002,108.074,366.681,
2026-01-19 04:50:00,26.587,0.946,102.395,643.21,
2026-01-19 04:55:00,36.127,0.979,224.191,632.113,
2026-01-19 05:00:00,27.243,1.005,113.241,311.473,
2026-01-19 05:05:00,35.391,0.967,164.885,606.31,
2026-01-19 05:10:00,32.826,1.007,205.834,362.509,
2026-01-19 05:15:00,30.817,1.002,147.733,206.604,
2026-01-19 05:20:00,27.964,1.004,89.092,538.151,
2026-01-19 05:25:00,33.527,1.006,151.775,1386.914,
2026-01-19 05:30:00,30.508,1.005,170.907,325.397,
2026-01-19 05:35:00,31.444,1.0,137.248,346.312,
2026-01-19 05:40:00,27.087,1.006,120.375,191.865,
2026-01-19 05:45:00,31.784,1.006,192.837,458.559,
2026-01-19 05:50:00,33.041,0.972,168.297,410.5,
2026-01-19 05:55:00,33.014,0.909,114.216,2120.511,
2026-01-19 06:00:00,32.402,0.955,151.505,293.889,
2026-01-19 06:05:00,36.759,0.953,175.064,1437.138,
2026-01-19 06:10:00,29.151,1.005,91.165,695.419,
2026-01-19 06:15:00,32.317,0.952,116.491,1359.531,
2026-01-19 06:20:00,36.981,0.9,169.188,1002.545,
2026-01-19 06:25:00,30.716,0.944,188.487,1660.48,
2026-01-19 06:30:00,50.151,0.891,531.185,239.309,
2026-01-19 06:45:00,70.955,0.8,1289.267,926.498,
2026-01-19 06:50:00,48.281,1.004,530.109,1258.136,
2026-01-19 06:55:00,68.226,0.792,894.901,1117.279,
2026-01-19 22:50:00,34.247,0.849,179.998,988.204,
2026-01-19 22:55:00,28.153,0.98,98.418,1139.539,
2026-01-19 23:00:00,49.385,0.955,565.077,573.698,
2026-01-19 23:05:00,43.528,1.001,360.206,190.204,
2026-01-19 23:10:00,45.758,1.007,429.975,195.892,
2026-01-19 23:15:00,42.106,1.003,347.676,185.825,
2026-01-19 23:20:00,43.355,1.002,362.512,224.747,
2026-01-19 23:25:00,39.974,1.006,323.161,240.606,
2026-01-19 23:30:00,43.194,1.005,393.725,267.661,
2026-01-19 23:35:00,38.669,1.004,250.881,117.714,
2026-01-19 23:40:00,39.055,1.004,308.662,194.958,
2026-01-19 23:45:00,39.452,1.001,265.374,191.462,
2026-01-19 23:50:00,34.261,0.93,206.09,1412.406,
2026-01-19 23:55:00,28.849,1.003,119.914,163.947,
2026-01-20 00:00:00,29.22,0.98,110.485,632.715,
2026-01-20 00:05:00,36.556,1.006,247.529,287.481,
2026-01-20 00:10:00,35.037,0.973,211.169,833.973,
2026-01-20 00:15:00,28.705,0.952,104.5,716.601,
2026-01-20 00:20:00,31.471,1.004,128.361,423.761,
2026-01-20 00:25:00,33.276,0.96,151.397,682.631,
2026-01-20 00:30:00,34.247,1.004,159.197,286.511,
2026-01-20 00:35:00,30.239,1.002,121.326,177.794,
2026-01-20 00:40:00,30.783,1.006,123.81,183.182,
2026-01-20 00:45:00,29.921,1.003,164.044,199.341,
2026-01-20 00:50:00,35.079,1.004,195.7,149.501,
2026-01-20 00:55:00,37.247,1.005,253.483,174.559,
2026-01-20 01:00:00,40.346,1.003,238.191,253.547,
2026-01-20 01:05:00,38.434,0.942,268.504,197.365,
2026-01-20 01:10:00,36.62,0.942,172.895,292.735,
2026-01-20 01:15:00,36.663,0.976,199.831,315.667,
2026-01-20 01:20:00,43.19,0.982,424.515,1509.394,
2026-01-20 01:25:00,42.037,0.912,232.258,948.749,
2026-01-20 01:30:00,34.58,0.965,153.616,446.647,
2026-01-20 01:35:00,34.245,1.006,176.266,426.464,
2026-01-20 01:40:00,37.083,0.961,186.119,499.307,
2026-01-20 01:45:00,27.607,0.971,88.021,638.104,
2026-01-20 01:50:00,31.771,0.963,138.073,821.825,
2026-01-20 01:55:00,30.25,0.963,113.458,574.695,
2026-01-20 02:00:00,33.162,0.946,195.783,736.683,
2026-01-20 02:05:00,29.346,0.934,109.193,1082.79,
2026-01-20 02:10:00,28.218,0.963,109.194,504.958,
2026-01-20 02:15:00,23.864,0.954,90.227,305.859,
2026-01-20 02:20:00,36.284,0.969,208.214,1953.931,
2026-01-20 02:25:00,24.541,0.98,73.292,580.583,
2026-01-20 02:30:00,34.492,0.969,142.495,485.975,
2026-01-20 02:35:00,32.183,0.807,114.825,767.44,
2026-01-20 02:40:00,45.846,1.006,197.279,645.458,
2026-01-20 02:45:00,46.447,0.954,218.435,994.587,
2026-01-20 02:50:00,34.44,1.005,199.976,820.014,
2026-01-20 02:55:00,41.814,0.98,262.617,439.299,
2026-01-20 03:00:00,32.615,0.734,145.683,295.85,
2026-01-20 03:10:00,52.871,1.007,424.205,287.297,
2026-01-20 03:15:00,51.849,1.003,314.988,497.414,
2026-01-20 03:20:00,54.483,1.007,465.998,196.629,
2026-01-20 03:25:00,64.225,1.001,564.31,328.064,
2026-01-20 03:30:00,59.554,1.006,430.116,489.664,
2026-01-20 03:35:00,48.798,1.007,302.231,322.411,
2026-01-20 03:40:00,42.191,0.818,145.509,1459.804,
2026-01-20 03:45:00,40.538,0.904,334.062,747.92,
2026-01-20 03:50:00,49.538,0.996,264.403,588.111,
2026-01-20 03:55:00,50.557,0.926,295.626,1510.512,
2026-01-20 04:00:00,43.725,0.995,220.725,889.585,
2026-01-20 04:05:00,43.175,0.95,238.94,731.756,
2026-01-20 04:10:00,37.649,0.911,130.891,1037.052,
2026-01-20 04:15:00,61.793,0.919,476.115,1561.307,
2026-01-20 04:20:00,51.918,0.958,386.511,1591.454,
2026-01-20 04:25:00,55.469,0.975,361.486,1658.132,
2026-01-20 04:30:00,36.491,0.966,129.452,1159.786,
2026-01-20 04:35:00,37.744,0.969,168.158,1521.367,
2026-01-20 04:40:00,39.851,0.877,734.693,5459.534,
2026-01-20 04:45:00,44.311,0.958,193.119,1886.515,
2026-01-20 04:50:00,37.793,0.979,147.066,641.612,
2026-01-20 04:55:00,34.942,0.952,118.617,358.724,
2026-01-20 05:00:00,54.372,0.811,345.844,2412.743,
2026-01-20 05:05:00,66.067,0.894,410.389,535.532,
2026-01-20 05:10:00,61.378,0.92,535.639,1197.683,
2026-01-20 05:15:00,57.937,0.96,336.823,2944.48,
2026-01-20 05:20:00,44.548,0.972,255.59,678.742,
2026-01-20 05:25:00,51.798,0.993,292.26,621.089,
2026-01-20 05:30:00,48.243,0.956,311.99,1979.792,
2026-01-20 05:35:00,42.326,0.704,220.219,1154.066,
2026-01-20 22:55:00,52.489,0.922,349.05,466.344,
2026-01-20 23:00:00,46.644,1.003,335.397,320.202,
2026-01-20 23:05:00,52.558,1.005,498.942,264.433,
2026-01-20 23:10:00,46.377,1.004,382.324,254.48,
2026-01-20 23:15:00,46.917,1.003,369.714,206.709,
2026-01-20 23:20:00,44.038,1.006,345.015,202.313,
2026-01-20 23:25:00,48.191,1.003,346.624,818.622,
2026-01-20 23:30:00,45.285,1.006,305.628,239.875,
2026-01-20 23:35:00,47.891,1.003,366.744,234.659,
2026-01-20 23:40:00,41.705,1.004,264.53,169.403,
2026-01-20 23:45:00,45.192,0.969,321.447,533.873,
2026-01-20 23:50:00,34.261,0.967,161.49,209.323,
2026-01-21 00:00:00,37.872,0.791,249.558,435.022,
2026-01-21 00:05:00,43.947,0.996,988.427,4597.702,
2026-01-21 00:10:00,40.055,0.975,208.842,734.7,
2026-01-21 00:15:00,52.961,0.953,444.42,1256.416,
2026-01-21 00:20:00,43.322,0.962,264.457,711.61,
2026-01-21 00:25:00,43.034,0.984,202.881,2716.212,
2026-01-21 00:30:00,38.231,0.987,170.596,445.06,
2026-01-21 00:35:00,57.386,0.988,508.592,1438.405,
2026-01-21 00:40:00,52.796,1.001,475.792,484.121,
2026-01-21 00:45:00,33.843,0.945,127.015,247.793,
2026-01-21 00:50:00,47.468,1.003,277.428,604.873,
2026-01-21 00:55:00,45.831,1.006,243.724,230.771,
2026-01-21 01:00:00,56.07,0.972,459.136,235.608,
2026-01-21 01:05:00,49.784,1.007,292.452,186.881,
2026-01-21 01:10:00,50.421,1.003,360.416,236.585,
2026-01-21 01:15:00,55.865,1.005,430.965,319.902,
2026-01-21 01:20:00,54.057,0.951,355.092,924.838,
2026-01-21 01:25:00,48.299,1.007,308.55,322.636,
2026-01-21 01:30:00,50.425,1.004,324.895,506.49,
2026-01-21 01:35:00,35.863,0.96,193.407,1181.627,
2026-01-21 01:40:00,49.11,0.971,401.143,291.835,
2026-01-21 01:45:00,32.293,0.909,95.037,2234.157,
2026-01-21 01:50:00,32.492,0.99,134.539,176.795,
2026-01-21 01:55:00,32.832,0.919,96.362,996.768,
2026-01-21 02:00:00,31.44,0.992,142.393,588.546,
2026-01-21 02:05:00,39.844,0.899,178.343,1021.101,
2026-01-21 02:10:00,35.391,1.002,163.258,405.62,
2026-01-21 02:15:00,33.308,0.948,109.992,334.444,
2026-01-21 02:20:00,32.518,0.968,101.409,527.3,
2026-01-21 02:25:00,45.879,1.004,306.665,483.671,
2026-01-21 02:30:00,39.22,0.93,1657.139,7005.151,
2026-01-21 02:35:00,35.364,0.963,181.135,934.394,
2026-01-21 02:40:00,47.432,0.902,325.566,957.504,
2026-01-21 02:45:00,30.926,0.934,111.79,468.345,
2026-01-21 02:50:00,31.943,0.994,125.642,994.186,
2026-01-21 02:55:00,23.001,0.895,63.959,965.14,
2026-01-21 03:00:00,32.359,0.983,101.133,323.15,
2026-01-21 03:05:00,31.832,0.913,128.051,381.631,
2026-01-21 03:10:00,24.814,0.987,84.678,240.432,
2026-01-21 03:15:00,41.605,0.955,140.514,127.723,
2026-01-21 03:20:00,32.857,0.971,176.906,1375.071,
2026-01-21 03:25:00,32.619,0.969,138.692,155.41,
2026-01-21 03:30:00,36.06,0.945,193.303,436.201,
2026-01-21 03:35:00,36.144,1.005,156.358,479.636,
2026-01-21 03:40:00,35.913,1.002,180.545,238.07,
2026-01-21 03:45:00,44.336,1.005,278.065,339.233,
2026-01-21 03:50:00,49.922,1.005,431.809,729.476,
2026-01-21 03:55:00,39.627,1.002,266.797,435.086,
2026-01-21 04:00:00,36.629,0.943,204.016,652.174,
2026-01-21 04:05:00,25.501,1.005,90.104,193.767,
2026-01-21 04:10:00,32.396,0.966,147.673,183.002,
2026-01-21 04:15:00,37.172,1.002,218.589,378.84,
2026-01-21 04:20:00,30.021,1.004,139.977,385.661,
2026-01-21 04:25:00,35.537,0.944,195.98,340.611,
2026-01-21 04:30:00,37.176,0.964,292.411,2253.907,
2026-01-21 04:35:00,34.614,1.004,190.211,307.634,
2026-01-21 04:40:00,32.435,0.937,152.275,2686.118,
2026-01-21 05:00:00,79.417,0.965,897.316,1841.067,
2026-01-21 05:05:00,31.862,0.909,122.08,1399.761,
2026-01-21 05:10:00,37.058,0.941,201.25,1052.09,
2026-01-21 05:20:00,36.13,0.838,169.783,1960.083,
2026-01-21 05:25:00,32.52,0.992,116.276,796.075,
2026-01-21 05:30:00,32.278,1.004,131.665,1551.58,
2026-01-21 05:35:00,41.376,0.924,225.219,1194.09,
2026-01-21 05:40:00,48.88,0.968,277.71,2460.079,
2026-01-21 05:45:00,31.319,0.94,190.544,1381.348,
2026-01-21 05:50:00,58.982,0.738,738.423,2603.586,
2026-01-21 22:15:00,33.778,0.856,161.184,489.356,
2026-01-21 22:20:00,49.272,1.006,497.593,445.888,
2026-01-21 22:25:00,40.431,0.928,289.304,287.197,
2026-01-21 22:30:00,40.037,1.004,337.241,114.06,
2026-01-21 22:35:00,34.99,1.004,244.774,146.373,
2026-01-21 22:40:00,36.424,0.992,242.06,154.241,
2026-01-21 22:45:00,35.163,1.005,207.74,217.544,
2026-01-21 22:50:00,31.501,1.001,213.679,190.348,
2026-01-21 22:55:00,29.683,1.004,184.017,99.315,
2026-01-21 23:00:00,29.068,1.001,161.858,271.763,
2026-01-21 23:05:00,27.792,1.004,163.61,286.969,
2026-01-21 23:15:00,21.066,1.002,66.87,218.012,
2026-01-21 23:20:00,21.727,1.004,60.562,254.501,
2026-01-21 23:25:00,23.185,0.985,67.729,389.298,
2026-01-21 23:30:00,27.757,0.925,79.118,745.728,
2026-01-21 23:35:00,36.092,1.003,184.433,1009.367,
2026-01-21 23:40:00,43.866,0.971,451.452,2145.851,
2026-01-21 23:45:00,33.44,1.005,135.182,968.037,
2026-01-21 23:50:00,28.771,0.962,55.652,260.106,
2026-01-21 23:55:00,24.641,1.002,73.419,793.046,
2026-01-22 00:00:00,38.487,0.971,158.915,1833.73,
2026-01-22 00:05:00,44.498,1.002,356.616,311.201,
2026-01-22 00:10:00,40.497,0.997,231.524,843.104,
2026-01-22 00:15:00,30.096,1.006,128.532,168.663,
2026-01-22 00:20:00,40.089,0.946,216.797,389.203,
2026-01-22 00:25:00,50.495,0.999,405.428,318.703,
2026-01-22 00:30:00,50.807,0.965,348.996,287.786,
2026-01-22 00:35:00,37.04,0.979,162.811,654.144,
2026-01-22 00:40:00,41.173,0.998,260.589,311.411,
2026-01-22 00:45:00,37.242,1.006,180.118,151.131,
2026-01-22 00:50:00,34.436,1.004,198.912,296.715,
2026-01-22 00:55:00,42.364,0.978,248.368,807.788,
2026-01-22 01:00:00,40.899,1.006,258.266,283.114,
2026-01-22 01:05:00,35.297,0.933,154.806,554.795,
2026-01-22 01:10:00,25.773,0.977,68.768,737.162,
2026-01-22 01:15:00,29.624,0.994,100.935,862.302,
2026-01-22 01:20:00,22.483,0.991,86.197,260.427,
2026-01-22 01:25:00,29.533,0.925,168.885,312.934,
2026-01-22 01:30:00,22.594,0.99,73.458,548.488,
2026-01-22 01:35:00,28.807,0.978,110.928,1400.401,
2026-01-22 01:40:00,26.156,0.969,113.338,305.352,
2026-01-22 01:45:00,50.083,0.936,327.741,1326.095,
2026-01-22 01:55:00,68.913,0.988,1114.83,1472.656,
2026-01-22 02:00:00,21.011,1.005,56.011,378.797,
2026-01-22 02:05:00,22.514,0.939,49.577,1814.224,
2026-01-22 02:10:00,38.783,0.948,230.59,2479.821,
2026-01-22 02:15:00,40.745,0.985,199.196,1912.856,
2026-01-22 02:20:00,39.16,0.973,167.398,515.157,
2026-01-22 02:30:00,46.101,0.824,328.371,398.114,
2026-01-22 02:35:00,42.936,1.003,306.606,594.267,
2026-01-22 02:40:00,44.259,0.987,244.252,288.47,
2026-01-22 02:50:00,63.016,0.761,372.565,540.295,
2026-01-22 02:55:00,55.098,0.875,375.569,1590.146,
2026-01-22 03:00:00,46.554,0.989,361.826,227.046,
2026-01-22 03:05:00,91.606,0.844,1956.84,690.713,
2026-01-22 03:10:00,67.337,0.993,1086.58,394.217,
2026-01-22 03:15:00,53.526,0.992,466.761,282.502,
2026-01-22 03:20:00,75.472,0.99,1081.108,200.703,
2026-01-22 03:25:00,36.006,0.939,150.234,862.42,
2026-01-22 03:30:00,25.748,0.989,84.192,375.567,
2026-01-22 03:35:00,31.752,0.972,177.773,890.124,
2026-01-22 03:40:00,36.925,0.796,165.512,726.525,
2026-01-22 03:45:00,34.945,0.958,189.544,902.974,
2026-01-22 03:50:00,37.451,0.949,152.443,1188.962,
2026-01-22 03:55:00,40.481,0.983,205.309,212.58,
2026-01-22 04:00:00,22.473,0.935,69.818,687.241,
2026-01-22 04:05:00,23.049,0.909,83.473,1008.654,
2026-01-22 04:10:00,22.129,0.965,62.232,720.818,
2026-01-22 04:15:00,39.072,0.929,227.297,356.923,
2026-01-22 04:20:00,33.399,0.997,130.061,650.208,
2026-01-22 04:35:00,26.19,0.948,146.393,661.785,
2026-01-22 04:40:00,46.582,0.98,461.714,725.176,
2026-01-22 04:45:00,29.126,1.004,109.078,345.84,
2026-01-22 04:50:00,23.158,1.005,85.959,208.497,
2026-01-22 05:20:00,27.42,0.925,109.193,1204.819,
2026-01-22 05:25:00,33.026,0.954,157.794,1485.333,
2026-01-22 05:30:00,30.781,0.971,133.257,1809.79,
2026-01-22 05:35:00,28.045,0.973,121.709,863.249,
2026-01-22 05:40:00,34.311,0.93,141.518,1014.496,
2026-01-22 05:45:00,37.852,0.73,145.234,1334.677,
2026-01-22 22:10:00,23.739,0.711,57.444,1296.921,
2026-01-22 22:15:00,22.02,0.979,38.54,995.228,
2026-01-22 22:20:00,22.613,0.93,107.565,230.194,
2026-01-22 22:25:00,34.342,1.003,220.731,293.384,
2026-01-22 22:30:00,34.645,1.004,272.497,121.477,
2026-01-22 22:35:00,33.237,1.001,237.782,188.124,
2026-01-22 22:40:00,37.021,1.003,258.735,354.811,
2026-01-22 22:45:00,31.485,1.0,186.345,289.335,
2026-01-22 22:50:00,31.318,1.004,173.706,143.016,
2026-01-22 22:55:00,31.418,1.004,172.631,138.859,
2026-01-22 23:00:00,26.189,0.938,91.605,1699.546,
2026-01-22 23:05:00,26.007,1.001,97.69,123.795,
2026-01-22 23:10:00,27.332,0.995,156.986,267.595,
2026-01-22 23:15:00,26.959,0.982,107.659,558.276,
2026-01-22 23:20:00,27.036,1.003,116.662,150.965,
2026-01-22 23:25:00,26.354,0.982,137.38,310.185,
2026-01-22 23:30:00,26.128,0.936,122.1,418.562,
2026-01-22 23:35:00,25.591,1.003,79.963,283.049,
2026-01-22 23:40:00,24.638,0.957,51.472,507.46,
2026-01-22 23:45:00,25.694,0.98,80.479,655.035,
2026-01-22 23:50:00,26.344,0.986,83.601,839.932,
2026-01-22 23:55:00,33.544,0.961,123.839,517.766,
2026-01-23 00:00:00,31.286,0.917,123.599,1556.382,
2026-01-23 00:05:00,22.309,0.998,76.697,222.755,
2026-01-23 00:10:00,19.861,1.004,55.438,247.972,
2026-01-23 00:15:00,19.237,1.001,78.887,57.456,
2026-01-23 00:20:00,23.504,0.908,83.899,793.762,
2026-01-23 00:25:00,23.961,1.004,81.306,132.573,
2026-01-23 00:30:00,24.685,1.001,87.613,155.956,
2026-01-23 00:35:00,22.68,1.006,56.447,381.016,
2026-01-23 00:40:00,20.466,0.981,65.605,190.466,
2026-01-23 00:45:00,22.896,1.006,89.758,362.591,
2026-01-23 00:50:00,20.642,1.002,62.821,179.36,
2026-01-23 00:55:00,20.169,0.968,64.372,564.76,
2026-01-23 01:00:00,24.185,0.955,97.384,1687.854,
2026-01-23 01:05:00,25.026,0.974,82.507,343.59,
2026-01-23 01:10:00,23.041,0.925,121.911,771.902,
2026-01-23 01:15:00,22.377,0.936,83.196,294.114,
2026-01-23 01:20:00,23.582,1.002,101.167,461.124,
2026-01-23 01:25:00,23.76,0.935,75.841,895.989,
2026-01-23 01:30:00,19.855,0.961,42.317,1050.124,
2026-01-23 01:35:00,25.528,0.93,67.129,1152.588,
2026-01-23 01:40:00,21.361,0.953,64.886,433.953,
2026-01-23 01:45:00,15.465,0.995,49.246,419.334,
2026-01-23 01:50:00,15.413,0.981,31.889,401.007,
2026-01-23 01:55:00,18.397,0.964,43.475,1282.31,
2026-01-23 02:00:00,24.172,0.961,75.041,718.716,
2026-01-23 02:05:00,19.189,0.996,65.533,632.306,
2026-01-23 02:10:00,17.51,0.716,47.341,241.606,
2026-01-23 02:15:00,22.794,0.961,98.677,365.438,
2026-01-23 02:20:00,17.44,1.002,54.709,535.437,
2026-01-23 02:25:00,18.594,0.946,67.178,1227.077,
2026-01-23 02:30:00,48.532,1.001,440.983,352.748,
2026-01-23 02:35:00,22.588,0.96,93.858,766.264,
2026-01-23 02:40:00,27.657,0.922,99.183,364.023,
2026-01-23 02:45:00,63.687,1.004,662.219,102.136,
2026-01-23 02:50:00,26.637,0.992,99.268,190.562,
2026-01-23 02:55:00,28.022,1.003,140.037,276.125,
2026-01-23 03:00:00,27.628,1.006,96.951,165.773,
2026-01-23 03:05:00,27.519,1.002,108.162,123.148,
2026-01-23 03:10:00,28.012,0.968,150.126,169.597,
2026-01-23 03:15:00,24.619,0.989,98.286,181.201,
2026-01-23 03:30:00,31.458,0.833,118.208,269.691,
2026-01-23 03:35:00,26.279,0.984,135.68,904.177,
2026-01-23 03:40:00,25.128,1.006,92.9,576.783,
2026-01-23 03:45:00,26.607,0.996,114.676,693.19,
2026-01-23 03:50:00,29.445,1.002,127.626,495.688,
2026-01-23 03:55:00,29.508,0.899,119.602,751.21,
2026-01-23 04:00:00,35.609,0.982,187.305,561.711,
2026-01-23 04:05:00,30.799,0.989,111.788,468.988,
2026-01-23 04:10:00,37.838,0.909,173.811,786.438,
2026-01-23 04:15:00,25.795,0.989,52.293,461.259,
2026-01-23 04:20:00,32.954,0.995,130.538,685.92,
2026-01-23 04:25:00,40.415,0.981,207.3,1315.298,
2026-01-23 04:30:00,29.974,0.988,117.169,809.221,
2026-01-23 04:35:00,35.912,1.004,180.19,717.717,
2026-01-23 04:40:00,33.695,1.002,138.052,1624.074,
2026-01-23 04:45:00,34.169,0.92,182.335,1653.301,
2026-01-23 04:50:00,26.776,1.004,149.282,145.137,
2026-01-23 04:55:00,22.625,1.001,92.714,124.068,
2026-01-23 05:00:00,26.733,0.987,131.926,270.918,
2026-01-23 05:05:00,22.476,0.97,70.49,627.983,
2026-01-23 05:10:00,27.868,0.993,189.707,2067.185,
2026-01-23 05:15:00,24.848,0.989,121.579,2534.385,
2026-01-23 05:20:00,27.013,0.948,152.329,1093.783,
2026-01-23 05:25:00,27.835,0.964,121.66,930.331,
2026-01-24 00:10:00,30.311,1.001,187.292,150.139,
2026-01-24 00:15:00,35.606,0.932,245.748,327.89,
2026-01-24 00:20:00,32.375,1.003,225.605,129.196,
2026-01-24 00:25:00,22.333,0.974,90.176,119.288,
2026-01-24 00:35:00,33.299,0.968,184.586,221.84,
2026-01-24 00:40:00,30.449,1.005,186.529,173.158,
2026-01-24 00:45:00,32.442,1.002,252.36,231.302,
2026-01-24 00:50:00,31.715,1.005,194.531,119.784,
2026-01-24 00:55:00,32.465,1.002,213.253,218.233,
2026-01-24 01:00:00,30.339,0.987,171.624,267.858,
2026-01-24 01:05:00,26.422,1.003,107.217,160.058,
2026-01-24 01:10:00,22.411,1.004,97.875,149.474,
2026-01-24 01:15:00,27.064,0.985,100.588,590.203,
2026-01-24 01:20:00,26.27,1.003,106.555,264.993,
2026-01-24 01:25:00,25.316,1.005,92.505,319.143,
2026-01-24 01:30:00,26.917,0.973,92.112,682.791,
2026-01-24 01:35:00,26.563,1.005,114.899,431.919,
2026-01-24 01:40:00,27.11,1.005,131.792,801.099,
2026-01-24 01:45:00,27.068,1.001,145.207,364.024,
2026-01-24 01:50:00,30.724,1.003,190.303,156.155,
2026-01-24 01:55:00,27.115,0.956,129.105,193.525,
2026-01-24 02:00:00,30.393,1.007,155.443,152.78,
2026-01-24 02:05:00,33.017,1.005,185.628,164.921,
2026-01-24 02:10:00,31.553,1.002,159.123,176.553,
2026-01-24 02:15:00,38.191,1.004,256.761,129.954,
2026-01-24 02:20:00,31.965,1.002,169.134,162.787,
2026-01-24 02:25:00,34.797,1.006,214.545,179.338,
2026-01-24 02:30:00,36.405,1.003,247.879,339.102,
2026-01-24 02:35:00,37.053,1.005,219.832,282.202,
2026-01-24 02:40:00,38.502,1.005,288.32,167.191,
2026-01-24 02:45:00,36.769,1.001,240.605,228.288,
2026-01-24 02:50:00,38.631,0.926,261.354,502.629,
2026-01-24 02:55:00,37.777,0.931,140.884,3149.716,
2026-01-24 03:00:00,30.337,1.005,115.506,245.034,
2026-01-24 03:05:00,23.176,1.002,46.296,559.531,
2026-01-24 03:10:00,28.703,0.987,87.864,247.133,
2026-01-24 03:15:00,35.531,0.99,148.683,710.834,
2026-01-24 03:20:00,38.596,0.964,176.68,867.92,
2026-01-24 03:25:00,39.438,1.006,141.152,704.407,
2026-01-24 03:30:00,42.021,0.979,184.265,1726.534,
2026-01-24 03:35:00,43.313,0.939,199.449,402.332,
2026-01-24 03:40:00,41.399,0.962,320.649,548.301,
2026-01-24 03:45:00,29.201,0.964,132.009,144.234,
2026-01-24 03:50:00,28.554,0.969,122.51,236.026,
2026-01-24 03:55:00,25.537,0.981,105.238,179.472,
2026-01-24 04:00:00,24.805,1.001,82.093,131.177,
2026-01-24 04:05:00,25.641,1.004,108.704,130.956,
2026-01-24 04:10:00,40.918,1.004,267.667,269.685,
2026-01-24 04:15:00,34.439,0.963,162.602,829.322,
2026-01-24 04:20:00,26.77,0.92,70.422,1519.648,
2026-01-24 04:25:00,26.972,0.97,108.429,684.902,
2026-01-24 04:35:00,46.109,0.718,328.945,729.259,
2026-01-24 04:40:00,56.318,0.975,457.904,913.696,
2026-01-24 04:45:00,50.893,0.904,356.232,452.978,
2026-01-24 04:50:00,23.922,0.971,66.119,238.616,
2026-01-24 04:55:00,25.025,0.984,76.849,731.625,
2026-01-24 05:05:00,35.265,0.959,180.265,820.952,
2026-01-24 05:10:00,28.24,0.972,91.426,948.834,
2026-01-26 00:00:00,31.551,0.949,190.451,563.929,
2026-01-26 00:10:00,44.203,1.003,546.824,216.686,
2026-01-26 00:15:00,44.674,0.999,488.109,234.658,
2026-01-26 00:20:00,42.031,0.978,408.437,408.633,
2026-01-26 00:25:00,26.481,0.975,118.221,323.328,
2026-01-26 00:30:00,24.134,1.003,97.713,114.939,
2026-01-26 00:35:00,21.223,1.002,68.43,152.913,
2026-01-26 00:40:00,17.758,1.0,56.672,96.946,
2026-01-26 00:45:00,29.556,0.935,144.528,967.142,
2026-01-26 00:50:00,24.984,1.003,98.67,220.893,
2026-01-26 00:55:00,26.744,1.001,126.561,172.631,
2026-01-26 01:00:00,27.07,1.002,113.428,137.994,
2026-01-26 01:05:00,25.87,1.004,90.765,289.659,
2026-01-26 01:10:00,28.663,1.005,137.296,345.009,
2026-01-26 01:15:00,31.716,0.995,190.598,497.549,
2026-01-26 01:30:00,31.318,0.71,179.807,818.774,
2026-01-26 01:35:00,24.48,0.984,54.066,493.459,
2026-01-26 01:40:00,25.733,1.002,103.439,2476.647,
2026-01-26 01:45:00,24.005,1.007,85.373,344.169,
2026-01-26 01:50:00,23.729,1.002,83.954,322.27,
2026-01-26 01:55:00,25.624,1.006,82.81,234.02,
2026-01-26 02:00:00,22.622,1.004,79.363,165.931,
2026-01-26 02:05:00,43.347,0.929,196.452,3532.489,
2026-01-26 02:10:00,30.562,1.002,122.642,167.717,
2026-01-26 02:15:00,36.518,1.008,181.976,243.736,
2026-01-26 02:20:00,37.128,1.002,223.489,109.043,
2026-01-26 02:25:00,35.207,1.004,162.682,227.977,
2026-01-26 02:30:00,34.785,1.007,182.957,179.139,
2026-01-26 02:35:00,38.364,0.921,154.294,482.844,
2026-01-26 02:40:00,41.969,0.986,234.823,889.904,
2026-01-26 02:45:00,46.98,1.007,356.522,1762.989,
2026-01-26 02:50:00,38.584,0.939,171.748,1144.338,
2026-01-26 02:55:00,44.352,0.927,185.627,4200.398,
2026-01-26 03:00:00,32.742,1.007,136.855,424.625,
2026-01-26 03:05:00,27.358,1.005,194.938,679.775,
2026-01-26 03:10:00,16.869,1.004,30.665,174.794,
2026-01-26 03:15:00,27.923,0.963,125.115,3218.4,
2026-01-26 03:20:00,28.468,0.973,1089.716,3705.543,
2026-01-26 03:25:00,30.005,0.979,259.437,2539.696,
2026-01-26 03:30:00,26.219,1.005,99.864,706.404,
2026-01-26 03:35:00,25.76,0.967,71.879,790.87,
2026-01-26 03:40:00,29.2,0.927,76.268,894.386,
2026-01-26 03:45:00,36.181,1.005,172.541,548.487,
2026-01-26 03:50:00,39.173,0.984,366.993,2238.6,
2026-01-26 03:55:00,33.038,0.963,132.339,1437.177,
2026-01-26 04:00:00,35.206,1.006,146.395,2705.898,
2026-01-26 04:05:00,28.557,0.967,68.771,231.34,
2026-01-26 04:10:00,30.969,0.907,95.473,295.755,
2026-01-26 04:15:00,30.789,0.988,108.079,533.449,
2026-01-26 04:20:00,31.754,1.007,135.181,531.193,
2026-01-26 04:25:00,28.016,1.004,111.457,281.746,
2026-01-26 04:30:00,29.928,1.002,120.376,480.891,
2026-01-26 04:35:00,28.155,1.005,95.228,381.346,
2026-01-26 04:40:00,42.259,0.956,286.047,1476.107,
2026-01-26 04:45:00,35.008,0.969,182.651,323.014,
2026-01-26 04:50:00,52.294,0.973,363.144,803.752,
2026-01-26 04:55:00,45.241,0.949,171.515,1489.315,
2026-01-26 05:00:00,48.425,0.921,265.643,1909.131,
2026-01-26 05:05:00,61.166,0.962,568.203,3364.062,
2026-01-26 05:10:00,53.374,0.96,306.993,1429.745,
2026-01-26 05:15:00,51.198,0.987,368.968,2630.675,
2026-01-26 05:20:00,50.692,0.988,392.39,1401.915,
2026-01-26 05:25:00,45.652,0.957,235.974,1292.285,
2026-01-26 05:30:00,48.842,0.991,287.422,2586.104,
2026-01-26 05:35:00,44.168,0.919,157.335,1267.302,
2026-01-26 05:45:00,35.382,0.802,220.99,2841.283,
2026-01-26 05:50:00,37.83,0.917,295.604,2496.441,
2026-01-26 05:55:00,32.931,0.968,344.07,6923.229,
2026-01-26 06:00:00,28.208,0.969,105.992,4355.756,
2026-01-26 06:05:00,36.567,0.935,213.482,4377.135,
2026-01-26 06:10:00,32.671,0.871,108.7,2990.103,
2026-01-26 06:15:00,36.128,0.934,134.844,2870.934,
2026-01-26 06:20:00,37.064,1.001,120.338,2220.972,
2026-01-26 06:25:00,28.087,0.928,168.266,3135.296,
2026-01-26 06:30:00,34.102,0.936,108.574,1148.684,
2026-01-26 06:35:00,38.6,0.912,237.935,3881.63,
2026-01-26 06:40:00,48.147,1.005,554.526,2454.824,
2026-01-26 06:45:00,39.893,0.813,338.508,3206.419,
2026-01-26 21:20:00,26.44,0.869,139.833,466.29,
2026-01-26 21:25:00,22.54,1.004,79.13,302.166,
2026-01-26 21:30:00,36.895,0.93,236.924,435.553,
2026-01-26 21:35:00,38.305,1.005,340.581,425.523,
2026-01-26 21:40:00,32.647,1.002,219.316,271.624,
2026-01-26 21:45:00,35.11,0.81,780.008,903.418,
2026-01-26 21:50:00,32.713,0.979,279.086,153.492,
2026-01-26 22:05:00,39.801,0.822,162.898,923.982,
2026-01-26 22:10:00,31.582,0.703,73.221,809.304,
2026-01-26 22:15:00,33.358,1.003,186.074,471.327,
2026-01-26 22:20:00,36.324,1.005,207.172,375.675,
2026-01-26 22:25:00,35.856,1.007,205.251,218.899,
2026-01-26 22:30:00,32.551,1.001,190.236,323.853,
2026-01-26 22:35:00,29.934,1.006,151.177,214.643,
2026-01-26 22:40:00,32.556,1.004,192.082,285.091,
2026-01-26 22:45:00,31.626,1.003,154.249,180.651,
2026-01-26 22:50:00,31.392,1.002,152.53,152.499,
2026-01-26 22:55:00,31.836,1.005,180.196,198.764,
2026-01-26 23:00:00,35.843,1.004,268.316,362.579,
2026-01-26 23:05:00,34.34,0.988,190.591,930.872,
2026-01-26 23:10:00,36.542,0.985,185.074,2119.32,
2026-01-26 23:15:00,28.982,1.002,130.017,612.631,
2026-01-26 23:20:00,28.955,0.978,121.93,363.231,
2026-01-26 23:25:00,22.375,0.984,59.95,292.798,
2026-01-26 23:30:00,29.472,0.956,107.804,345.709,
2026-01-26 23:35:00,33.705,1.002,216.033,1416.16,
2026-01-26 23:40:00,38.706,0.984,217.779,590.384,
2026-01-26 23:45:00,41.481,1.005,312.956,554.276,
2026-01-26 23:50:00,40.49,1.005,249.944,227.819,
2026-01-26 23:55:00,40.982,1.002,279.858,175.483,
2026-01-27 00:00:00,45.703,0.998,289.645,363.331,
2026-01-27 00:05:00,46.403,0.924,293.823,936.051,
2026-01-27 00:10:00,49.967,0.986,311.61,797.018,
2026-01-27 00:15:00,48.949,0.978,305.796,315.701,
2026-01-27 00:20:00,53.253,1.004,418.384,339.546,
2026-01-27 00:25:00,49.355,0.96,322.708,906.695,
2026-01-27 00:30:00,54.987,0.984,452.582,1225.817,
2026-01-27 00:35:00,45.475,1.002,278.292,391.719,
2026-01-27 00:40:00,42.096,0.904,215.937,248.346,
2026-01-27 00:45:00,42.161,0.947,214.31,1582.513,
2026-01-27 00:50:00,50.986,1.003,275.395,463.301,
2026-01-27 00:55:00,43.043,1.007,266.651,588.566,
2026-01-27 01:10:00,40.803,1.002,216.985,651.754,
2026-01-27 01:15:00,31.385,1.006,108.1,210.646,
2026-01-27 01:20:00,36.212,0.976,248.657,1099.474,
2026-01-27 01:25:00,48.451,0.965,310.432,816.069,
2026-01-27 01:30:00,48.63,0.968,326.79,2037.144,
2026-01-27 01:35:00,46.987,0.99,236.545,578.799,
2026-01-27 01:40:00,47.712,0.98,266.646,1015.131,
2026-01-27 01:45:00,48.975,1.008,273.743,784.423,
2026-01-27 01:50:00,49.079,0.968,255.047,1144.725,
2026-01-27 01:55:00,53.603,0.978,396.565,884.679,
2026-01-27 02:00:00,50.987,1.005,346.865,243.034,
2026-01-27 02:05:00,46.969,1.003,288.377,289.487,
2026-01-27 02:10:00,51.78,1.005,431.509,344.6,
2026-01-27 02:15:00,50.546,1.003,364.362,465.326,
2026-01-27 02:20:00,57.593,1.006,378.931,342.461,
2026-01-27 02:25:00,57.031,0.935,333.251,2677.568,
2026-01-27 02:30:00,57.079,0.949,516.095,1372.798,
2026-01-27 02:35:00,40.809,0.969,218.461,828.126,
2026-01-27 02:40:00,37.537,1.004,185.177,323.3,
2026-01-27 02:45:00,38.473,0.986,244.839,1012.777,
2026-01-27 02:50:00,47.507,0.946,402.093,546.356,
2026-01-27 02:55:00,35.064,0.977,188.576,646.919,
2026-01-27 03:00:00,34.078,1.004,162.314,388.898,
2026-01-27 03:05:00,30.145,0.975,128.934,584.137,
2026-01-27 03:10:00,37.771,0.971,190.468,2045.601,
2026-01-27 03:15:00,38.659,0.955,204.507,481.425,
2026-01-27 03:20:00,41.291,0.977,292.627,731.351,
2026-01-27 03:25:00,36.942,0.982,256.853,754.795,
2026-01-27 03:30:00,28.345,0.957,104.998,174.473,
2026-01-27 03:35:00,31.525,0.904,203.913,1658.196,
2026-01-27 03:40:00,35.757,0.99,126.044,1183.366,
2026-01-27 03:45:00,36.451,0.705,101.524,1277.729,
2026-01-27 03:55:00,27.04,0.937,65.551,462.836,
2026-01-27 04:00:00,42.624,0.929,269.265,1142.734,
2026-01-27 04:05:00,38.971,1.005,250.44,1569.909,
2026-01-27 04:10:00,33.697,0.958,113.348,2715.01,
2026-01-27 04:15:00,35.727,1.004,168.066,227.246,
2026-01-27 04:20:00,35.113,1.005,162.908,163.142,
2026-01-27 04:25:00,32.204,0.993,144.658,295.513,
2026-01-27 04:30:00,41.461,1.006,201.379,866.358,
2026-01-27 04:35:00,45.054,0.943,287.342,723.93,
2026-01-27 04:40:00,53.021,0.988,415.94,982.761,
2026-01-27 04:45:00,57.573,0.952,421.523,2648.365,
2026-01-27 04:50:00,56.669,0.988,383.272,3266.394,
2026-01-27 04:55:00,48.151,0.891,203.458,1646.742,
2026-01-27 05:00:00,77.433,0.962,610.458,4462.152,
2026-01-27 05:05:00,60.382,0.987,462.55,1759.662,
2026-01-27 05:10:00,59.906,0.92,395.409,3809.646,
2026-01-27 05:15:00,53.245,0.969,322.217,1812.023,
2026-01-27 05:20:00,50.249,0.988,483.271,3744.312,
2026-01-27 05:25:00,56.015,0.934,348.859,1477.537,
2026-01-27 05:30:00,51.699,0.929,388.467,2686.428,
2026-01-27 05:35:00,57.867,0.965,325.809,1164.204,
2026-01-27 22:05:00,32.731,1.003,183.114,548.428,
2026-01-27 22:10:00,42.603,1.002,375.382,270.691,
2026-01-27 22:15:00,40.728,0.925,252.41,322.48,
2026-01-27 22:20:00,34.548,0.998,217.025,293.603,
2026-01-27 22:25:00,36.044,1.006,244.367,128.44,
2026-01-27 22:30:00,34.839,1.004,254.061,110.686,
2026-01-27 22:35:00,36.778,1.004,242.259,202.901,
2026-01-27 22:40:00,37.093,1.002,306.582,194.182,
2026-01-27 22:45:00,36.007,1.006,235.229,296.145,
2026-01-27 22:50:00,34.76,1.001,229.281,301.29,
2026-01-27 22:55:00,36.282,1.0,246.617,202.101,
2026-01-27 23:00:00,35.428,1.006,244.424,273.497,
2026-01-27 23:05:00,35.6,0.957,265.643,211.796,
2026-01-27 23:10:00,32.293,0.963,157.921,2290.964,
2026-01-27 23:15:00,33.982,1.004,160.028,568.399,
2026-01-27 23:20:00,34.494,1.007,203.439,476.994,
2026-01-27 23:25:00,30.802,0.998,141.189,333.403,
2026-01-27 23:30:00,23.883,0.979,99.12,561.524,
2026-01-27 23:35:00,25.095,1.001,128.208,733.023,
2026-01-27 23:40:00,22.973,0.994,70.221,1376.635,
2026-01-27 23:45:00,17.701,0.982,51.486,940.301,
2026-01-27 23:50:00,46.3,0.97,314.382,540.361,
2026-01-27 23:55:00,20.857,0.981,59.128,545.922,
2026-01-28 00:00:00,18.202,1.002,38.666,650.515,
2026-01-28 00:05:00,21.228,1.002,93.041,286.496,
2026-01-28 00:10:00,22.699,1.0,89.203,208.276,
2026-01-28 00:15:00,25.288,0.986,97.408,608.674,
2026-01-28 00:20:00,22.481,1.004,55.256,209.876,
2026-01-28 00:25:00,27.932,0.889,114.143,783.987,
2026-01-28 00:30:00,42.57,0.923,186.995,1263.8,
2026-01-28 00:35:00,37.257,1.006,201.144,148.018,
2026-01-28 00:40:00,36.122,0.97,159.531,367.982,
2026-01-28 00:45:00,33.939,0.944,154.091,614.935,
2026-01-28 00:50:00,48.987,0.956,283.06,1489.422,
2026-01-28 00:55:00,36.715,0.949,125.262,749.609,
2026-01-28 01:00:00,40.55,0.962,207.014,648.7,
2026-01-28 01:05:00,44.098,0.937,266.394,1261.771,
2026-01-28 01:10:00,35.724,0.938,139.819,1761.676,
2026-01-28 01:15:00,44.895,0.949,229.79,1802.9,
2026-01-28 01:20:00,46.934,0.96,281.399,1043.822,
2026-01-28 01:25:00,43.388,0.961,279.939,513.745,
2026-01-28 01:30:00,47.731,0.956,290.035,1631.459,
2026-01-28 01:35:00,47.452,0.92,299.16,1263.103,
2026-01-28 01:40:00,45.091,0.946,242.512,1849.686,
2026-01-28 01:45:00,41.135,0.975,169.16,578.652,
2026-01-28 01:50:00,34.038,0.98,131.416,2493.073,
2026-01-28 01:55:00,40.804,0.839,308.675,1882.51,
2026-01-28 02:00:00,28.222,0.936,88.787,430.265,
2026-01-28 02:05:00,26.509,0.959,65.379,287.95,
2026-01-28 02:10:00,20.411,0.994,57.983,648.648,
2026-01-28 02:15:00,17.588,1.001,37.875,217.385,
2026-01-28 02:20:00,22.657,0.991,44.209,295.748,
2026-01-28 02:25:00,29.085,0.981,121.407,312.934,
2026-01-28 02:30:00,22.176,0.968,49.52,509.741,
2026-01-28 02:35:00,22.514,0.945,45.359,407.442,
2026-01-28 02:40:00,22.204,0.939,56.947,478.576,
2026-01-28 02:45:00,25.845,0.981,112.242,675.592,
2026-01-28 02:50:00,31.899,0.952,172.707,567.024,
2026-01-28 02:55:00,39.922,0.996,225.655,528.876,
2026-01-28 03:00:00,35.981,1.004,227.696,205.429,
2026-01-28 03:05:00,38.818,1.006,191.096,473.286,
2026-01-28 03:10:00,43.478,0.993,309.679,247.78,
2026-01-28 03:15:00,43.49,1.005,277.326,174.065,
2026-01-28 03:20:00,44.428,1.003,362.223,170.492,
2026-01-28 03:25:00,47.368,0.918,183.589,1247.437,
2026-01-28 03:30:00,42.963,0.948,271.967,436.287,
2026-01-28 03:35:00,46.461,0.907,339.352,529.533,
2026-01-28 03:40:00,59.079,0.925,476.853,1611.187,
2026-01-28 03:45:00,70.516,0.959,488.318,755.957,
2026-01-28 03:50:00,68.08,0.929,538.244,854.735,
2026-01-28 03:55:00,58.354,0.928,468.357,1487.512,
2026-01-28 04:00:00,57.223,0.996,409.647,941.821,
2026-01-28 04:05:00,55.443,0.967,415.136,668.631,
2026-01-28 04:10:00,64.866,0.968,431.586,3727.544,
2026-01-28 04:20:00,61.346,0.902,423.798,1670.662,
2026-01-28 04:25:00,59.005,0.912,299.135,1954.451,
2026-01-28 04:30:00,55.536,0.88,261.137,1994.681,
2026-01-28 04:40:00,30.714,0.812,127.633,946.88,
2026-01-28 04:45:00,30.187,0.758,186.963,661.857,
2026-02-14 00:00:00,34.341,0.999,198.209,166.604,
2026-02-14 00:05:00,39.052,1.004,270.131,153.715,
2026-02-14 00:10:00,41.598,1.001,273.476,308.994,
2026-02-14 00:35:00,32.002,0.813,93.124,495.463,
2026-02-14 00:40:00,27.477,1.003,89.154,411.059,
2026-02-14 00:45:00,28.536,0.986,108.603,597.594,
2026-02-14 00:50:00,22.263,1.005,63.648,211.251,
2026-02-14 00:55:00,27.285,1.002,139.217,414.112,
2026-02-14 01:00:00,35.667,1.005,217.92,357.212,
2026-02-14 01:05:00,40.463,0.934,292.383,1356.142,
2026-02-14 01:10:00,41.712,1.006,292.24,160.939,
2026-02-14 01:15:00,43.341,1.002,297.391,194.779,
2026-02-14 01:20:00,39.297,0.96,238.113,266.611,
2026-02-14 01:30:00,35.615,1.005,166.41,145.816,
2026-02-14 01:35:00,38.75,1.002,314.266,395.668,
2026-02-14 01:40:00,43.597,0.931,215.205,1241.55,
2026-02-14 01:45:00,35.219,0.996,170.579,397.344,
2026-02-14 01:50:00,36.992,1.004,234.205,251.67,
2026-02-14 01:55:00,40.605,0.863,121.517,672.355,
2026-02-14 02:00:00,44.667,1.004,402.026,233.249,
2026-02-14 02:05:00,44.515,0.894,227.401,3800.72,
2026-02-14 02:10:00,39.061,1.004,208.103,704.019,
2026-02-14 02:15:00,34.327,1.005,184.293,1862.17,
2026-02-14 02:20:00,26.767,0.987,93.342,385.656,
2026-02-14 02:25:00,48.323,0.9,266.296,1325.958,
2026-02-14 02:30:00,35.03,0.94,143.767,850.88,
2026-02-14 02:35:00,39.537,0.99,186.071,537.982,
2026-02-14 02:40:00,30.719,0.965,145.649,413.228,
2026-02-14 02:45:00,39.442,0.987,246.436,344.296,
2026-02-14 02:50:00,33.6,0.987,74.691,418.004,
2026-02-14 02:55:00,46.451,0.977,300.29,1665.323,
2026-02-14 03:00:00,37.926,1.001,205.668,389.801,
2026-02-14 03:05:00,35.457,1.006,153.215,785.273,
2026-02-14 03:10:00,34.677,0.989,154.807,1039.554,
2026-02-14 03:15:00,46.175,0.976,180.597,867.318,
2026-02-14 03:20:00,32.251,1.002,118.219,291.562,
2026-02-14 03:25:00,34.561,0.995,159.713,363.817,
2026-02-14 03:30:00,35.85,1.002,208.635,455.511,
2026-02-14 03:35:00,35.439,1.006,228.279,258.828,
2026-02-14 03:40:00,35.689,1.003,195.527,297.044,
2026-02-14 03:45:00,35.327,1.006,192.664,226.186,
2026-02-14 03:50:00,35.565,1.001,179.658,445.203,
2026-02-14 03:55:00,31.419,0.964,163.286,559.616,
2026-02-14 04:00:00,29.508,0.975,129.674,466.842,
2026-02-14 04:05:00,29.93,1.006,122.059,592.238,
2026-02-14 04:10:00,25.27,0.969,89.3,508.361,
2026-02-14 04:15:00,27.817,0.909,247.937,1934.733,
2026-02-14 04:20:00,29.085,0.991,143.762,859.982,
2026-02-14 04:25:00,32.092,0.973,232.627,1298.16,
2026-02-14 04:30:00,26.206,0.955,105.844,172.978,
2026-02-14 04:35:00,27.065,0.971,128.358,1312.598,
2026-02-14 04:40:00,27.009,0.91,90.735,1788.974,
2026-02-14 04:45:00,20.777,0.997,66.212,296.702,
2026-02-14 04:50:00,31.546,0.916,115.346,1498.388,
2026-02-14 04:55:00,48.041,0.891,352.356,1462.62,
2026-02-14 05:00:00,25.552,1.005,95.362,1326.82,
2026-02-14 05:05:00,24.021,0.952,61.082,658.87,
2026-02-14 05:10:00,28.549,0.975,160.649,1978.741,
2026-02-14 05:15:00,25.479,0.959,86.879,530.857,
2026-02-14 05:20:00,27.107,0.935,65.959,1503.499,
2026-02-14 05:25:00,29.973,0.97,167.161,482.004,
2026-02-14 05:30:00,29.773,0.931,126.426,835.422,
2026-02-14 05:35:00,30.218,0.891,126.63,1268.383,
2026-02-14 05:40:00,34.763,0.825,121.927,1596.427,
2026-02-14 05:45:00,39.506,0.997,262.444,665.13,
2026-02-14 21:25:00,19.721,0.939,57.599,1081.414,
2026-02-14 21:30:00,25.012,1.004,133.765,225.452,
2026-02-14 21:35:00,28.454,1.006,188.388,367.334,
2026-02-14 21:40:00,24.147,1.003,180.549,437.846,
2026-02-14 21:45:00,27.85,1.001,196.388,393.857,
2026-02-14 21:50:00,29.515,1.005,219.998,233.084,
2026-02-14 21:55:00,28.692,0.977,164.997,175.281,
2026-02-14 22:00:00,25.172,0.963,126.731,380.91,
2026-02-14 22:05:00,27.344,1.001,170.067,191.061,
2026-02-14 22:10:00,24.995,0.976,96.385,389.444,
2026-02-14 22:15:00,30.442,0.962,167.679,1217.669,
2026-02-14 22:20:00,30.737,1.004,148.268,297.369,
2026-02-14 22:25:00,30.239,1.003,131.842,196.925,
2026-02-14 22:30:00,31.006,0.969,158.321,354.157,
2026-02-14 22:35:00,28.696,1.007,133.423,244.411,
2026-02-14 22:40:00,28.245,0.968,122.643,1211.532,
2026-02-14 22:45:00,31.88,1.002,163.921,559.703,
2026-02-14 22:50:00,33.377,0.951,171.794,414.935,
2026-02-14 22:55:00,32.114,0.98,94.858,1009.162,
2026-02-14 23:00:00,32.176,0.972,157.468,1805.948,
2026-02-14 23:05:00,27.593,0.993,130.614,457.624,
2026-02-14 23:10:00,30.128,0.955,162.886,185.535,
2026-02-14 23:15:00,29.329,1.005,160.803,151.01,
2026-02-14 23:20:00,27.362,1.001,109.646,195.44,
2026-02-14 23:25:00,30.332,1.004,163.291,185.748,
2026-02-14 23:30:00,26.615,1.004,111.868,179.524,
2026-02-14 23:35:00,30.031,1.003,163.942,196.577,
2026-02-14 23:40:00,28.614,1.006,122.983,397.705,
2026-02-14 23:45:00,30.447,1.004,123.78,252.155,
2026-02-14 23:50:00,38.074,0.905,188.664,868.912,
2026-02-14 23:55:00,32.302,1.006,173.714,785.172,
2026-02-15 00:00:00,25.524,0.965,96.342,438.804,
2026-02-15 00:05:00,27.05,0.991,110.445,770.961,
2026-02-15 00:10:00,24.822,0.962,82.202,475.76,
2026-02-15 00:15:00,32.464,0.943,174.484,485.282,
2026-02-15 00:25:00,26.122,0.976,105.407,174.791,
2026-02-15 00:35:00,59.694,0.96,844.28,601.171,
2026-02-15 00:40:00,31.821,0.961,180.154,402.185,
2026-02-15 00:45:00,31.758,0.933,133.018,1180.472,
2026-02-15 00:50:00,29.938,0.961,149.09,1275.582,
2026-02-15 00:55:00,34.512,0.997,205.044,1173.823,
2026-02-15 01:00:00,29.137,0.93,101.779,290.055,
2026-02-15 01:05:00,27.371,1.003,114.709,904.423,
2026-02-15 01:10:00,34.412,0.98,236.909,1373.006,
2026-02-15 01:15:00,23.082,1.002,61.386,150.465,
2026-02-15 01:20:00,19.72,0.988,65.817,232.774,
2026-02-15 01:25:00,26.212,0.965,93.502,431.46,
2026-02-15 01:30:00,31.517,0.869,90.989,1148.216,
2026-02-15 01:35:00,32.089,1.003,141.192,258.864,
2026-02-15 01:40:00,40.291,1.004,255.505,608.164,
2026-02-15 01:45:00,41.299,0.994,240.235,1261.621,
2026-02-15 01:50:00,39.125,1.004,306.317,578.13,
2026-02-15 01:55:00,39.842,1.002,273.07,190.746,
2026-02-15 02:00:00,39.266,0.989,235.657,469.075,
2026-02-15 02:05:00,42.338,0.874,262.489,902.111,
2026-02-15 02:10:00,45.599,1.002,287.193,454.701,
2026-02-15 02:15:00,47.661,1.006,390.454,262.239,
2026-02-15 02:20:00,42.845,0.973,261.203,382.377,
2026-02-15 02:25:00,45.787,0.94,233.206,2768.105,
2026-02-15 02:30:00,43.513,0.929,219.01,1186.15,
2026-02-15 02:35:00,38.188,1.003,244.848,363.977,
2026-02-15 02:40:00,39.664,0.974,249.404,344.263,
2026-02-15 02:45:00,41.035,0.985,290.597,846.781,
2026-02-15 02:50:00,29.076,0.992,90.698,1323.934,
2026-02-15 02:55:00,34.701,0.939,178.536,845.085,
2026-02-15 03:00:00,35.748,0.958,182.499,664.212,
2026-02-15 03:05:00,38.617,0.954,222.716,772.125,
2026-02-15 03:10:00,42.666,1.005,241.71,1231.722,
2026-02-15 03:15:00,28.958,1.006,113.9,563.596,
2026-02-15 03:20:00,31.379,1.004,114.446,376.561,
2026-02-15 03:25:00,37.032,0.949,224.378,558.094,
2026-02-15 03:30:00,37.261,0.977,170.657,918.545,
2026-02-15 03:35:00,43.337,0.989,374.378,2820.727,
2026-02-15 03:40:00,33.394,0.763,80.697,657.289,
2026-02-15 03:50:00,36.863,1.005,239.636,501.915,
2026-02-15 03:55:00,30.787,1.006,176.193,230.731,
2026-02-15 04:00:00,32.417,0.971,191.034,420.406,
2026-02-15 04:05:00,32.22,1.007,200.662,244.441,
2026-02-15 04:10:00,34.589,0.984,169.584,537.354,
2026-02-15 04:15:00,29.494,0.985,133.96,319.224,
2026-02-15 04:20:00,30.449,0.92,113.272,589.221,
2026-02-15 04:25:00,32.97,0.956,161.602,455.798,
2026-02-15 04:30:00,28.974,0.956,89.85,447.078,
2026-02-15 04:35:00,34.571,0.953,149.683,727.197,
2026-02-15 04:40:00,26.739,0.953,107.877,954.417,
2026-02-15 04:45:00,28.018,0.957,102.054,1155.714,
2026-02-15 04:50:00,35.959,0.944,189.84,3368.979,
2026-02-15 04:55:00,24.697,0.975,143.191,690.85,
2026-02-15 05:00:00,19.059,0.901,37.865,662.645,
2026-02-15 05:05:00,22.215,0.849,52.291,453.926,
2026-02-15 05:10:00,32.803,0.985,210.062,1247.526,
2026-02-15 05:15:00,32.204,0.933,167.96,774.688,
2026-02-15 22:15:00,29.623,0.752,83.966,1446.208,
2026-02-15 22:20:00,32.343,0.989,152.653,702.162,
2026-02-15 22:25:00,37.957,0.916,217.69,170.046,
2026-02-15 22:30:00,40.744,0.988,307.768,289.815,
2026-02-15 22:35:00,36.985,1.006,258.757,321.313,
2026-02-15 22:40:00,39.018,1.005,272.45,165.848,
2026-02-15 22:45:00,37.061,1.003,223.725,147.899,
2026-02-15 22:50:00,36.185,0.991,267.23,179.454,
2026-02-15 22:55:00,29.194,1.002,167.626,108.171,
2026-02-15 23:00:00,31.167,1.005,134.558,436.491,
2026-02-15 23:05:00,30.222,1.005,154.409,231.894,
2026-02-15 23:10:00,28.685,1.001,156.026,182.091,
2026-02-15 23:15:00,28.773,0.951,120.702,536.797,
2026-02-15 23:20:00,26.689,0.992,93.911,490.001,
2026-02-15 23:25:00,26.787,0.96,127.43,289.949,
2026-02-15 23:30:00,31.765,1.004,164.12,498.602,
2026-02-15 23:35:00,28.242,1.004,118.946,425.076,
2026-02-15 23:40:00,27.813,0.981,122.14,490.117,
2026-02-15 23:45:00,24.444,0.989,114.996,432.124,
2026-02-15 23:50:00,26.03,0.979,100.37,200.235,
2026-02-15 23:55:00,30.793,0.986,130.655,1011.396,
2026-02-16 00:00:00,32.667,0.965,173.059,448.047,
2026-02-16 00:05:00,33.652,0.978,189.629,190.903,
2026-02-16 00:10:00,40.176,1.006,256.848,253.155,
2026-02-16 00:15:00,29.484,1.005,158.272,1615.403,
2026-02-16 00:20:00,33.249,1.003,170.951,215.725,
2026-02-16 00:25:00,30.325,0.999,170.214,179.549,
2026-02-16 00:30:00,30.449,1.005,158.287,324.248,
2026-02-16 00:35:00,36.411,0.895,200.462,463.173,
2026-02-16 00:40:00,31.405,0.991,151.383,684.207,
2026-02-16 00:45:00,32.356,1.0,170.972,246.808,
2026-02-16 00:50:00,31.833,0.959,172.008,855.304,
2026-02-16 00:55:00,33.631,1.0,140.405,227.943,
2026-02-16 01:00:00,31.436,0.988,144.319,1068.299,
2026-02-16 01:05:00,31.873,0.987,166.886,488.463,
2026-02-16 01:10:00,34.47,0.999,180.144,1206.229,
2026-02-16 01:15:00,38.095,0.826,163.81,1136.477,
2026-02-16 01:20:00,32.058,0.981,152.683,698.39,
2026-02-16 01:25:00,25.169,1.0,59.541,749.18,
2026-02-16 01:30:00,35.055,0.964,116.049,1275.813,
2026-02-16 01:35:00,34.285,0.966,103.102,1294.906,
2026-02-16 01:40:00,26.773,1.002,85.037,1502.049,
2026-02-16 01:45:00,25.665,1.002,59.22,193.256,
2026-02-16 01:50:00,37.318,0.979,156.607,2633.496,
2026-02-16 01:55:00,33.881,0.852,203.929,637.836,
2026-02-16 02:00:00,54.035,1.003,378.685,499.188,
2026-02-16 02:05:00,58.06,0.987,426.989,578.929,
2026-02-16 02:10:00,60.359,0.995,520.937,109.204,
2026-02-16 02:15:00,50.892,1.004,339.253,210.907,
2026-02-16 02:20:00,21.321,1.001,89.905,163.323,
2026-02-16 02:25:00,24.1,0.989,94.209,153.781,
2026-02-16 02:30:00,23.963,0.981,70.468,454.586,
2026-02-16 02:35:00,32.521,1.002,227.014,269.934,
2026-02-16 02:40:00,24.092,1.003,102.535,194.857,
2026-02-16 02:45:00,21.936,1.003,63.535,225.928,
2026-02-16 02:50:00,23.45,0.981,62.585,681.925,
2026-02-16 02:55:00,54.289,0.959,419.262,409.823,
2026-02-16 03:00:00,57.293,0.972,535.945,209.476,
2026-02-16 03:05:00,30.485,0.926,127.052,595.86,
2026-02-16 03:10:00,28.436,0.975,102.303,1285.742,
2026-02-16 03:15:00,34.856,0.967,207.905,1054.926,
2026-02-16 03:20:00,33.591,0.955,139.536,1636.357,
2026-02-16 03:25:00,30.719,0.96,142.378,571.905,
2026-02-16 03:30:00,28.835,1.0,152.31,665.176,
2026-02-16 03:35:00,21.841,1.001,44.718,350.298,
2026-02-16 03:40:00,28.973,1.003,944.737,2027.582,
2026-02-16 03:45:00,31.008,0.957,179.578,936.275,
2026-02-16 03:50:00,24.516,1.006,51.668,312.568,
2026-02-16 03:55:00,27.876,0.906,95.722,453.081,
2026-02-16 04:00:00,18.122,1.001,30.988,274.038,
2026-02-16 04:05:00,19.557,1.004,38.347,549.525,
2026-02-16 04:10:00,23.406,0.968,79.201,1247.937,
2026-02-16 04:15:00,53.824,0.98,357.164,346.55,
2026-02-16 04:20:00,29.49,0.96,96.55,822.803,
2026-02-16 04:25:00,23.001,0.997,110.346,229.036,
2026-02-16 04:30:00,24.19,1.004,102.976,149.03,
2026-02-16 04:35:00,24.717,0.996,101.705,204.098,
2026-02-16 04:40:00,32.501,0.981,187.681,344.701,
2026-02-16 04:45:00,31.326,0.96,221.286,1374.61,
2026-02-16 04:50:00,24.536,0.976,88.625,238.755,
2026-02-16 04:55:00,22.426,1.003,74.117,422.826,
2026-02-16 05:00:00,27.199,1.003,123.061,374.984,
2026-02-16 05:05:00,29.869,1.006,157.262,237.458,
2026-02-16 05:10:00,31.932,0.887,129.845,931.252,
2026-02-16 05:15:00,32.489,0.961,199.301,1592.052,
2026-02-16 05:20:00,27.716,0.981,115.77,777.069,
2026-02-16 05:25:00,31.887,0.975,178.416,915.158,
2026-02-16 05:30:00,27.411,0.945,106.825,288.15,
2026-02-16 05:35:00,39.717,0.943,166.984,1573.032,
2026-02-16 05:40:00,38.424,1.004,261.596,1771.255,
2026-02-16 05:45:00,34.172,0.919,170.181,685.598,
2026-02-16 05:50:00,25.219,0.972,110.922,1531.491,
2026-02-16 05:55:00,20.332,0.96,100.651,643.088,
2026-02-17 00:00:00,23.863,1.001,103.923,107.844,
2026-02-17 00:05:00,30.243,1.003,130.569,190.251,
2026-02-17 00:10:00,57.076,1.003,481.066,131.684,
2026-02-17 00:15:00,30.635,0.957,120.637,908.195,
2026-02-17 00:20:00,26.508,0.94,81.552,1743.952,
2026-02-17 00:25:00,31.036,1.004,148.178,212.223,
2026-02-17 00:30:00,32.569,0.974,121.76,1241.172,
2026-02-17 00:35:00,36.049,0.997,189.083,303.61,
2026-02-17 00:40:00,26.009,0.953,79.98,559.145,
2026-02-17 00:45:00,31.738,1.008,156.103,420.551,
2026-02-17 00:50:00,33.45,0.999,174.602,294.97,
2026-02-17 00:55:00,33.996,0.994,145.861,502.858,
2026-02-17 01:00:00,36.036,0.927,201.497,797.524,
2026-02-17 01:05:00,40.608,0.999,262.129,154.551,
2026-02-17 01:10:00,39.071,0.949,175.111,1059.783,
2026-02-17 01:15:00,31.688,1.003,149.868,926.022,
2026-02-17 01:20:00,34.305,1.004,173.974,1285.655,
2026-02-17 01:25:00,42.079,0.987,278.405,1002.302,
2026-02-17 01:30:00,27.151,1.005,100.503,433.888,
2026-02-17 01:35:00,32.587,0.957,156.053,1243.16,
2026-02-17 01:40:00,35.646,0.988,160.294,1202.282,
2026-02-17 01:45:00,31.148,1.005,101.433,1034.985,
2026-02-17 01:50:00,28.956,0.999,86.555,121.942,
2026-02-17 01:55:00,27.805,0.933,88.775,925.282,
2026-02-17 02:00:00,35.444,0.963,164.399,1454.953,
2026-02-17 02:05:00,30.31,0.931,117.905,810.5,
2026-02-17 02:10:00,28.201,0.985,104.57,578.065,
2026-02-17 02:15:00,35.368,0.963,139.919,1322.199,
2026-02-17 02:20:00,34.774,0.954,167.357,1618.318,
2026-02-17 02:25:00,32.279,0.894,108.688,693.476,
2026-02-17 02:30:00,26.56,1.001,101.261,252.138,
2026-02-17 02:35:00,32.621,0.944,168.552,256.082,
2026-02-17 02:40:00,43.114,0.986,249.855,812.904,
2026-02-17 02:45:00,36.746,1.004,203.453,294.276,
2026-02-17 02:50:00,34.966,1.007,161.817,276.792,
2026-02-17 02:55:00,37.565,1.004,188.446,220.932,
2026-02-17 03:00:00,35.136,1.001,175.157,269.509,
2026-02-17 03:05:00,36.088,0.981,212.801,412.744,
2026-02-17 03:10:00,36.771,0.949,150.388,861.057,
2026-02-17 03:15:00,39.362,0.979,241.558,921.461,
2026-02-17 03:20:00,39.078,0.977,189.452,601.468,
2026-02-17 03:25:00,35.404,0.975,170.159,860.322,
2026-02-17 03:30:00,34.804,0.977,226.947,170.448,
2026-02-17 03:35:00,36.473,1.003,155.98,1069.563,
2026-02-17 03:40:00,29.118,0.993,107.364,1110.67,
2026-02-17 03:45:00,27.731,0.953,126.381,621.068,
2026-02-17 03:50:00,25.445,0.948,87.693,1247.268,
2026-02-17 03:55:00,29.068,0.957,124.671,661.139,
2026-02-17 04:00:00,30.026,0.991,112.026,1310.957,
2026-02-17 04:05:00,33.227,0.966,188.404,543.572,
2026-02-17 04:10:00,20.132,0.949,60.591,957.321,
2026-02-17 04:15:00,35.696,0.895,220.25,1161.331,
2026-02-17 04:20:00,35.71,0.983,207.688,416.88,
2026-02-17 04:25:00,46.733,0.838,278.613,391.883,
2026-02-17 04:30:00,40.092,1.007,227.44,710.935,
2026-02-17 04:35:00,42.283,1.001,202.39,251.925,
2026-02-17 04:40:00,37.651,0.959,205.204,702.363,
2026-02-17 04:45:00,32.934,1.002,184.561,312.884,
2026-02-17 04:50:00,26.943,1.004,116.478,153.899,
2026-02-17 04:55:00,28.732,0.995,146.094,194.512,
2026-02-17 05:00:00,29.731,0.965,124.174,449.788,
2026-02-17 05:05:00,25.191,0.984,94.195,861.638,
2026-02-17 05:10:00,58.24,0.974,552.073,460.676,
2026-02-17 05:15:00,36.425,0.942,228.976,1739.401,
2026-02-17 05:20:00,31.809,0.919,111.937,2042.755,
2026-02-17 05:25:00,29.366,1.002,176.84,1103.489,
2026-02-17 05:30:00,54.597,0.918,346.79,1007.285,
2026-02-17 05:35:00,64.808,1.005,388.963,151.17,
2026-02-17 05:40:00,34.853,1.0,70.371,114.78,
2026-02-17 05:45:00,27.46,0.917,106.035,899.411,
2026-02-17 05:50:00,40.223,0.977,263.206,1603.381,
2026-02-17 05:55:00,33.139,0.912,143.071,1031.334,
2026-02-17 21:40:00,48.369,0.749,287.71,577.843,
2026-02-17 21:50:00,46.587,1.004,309.117,780.577,
2026-02-17 21:55:00,50.368,0.917,460.701,626.126,
2026-02-17 22:00:00,52.392,1.008,489.7,356.258,
2026-02-17 22:05:00,51.143,1.0,402.761,435.008,
2026-02-17 22:10:00,49.283,1.005,425.669,235.452,
2026-02-17 22:15:00,47.173,1.007,393.323,244.25,
2026-02-17 22:20:00,41.826,1.002,281.722,202.281,
2026-02-17 22:25:00,38.328,0.983,281.117,463.389,
2026-02-17 22:30:00,41.74,0.997,298.805,222.588,
2026-02-17 22:35:00,37.242,1.006,261.553,251.868,
2026-02-17 22:40:00,37.581,0.982,263.416,190.202,
2026-02-17 22:45:00,33.303,1.004,183.547,741.18,
2026-02-17 22:50:00,35.895,0.997,201.356,753.021,
2026-02-17 22:55:00,37.506,1.003,237.273,177.419,
2026-02-17 23:00:00,29.137,1.006,101.053,340.933,
2026-02-17 23:05:00,28.401,0.984,107.71,402.324,
2026-02-17 23:10:00,31.826,1.001,88.153,504.728,
2026-02-17 23:15:00,29.652,1.006,187.548,469.102,
2026-02-17 23:20:00,32.369,1.004,143.823,529.205,
2026-02-17 23:25:00,35.9,0.956,174.373,1218.172,
2026-02-17 23:30:00,35.278,1.006,217.097,323.221,
2026-02-17 23:35:00,36.211,1.001,207.206,1311.268,
2026-02-17 23:40:00,38.433,1.006,239.867,181.527,
2026-02-17 23:45:00,37.466,1.003,229.538,205.826,
2026-02-17 23:50:00,36.592,1.007,224.224,103.432,
2026-02-17 23:55:00,43.533,1.0,338.638,538.947,
2026-02-18 00:00:00,40.982,0.99,266.812,119.791,
2026-02-18 00:05:00,31.297,0.919,108.664,1519.114,
2026-02-18 00:10:00,29.87,0.985,122.675,215.184,
2026-02-18 00:15:00,28.028,0.93,80.009,312.251,
2026-02-18 00:20:00,26.7,0.935,90.663,714.752,
2026-02-18 00:25:00,33.778,1.006,198.759,274.656,
2026-02-18 00:30:00,30.776,1.006,139.117,373.425,
2026-02-18 00:35:00,29.544,1.001,102.544,807.95,
2026-02-18 00:40:00,26.631,0.947,96.829,572.032,
2026-02-18 00:45:00,24.781,0.939,97.103,567.699,
2026-02-18 00:50:00,25.4,0.975,269.928,1259.979,
2026-02-18 00:55:00,31.806,0.963,140.01,309.683,
2026-02-18 01:00:00,41.197,0.905,220.078,1381.3,
2026-02-18 01:05:00,43.586,0.975,242.563,907.505,
2026-02-18 01:10:00,37.067,0.915,147.439,820.413,
2026-02-18 01:15:00,45.518,0.938,263.422,2314.486,
2026-02-18 01:20:00,33.692,1.001,113.6,433.611,
2026-02-18 01:25:00,32.271,0.971,116.714,505.863,
2026-02-18 01:30:00,37.012,0.989,116.449,426.725,
2026-02-18 01:35:00,41.759,0.974,186.699,1328.588,
2026-02-18 01:40:00,40.068,0.987,233.169,1929.072,
2026-02-18 01:45:00,43.965,0.987,246.44,1544.102,
2026-02-18 01:50:00,43.628,0.985,220.47,1022.922,
2026-02-18 01:55:00,35.978,1.006,94.325,839.008,
2026-02-18 02:00:00,25.823,0.965,47.88,1143.353,
2026-02-18 02:05:00,44.641,1.006,303.067,648.771,
2026-02-18 02:10:00,47.886,0.988,308.173,725.359,
2026-02-18 02:15:00,38.835,0.933,170.001,642.247,
2026-02-18 02:20:00,27.898,1.002,136.389,176.762,
2026-02-18 02:25:00,23.58,1.005,74.104,201.225,
2026-02-18 02:30:00,28.515,1.005,115.824,499.902,
2026-02-18 02:35:00,26.752,0.981,71.994,775.324,
2026-02-18 02:40:00,30.927,1.0,131.522,425.403,
2026-02-18 02:45:00,34.569,1.008,178.247,416.216,
2026-02-18 02:50:00,32.828,1.001,145.34,179.445,
2026-02-18 02:55:00,30.854,0.974,158.138,872.037,
2026-02-18 03:00:00,35.0,0.991,254.639,1625.605,
2026-02-18 03:05:00,36.152,0.922,196.723,752.65,
2026-02-18 03:10:00,51.099,0.967,329.952,925.22,
2026-02-18 03:15:00,38.453,1.006,224.22,205.967,
2026-02-18 03:20:00,45.46,0.968,246.381,961.541,
2026-02-18 03:25:00,34.593,0.953,234.683,724.162,
2026-02-18 03:30:00,35.798,0.96,148.649,1710.95,
2026-02-18 03:35:00,27.833,0.964,72.607,1819.806,
2026-02-18 03:40:00,31.954,0.972,120.982,1470.656,
2026-02-18 03:45:00,40.463,0.933,194.859,4086.128,
2026-02-18 03:50:00,37.493,0.942,171.034,913.956,
2026-02-18 03:55:00,34.145,0.965,180.849,479.235,
2026-02-18 04:00:00,32.855,0.86,78.98,1197.455,
2026-02-18 04:05:00,54.221,0.971,391.763,986.7,
2026-02-18 04:10:00,45.371,1.004,267.414,309.961,
2026-02-18 04:15:00,47.937,0.977,239.891,1469.918,
2026-02-18 04:20:00,48.339,0.986,217.421,1234.705,
2026-02-18 04:25:00,41.724,0.948,205.783,3246.114,
2026-02-18 04:30:00,41.186,0.961,125.488,2558.118,
2026-02-18 04:35:00,49.489,0.874,139.282,1993.714,
2026-02-18 04:40:00,51.379,0.973,273.22,1030.783,
2026-02-18 04:50:00,65.116,0.841,4120.055,11295.888,
2026-02-18 04:55:00,35.743,1.005,190.057,975.95,
2026-02-18 05:00:00,29.383,0.945,95.477,707.871,
2026-02-18 05:05:00,32.582,0.916,126.656,729.366,
2026-02-18 05:10:00,46.171,0.864,271.223,1305.345,
2026-02-18 05:15:00,36.553,0.975,173.157,1513.679,
2026-02-18 05:20:00,45.43,0.925,255.688,2408.493,
2026-02-18 05:25:00,53.522,0.999,571.115,1702.217,
2026-02-18 05:30:00,53.54,0.96,510.724,1573.015,
2026-02-18 05:35:00,54.041,1.003,484.983,1594.929,
2026-02-18 05:40:00,48.335,0.909,299.097,1630.181,
2026-02-18 05:45:00,44.572,0.998,257.006,1365.243,
2026-02-18 05:50:00,41.493,0.968,206.194,2726.023,
2026-02-18 05:55:00,37.64,0.891,166.501,1662.746,
2026-02-18 22:20:00,32.78,0.975,93.55,2232.969,
2026-02-18 22:25:00,31.11,0.998,118.548,1466.016,
2026-02-18 22:30:00,26.126,0.876,67.078,1211.927,
2026-02-18 22:35:00,23.855,0.792,49.073,923.982,
2026-02-18 22:40:00,34.077,1.006,234.304,712.907,
2026-02-18 22:45:00,46.816,0.97,428.777,613.717,
2026-02-18 22:50:00,43.318,1.004,350.048,521.803,
2026-02-18 22:55:00,42.282,0.992,374.487,128.848,
2026-02-18 23:00:00,46.039,1.004,410.704,148.223,
2026-02-18 23:05:00,52.326,1.006,499.503,260.699,
2026-02-18 23:10:00,50.909,0.936,394.191,227.713,
2026-02-18 23:15:00,41.178,0.968,315.734,382.797,
2026-02-18 23:20:00,35.542,1.007,236.413,344.949,
2026-02-18 23:25:00,41.697,0.993,317.636,267.738,
2026-02-18 23:30:00,33.911,0.999,168.062,212.913,
2026-02-18 23:35:00,31.939,0.9,113.641,501.067,
2026-02-18 23:40:00,29.759,0.948,119.676,715.024,
2026-02-18 23:45:00,26.55,0.982,95.305,719.282,
2026-02-18 23:50:00,22.806,0.965,60.805,442.605,
2026-02-18 23:55:00,27.392,0.958,72.883,742.158,
2026-02-19 00:00:00,29.059,0.966,106.001,239.794,
2026-02-19 00:05:00,34.307,0.943,125.119,873.058,
2026-02-19 00:10:00,23.118,0.965,61.088,552.936,
2026-02-19 00:15:00,31.852,0.919,71.225,836.86,
2026-02-19 00:20:00,23.248,0.985,58.158,583.608,
2026-02-19 00:25:00,22.063,1.0,60.816,236.941,
2026-02-19 00:30:00,24.42,0.925,59.993,538.086,
2026-02-19 00:35:00,47.421,1.006,360.306,336.898,
2026-02-19 00:40:00,52.218,1.0,356.125,373.113,
2026-02-19 00:45:00,53.831,0.956,408.903,369.499,
2026-02-19 00:50:00,47.766,1.001,277.832,222.909,
2026-02-19 00:55:00,52.366,1.009,485.429,248.305,
2026-02-19 01:00:00,55.02,0.911,245.08,1908.109,
2026-02-19 01:05:00,46.359,1.005,284.86,706.188,
2026-02-19 01:10:00,43.265,1.002,239.374,452.267,
2026-02-19 01:15:00,47.174,0.981,295.783,734.295,
2026-02-19 01:20:00,46.69,0.937,294.347,1258.036,
2026-02-19 01:25:00,57.468,0.955,391.023,310.054,
2026-02-19 01:30:00,57.72,0.947,396.003,1262.77,
2026-02-19 01:35:00,36.902,0.86,89.195,831.109,
2026-02-19 01:40:00,39.257,0.934,201.223,1153.366,
2026-02-19 01:45:00,37.513,0.855,155.749,893.139,
2026-02-19 01:50:00,36.74,0.985,214.401,766.894,
2026-02-19 01:55:00,34.988,1.007,164.917,575.142,
2026-02-19 02:00:00,49.123,1.005,346.802,1247.179,
2026-02-19 02:05:00,48.514,0.953,313.534,620.959,
2026-02-19 02:10:00,50.281,0.898,371.844,1189.629,
2026-02-19 02:15:00,45.635,0.998,375.276,359.973,
2026-02-19 02:20:00,58.49,0.826,271.092,1068.771,
2026-02-19 02:25:00,53.948,0.962,401.295,1506.323,
2026-02-19 02:30:00,51.406,0.955,389.887,413.747,
2026-02-19 02:35:00,50.709,0.994,359.212,1041.342,
2026-02-19 02:40:00,48.885,0.963,306.776,1160.177,
2026-02-19 02:45:00,70.899,0.942,605.628,2096.629,
2026-02-19 02:50:00,53.37,0.948,257.149,1609.484,
2026-02-19 02:55:00,51.674,0.879,322.484,1305.717,
2026-02-19 03:00:00,51.312,0.928,218.613,3331.921,
2026-02-19 03:05:00,39.313,0.968,175.803,2602.234,
2026-02-19 03:10:00,49.579,0.971,315.878,2154.12,
2026-02-19 03:20:00,44.227,0.813,388.921,1234.024,
2026-02-19 03:25:00,34.256,0.937,157.809,827.251,
2026-02-19 03:30:00,38.358,0.933,179.975,717.547,
2026-02-19 03:35:00,21.504,0.973,51.269,347.771,
2026-02-19 03:40:00,35.726,0.918,137.298,1789.849,
2026-02-19 03:45:00,21.462,0.948,74.657,1438.615,
2026-02-19 03:50:00,38.054,1.005,208.199,728.64,
2026-02-19 03:55:00,52.926,0.887,425.766,739.781,
2026-02-19 04:00:00,47.63,0.988,285.533,845.354,
2026-02-19 04:05:00,51.184,1.002,377.954,1678.024,
2026-02-19 04:10:00,41.647,0.965,184.272,770.176,
2026-02-19 04:15:00,56.799,1.003,421.469,2244.469,
2026-02-19 04:20:00,57.205,0.987,344.438,1925.86,
2026-02-19 04:25:00,53.622,1.005,354.777,1550.681,
2026-02-19 04:30:00,53.632,0.94,334.556,1988.93,
2026-02-19 04:35:00,57.902,0.945,459.858,1461.303,
2026-02-19 04:40:00,55.503,0.934,324.429,1106.07,
2026-02-19 04:45:00,68.99,1.001,624.153,1437.51,
2026-02-19 04:50:00,53.563,1.004,351.962,945.755,
2026-02-19 04:55:00,58.83,1.002,541.434,390.814,
2026-02-19 05:00:00,64.34,0.997,653.149,404.065,
2026-02-19 05:05:00,62.973,1.006,665.282,288.518,
2026-02-19 05:10:00,68.229,1.005,730.448,374.324,
2026-02-19 05:15:00,64.004,0.926,778.941,286.843,
2026-02-19 05:20:00,37.514,0.965,119.625,975.113,
2026-02-19 05:40:00,30.987,0.888,99.095,587.157,
2026-02-19 05:45:00,35.026,0.825,143.068,923.999,
2026-02-19 05:50:00,28.326,0.966,89.579,939.092,
2026-02-19 22:50:00,29.745,0.778,179.222,772.498,
2026-02-19 22:55:00,26.21,0.897,70.74,417.752,
2026-02-19 23:00:00,39.73,0.898,326.965,318.888,
2026-02-19 23:05:00,44.491,0.998,425.811,274.853,
2026-02-19 23:10:00,43.953,0.92,353.572,153.412,
2026-02-19 23:15:00,45.004,1.001,446.738,310.356,
2026-02-19 23:20:00,45.394,1.003,387.896,122.693,
2026-02-19 23:25:00,47.116,1.003,388.162,108.295,
2026-02-19 23:30:00,46.292,1.004,375.12,160.736,
2026-02-19 23:35:00,45.537,1.004,356.389,235.604,
2026-02-19 23:40:00,47.055,1.003,410.599,233.19,
2026-02-19 23:45:00,43.979,0.951,290.209,1179.498,
2026-02-19 23:50:00,30.496,0.939,127.953,196.07,
2026-02-19 23:55:00,43.498,1.003,257.385,200.059,
2026-02-20 00:00:00,39.076,0.998,281.86,75.838,
2026-02-20 00:05:00,32.77,0.955,120.28,247.199,
2026-02-20 00:10:00,41.224,1.006,369.432,904.534,
2026-02-20 00:15:00,34.553,1.001,220.341,374.07,
2026-02-20 00:20:00,20.948,1.001,109.673,756.394,
2026-02-20 00:25:00,27.629,0.901,71.14,614.67,
2026-02-20 00:30:00,39.279,0.98,231.909,657.73,
2026-02-20 00:35:00,38.748,1.004,189.38,294.388,
2026-02-20 00:40:00,38.636,1.005,183.802,196.99,
2026-02-20 00:45:00,39.281,1.005,226.277,211.589,
2026-02-20 00:50:00,35.244,1.002,139.376,511.566,
2026-02-20 00:55:00,40.135,1.005,225.941,316.846,
2026-02-20 01:00:00,36.164,0.996,194.144,214.412,
2026-02-20 01:05:00,44.705,1.005,266.519,479.372,
2026-02-20 01:10:00,42.632,0.888,285.579,248.308,
2026-02-20 01:25:00,25.106,0.946,109.297,206.107,
2026-02-20 01:30:00,28.523,0.961,100.729,370.086,
2026-02-20 01:35:00,27.169,0.98,133.941,330.555,
2026-02-20 01:40:00,28.272,0.926,109.273,715.871,
2026-02-20 01:45:00,30.222,1.004,158.125,879.724,
2026-02-20 01:50:00,27.382,0.976,113.489,339.197,
2026-02-20 01:55:00,37.118,0.97,163.082,873.557,
2026-02-20 02:00:00,26.984,0.939,108.589,484.906,
2026-02-20 02:05:00,35.735,1.005,169.413,264.687,
2026-02-20 02:10:00,30.813,0.962,127.195,424.044,
2026-02-20 02:15:00,31.978,0.921,95.611,1251.014,
2026-02-20 02:20:00,20.869,1.006,65.936,410.577,
2026-02-20 02:25:00,18.62,0.968,39.685,375.365,
2026-02-20 02:30:00,15.24,1.003,26.327,200.88,
2026-02-20 02:35:00,23.78,0.92,63.917,925.996,
2026-02-20 02:40:00,41.775,0.911,229.005,393.792,
2026-02-20 02:45:00,28.725,1.006,112.364,340.591,
2026-02-20 02:50:00,30.096,1.004,115.309,205.791,
2026-02-20 02:55:00,33.875,1.004,163.184,764.246,
2026-02-20 03:00:00,35.648,1.002,184.34,215.567,
2026-02-20 03:05:00,45.657,0.947,433.329,2377.382,
2026-02-20 03:10:00,41.286,1.004,226.938,312.604,
2026-02-20 03:15:00,50.21,0.985,409.475,531.096,
2026-02-20 03:20:00,50.757,0.954,401.378,928.173,
2026-02-20 03:25:00,43.952,1.006,314.848,133.854,
2026-02-20 03:30:00,43.751,1.003,262.585,342.746,
2026-02-20 03:35:00,35.942,0.965,171.995,356.717,
2026-02-20 03:40:00,37.88,0.931,217.833,3168.502,
2026-02-20 03:45:00,35.137,0.997,147.084,832.267,
2026-02-20 03:50:00,39.96,0.982,280.97,534.605,
2026-02-20 03:55:00,28.118,0.974,114.692,479.777,
2026-02-20 04:00:00,31.869,0.946,187.66,392.963,
2026-02-20 04:05:00,17.29,0.988,42.417,548.94,
2026-02-20 04:10:00,22.29,0.984,114.939,1231.68,
2026-02-20 04:15:00,31.197,0.958,164.553,1353.93,
2026-02-20 04:20:00,28.2,0.964,106.754,954.349,
2026-02-20 04:25:00,31.537,0.956,142.797,1278.062,
2026-02-20 04:30:00,40.89,0.832,316.787,649.097,
2026-02-20 04:35:00,37.923,0.938,203.838,594.081,
2026-02-20 04:40:00,38.024,0.991,228.093,790.814,
2026-02-20 04:45:00,39.034,0.961,275.305,969.277,
2026-02-20 04:50:00,42.316,0.987,327.103,799.953,
2026-02-20 04:55:00,46.747,0.957,342.295,1604.769,
2026-02-20 05:00:00,35.503,0.979,185.833,769.523,
2026-02-20 05:05:00,44.375,1.005,391.333,363.711,
2026-02-20 05:10:00,30.93,0.849,85.855,3222.418,
2026-02-20 05:20:00,42.748,0.866,299.228,856.075,
2026-02-20 05:25:00,38.171,0.991,245.024,1464.327,
2026-02-20 05:30:00,39.895,1.005,352.354,616.591,
2026-02-20 05:35:00,38.906,0.95,267.431,791.476,
2026-02-20 05:40:00,40.768,0.976,292.945,1400.007,
2026-02-20 05:45:00,36.527,1.003,202.208,401.751,
2026-02-20 05:50:00,38.79,0.917,264.628,1332.347,
2026-02-20 05:55:00,29.059,0.952,129.738,624.835,
2026-02-20 23:55:00,33.258,0.716,135.2,1332.103,
2026-02-21 00:00:00,25.244,0.973,99.423,889.887,
2026-02-21 00:05:00,37.264,0.926,281.048,720.406,
2026-02-21 00:10:00,43.918,0.863,250.548,232.82,
2026-02-21 00:15:00,35.903,1.003,230.895,272.833,
2026-02-21 00:20:00,36.481,0.965,244.2,259.834,
2026-02-21 00:25:00,42.608,0.986,327.662,287.071,
2026-02-21 00:30:00,37.874,1.004,230.954,215.674,
2026-02-21 00:35:00,39.91,1.002,254.716,239.231,
2026-02-21 00:40:00,39.599,1.005,252.727,168.763,
2026-02-21 00:45:00,37.7,0.94,246.82,423.203,
2026-02-21 00:50:00,32.457,1.005,146.603,243.065,
2026-02-21 00:55:00,30.032,1.001,128.351,159.323,
2026-02-21 01:00:00,31.633,0.939,122.664,301.815,
2026-02-21 01:05:00,43.72,0.988,302.089,706.026,
2026-02-21 01:10:00,33.81,0.985,194.722,572.562,
2026-02-21 01:15:00,32.608,0.941,177.775,1185.51,
2026-02-21 01:20:00,39.086,0.969,173.945,976.426,
2026-02-21 01:25:00,33.106,0.952,200.64,704.597,
2026-02-21 01:30:00,33.055,0.991,182.892,1443.212,
2026-02-21 01:35:00,32.746,1.004,213.355,236.475,
2026-02-21 01:50:00,38.46,0.938,232.178,220.604,
2026-02-21 01:55:00,37.128,1.004,221.102,654.049,
2026-02-21 02:00:00,36.056,1.003,208.952,164.315,
2026-02-21 02:05:00,35.798,1.006,181.357,325.239,
2026-02-21 02:10:00,34.848,1.005,177.756,166.06,
2026-02-21 02:15:00,33.878,1.002,161.415,353.606,
2026-02-21 02:20:00,31.891,0.832,153.786,284.141,
2026-02-21 02:30:00,33.204,1.002,168.176,189.512,
2026-02-21 02:35:00,41.812,0.971,227.793,1452.617,
2026-02-21 02:40:00,39.824,0.989,215.355,659.623,
2026-02-21 02:45:00,47.427,0.926,284.228,710.024,
2026-02-21 02:50:00,45.571,0.913,324.283,799.708,
2026-02-21 02:55:00,28.936,0.989,122.487,957.829,
2026-02-21 03:00:00,41.68,0.98,171.379,299.141,
2026-02-21 03:05:00,36.295,0.883,462.325,3299.56,
2026-02-21 03:10:00,37.038,1.003,211.973,1510.309,
2026-02-21 03:15:00,30.574,1.004,164.312,337.996,
2026-02-21 03:20:00,40.661,0.77,181.442,791.489,
2026-02-21 03:25:00,53.769,0.858,361.887,304.265,
2026-02-21 03:30:00,30.303,0.764,131.233,885.503,
2026-02-21 03:35:00,27.838,0.955,122.545,587.157,
2026-02-21 03:40:00,40.899,0.951,294.194,598.412,
2026-02-21 03:45:00,58.916,0.974,442.407,331.939,
2026-02-21 03:50:00,37.136,0.998,213.023,958.227,
2026-02-21 03:55:00,25.325,1.002,72.439,537.854,
2026-02-21 04:00:00,24.865,1.004,105.398,266.544,
2026-02-21 04:05:00,22.044,1.005,95.738,477.122,
2026-02-21 04:10:00,28.721,1.003,175.204,208.979,
2026-02-21 04:15:00,25.774,1.003,97.619,192.0,
2026-02-21 04:20:00,25.263,1.005,106.684,91.415,
2026-02-21 04:25:00,24.295,1.003,87.838,102.528,
2026-02-21 04:30:00,32.792,0.914,170.518,3093.326,
2026-02-21 04:35:00,34.671,0.977,144.597,1331.673,
2026-02-21 04:40:00,41.041,0.959,204.616,958.418,
2026-02-21 04:45:00,40.058,1.005,246.314,1328.342,
2026-02-21 04:50:00,35.493,0.947,151.3,2412.811,
2026-02-21 04:55:00,38.048,0.961,197.318,819.019,
2026-02-21 05:00:00,37.538,0.929,204.804,1052.935,
2026-02-21 05:05:00,39.628,0.948,229.522,1590.989,
2026-02-21 05:10:00,31.564,0.953,134.539,823.957,
2026-02-21 05:15:00,44.107,0.969,280.71,1965.906,
2026-02-21 05:20:00,44.54,0.959,225.596,1329.018,
2026-02-21 05:25:00,28.032,0.908,146.964,585.645,
2026-02-21 05:30:00,28.713,0.841,117.024,551.604,
2026-02-21 05:35:00,35.369,0.959,210.714,802.74,
2026-02-21 05:40:00,42.23,1.006,276.486,1935.683,
2026-02-21 05:45:00,42.767,0.852,271.904,2271.424,
2026-02-21 05:50:00,33.109,0.961,167.279,1561.499,
2026-02-21 05:55:00,42.716,0.91,304.685,1315.716,
2026-02-21 06:00:00,32.615,0.978,157.056,764.528,
2026-02-21 06:05:00,32.649,0.911,111.945,1124.438,
2026-02-21 06:10:00,31.245,0.812,242.325,800.643,
2026-02-22 00:15:00,56.069,1.007,473.916,991.823,
2026-02-22 00:20:00,55.133,0.941,319.394,1358.952,
2026-02-22 00:25:00,45.259,1.006,254.362,1036.199,
2026-02-22 00:30:00,42.846,1.002,229.094,723.235,
2026-02-22 00:35:00,45.955,0.93,241.338,1456.767,
2026-02-22 00:40:00,48.462,0.979,396.796,499.208,
2026-02-22 00:45:00,47.394,0.979,290.801,784.656,
2026-02-22 00:50:00,41.659,0.944,178.771,596.005,
2026-02-22 00:55:00,43.82,1.002,293.843,1900.301,
2026-02-22 01:00:00,41.257,0.939,228.605,1726.459,
2026-02-22 01:05:00,57.227,0.981,432.286,1188.528,
2026-02-22 01:10:00,50.578,0.987,327.459,2633.703,
2026-02-22 01:15:00,37.665,0.987,239.915,1452.106,
2026-02-22 01:20:00,29.509,0.973,73.059,435.414,
2026-02-22 01:25:00,39.894,0.938,172.337,840.196,
2026-02-22 01:30:00,38.421,0.982,160.611,447.583,
2026-02-22 01:35:00,35.958,0.984,103.45,444.45,
2026-02-22 01:40:00,43.809,0.942,247.195,745.938,
2026-02-22 01:45:00,42.055,0.935,232.151,1567.483,
2026-02-22 01:50:00,45.903,0.943,215.127,1741.838,
2026-02-22 01:55:00,35.619,0.985,247.691,193.144,
2026-02-22 02:00:00,32.398,1.0,155.717,433.897,
2026-02-22 02:05:00,33.202,1.003,162.89,437.506,
2026-02-22 02:10:00,34.754,1.002,226.664,468.535,
2026-02-22 02:15:00,34.48,0.987,166.111,172.77,
2026-02-22 02:20:00,36.74,1.007,207.482,594.51,
2026-02-22 02:25:00,41.232,0.946,290.756,401.358,
2026-02-22 02:30:00,48.719,1.005,307.572,253.123,
2026-02-22 02:35:00,56.108,0.918,439.751,1319.53,
2026-02-22 02:40:00,32.065,1.005,114.843,532.384,
2026-02-22 02:45:00,31.666,0.988,126.904,255.689,
2026-02-22 02:50:00,27.574,0.823,91.605,260.445,
2026-02-22 02:55:00,43.596,0.996,283.261,515.507,
2026-02-22 03:00:00,40.556,1.003,199.814,391.988,
2026-02-22 03:05:00,41.03,1.008,258.861,371.199,
2026-02-22 03:10:00,50.278,1.004,386.985,1232.561,
2026-02-22 03:15:00,58.315,0.81,376.734,610.704,
2026-02-22 03:20:00,61.571,0.909,550.545,3835.327,
2026-02-22 03:25:00,50.425,0.986,318.806,970.476,
2026-02-22 03:30:00,46.802,0.982,262.875,989.538,
2026-02-22 03:35:00,34.265,0.987,192.463,637.372,
2026-02-22 03:40:00,35.606,1.004,151.637,575.039,
2026-02-22 03:45:00,34.42,0.928,130.17,492.078,
2026-02-22 03:50:00,23.251,0.955,103.352,397.492,
2026-02-22 03:55:00,24.129,0.947,50.748,870.169,
2026-02-22 04:00:00,33.372,0.944,109.02,1799.001,
2026-02-22 04:05:00,35.683,0.969,249.936,1304.636,
2026-02-22 04:10:00,34.725,0.932,132.535,534.966,
2026-02-22 04:15:00,50.811,1.003,421.404,375.314,
2026-02-22 04:20:00,52.249,1.005,375.058,439.636,
2026-02-22 04:25:00,49.408,0.961,318.359,710.776,
2026-02-22 04:30:00,48.985,1.006,330.375,342.006,
2026-02-22 04:35:00,53.974,0.998,467.078,413.915,
2026-02-22 04:40:00,56.293,0.962,396.193,1716.908,
2026-02-22 04:45:00,42.412,0.82,106.065,1764.82,
2026-02-22 04:50:00,49.821,0.974,334.775,1642.484,
2026-02-22 04:55:00,38.03,0.934,196.405,458.04,
2026-02-22 05:00:00,40.035,0.79,254.899,884.281,
2026-02-22 05:05:00,66.817,0.912,621.153,1702.159,
2026-02-22 05:10:00,69.23,0.711,676.369,1580.465,
2026-02-22 22:35:00,27.364,0.874,164.095,317.275,
2026-02-22 22:40:00,22.084,0.838,111.716,496.07,
2026-02-22 22:45:00,22.719,0.916,137.26,170.979,
2026-02-22 22:50:00,28.318,0.926,225.506,199.346,
2026-02-22 22:55:00,28.405,0.94,188.796,291.733,
2026-02-22 23:00:00,22.191,0.968,124.971,408.421,
2026-02-22 23:05:00,23.667,0.804,95.521,73.548,
2026-02-22 23:10:00,28.906,1.003,156.532,296.552,
2026-02-22 23:15:00,34.935,1.002,265.517,335.649,
2026-02-22 23:20:00,27.756,0.991,108.598,351.493,
2026-02-22 23:25:00,32.938,1.003,218.43,387.704,
2026-02-22 23:30:00,28.013,1.004,165.703,402.332,
2026-02-22 23:35:00,36.789,1.002,216.163,340.253,
2026-02-22 23:40:00,34.645,1.003,187.315,199.449,
2026-02-22 23:45:00,36.974,0.998,207.159,177.348,
2026-02-22 23:50:00,38.38,1.003,252.499,324.537,
2026-02-22 23:55:00,40.707,0.95,227.849,287.736,
2026-02-23 00:00:00,43.246,0.988,214.769,639.129,
2026-02-23 00:05:00,43.905,0.999,277.132,169.061,
2026-02-23 00:10:00,46.788,0.994,333.274,314.513,
2026-02-23 00:15:00,46.848,1.002,370.57,189.284,
2026-02-23 00:30:00,48.226,0.883,358.908,2200.841,
2026-02-23 00:40:00,37.801,0.987,401.17,303.506,
2026-02-23 00:45:00,49.75,1.005,411.012,241.422,
2026-02-23 00:50:00,41.271,0.789,340.404,347.389,
2026-02-23 01:00:00,46.21,0.891,514.792,388.299,
2026-02-23 01:05:00,40.28,0.705,206.603,272.982,
2026-02-23 01:10:00,45.881,1.006,485.871,303.438,
2026-02-23 01:15:00,30.481,1.003,123.983,460.247,
2026-02-23 01:20:00,33.161,1.004,210.709,384.936,
2026-02-23 01:25:00,31.289,1.001,225.705,103.805,
2026-02-23 01:30:00,33.731,1.006,256.876,135.644,
2026-02-23 01:35:00,42.363,1.003,452.727,711.999,
2026-02-23 01:40:00,44.328,0.928,346.555,840.948,
2026-02-23 01:45:00,41.545,0.993,360.46,627.306,
2026-02-23 01:50:00,36.149,0.791,50.438,2782.486,
2026-02-23 01:55:00,27.452,0.979,89.79,1124.768,
2026-02-23 02:00:00,42.72,1.003,353.124,666.309,
2026-02-23 02:05:00,47.11,1.006,388.645,1659.859,
2026-02-23 02:10:00,49.683,0.944,425.996,981.078,
2026-02-23 02:15:00,46.513,1.005,380.734,572.089,
2026-02-23 02:20:00,46.346,1.003,371.138,350.37,
2026-02-23 02:25:00,48.742,1.006,470.045,374.995,
2026-02-23 02:30:00,46.833,0.997,395.187,512.03,
2026-02-23 02:35:00,44.841,1.005,364.726,225.543,
2026-02-23 02:40:00,54.054,0.997,441.938,623.239,
2026-02-23 02:45:00,47.636,1.005,409.409,203.108,
2026-02-23 02:50:00,50.488,0.913,522.924,1552.332,
2026-02-23 02:55:00,42.817,1.002,325.141,523.437,
2026-02-23 03:00:00,39.25,1.005,196.877,2497.608,
2026-02-23 03:05:00,34.487,0.961,96.209,350.782,
2026-02-23 03:10:00,52.463,0.985,277.175,735.345,
2026-02-23 03:15:00,41.347,0.999,213.074,669.333,
2026-02-23 03:20:00,46.865,0.972,317.65,1628.553,
2026-02-23 03:25:00,61.641,0.93,335.489,3327.021,
2026-02-23 03:30:00,58.227,0.992,639.93,2565.35,
2026-02-23 03:35:00,49.564,0.987,399.063,2129.602,
2026-02-23 03:40:00,41.168,0.957,182.066,4406.55,
2026-02-23 03:45:00,35.01,1.007,159.378,580.712,
2026-02-23 03:50:00,34.481,0.969,121.252,1327.065,
2026-02-23 03:55:00,39.757,0.973,193.555,907.215,
2026-02-23 04:00:00,53.609,0.985,411.268,917.191,
2026-02-23 04:05:00,48.578,1.004,410.12,637.396,
2026-02-23 04:10:00,43.854,1.005,327.925,229.273,
2026-02-23 04:15:00,48.293,0.987,456.519,812.173,
2026-02-23 04:20:00,51.127,0.9,571.111,1422.254,
2026-02-23 04:25:00,52.414,0.985,504.545,535.437,
2026-02-23 04:30:00,53.621,1.005,433.156,451.789,
2026-02-23 04:35:00,51.14,0.922,527.907,1520.065,
2026-02-23 04:40:00,53.777,0.999,456.571,2474.33,
2026-02-23 04:45:00,49.615,0.98,396.714,980.781,
2026-02-23 04:50:00,48.449,0.908,368.9,1301.98,
2026-02-23 04:55:00,46.664,0.958,403.577,1178.01,
2026-02-23 05:00:00,57.923,0.887,393.38,2739.088,
2026-02-23 05:05:00,56.523,0.942,415.676,2257.722,
2026-02-23 05:10:00,46.668,0.923,283.709,2878.554,
2026-02-23 05:15:00,45.2,0.93,192.661,3297.281,
2026-02-23 05:20:00,47.424,0.897,254.041,2126.637,
2026-02-23 05:25:00,57.346,0.924,369.948,2003.371,
2026-02-23 05:30:00,55.223,0.892,427.459,713.033,
2026-02-23 05:35:00,47.798,0.929,268.881,2131.478,
2026-02-23 05:40:00,44.965,0.854,170.061,2974.152,
2026-02-23 05:45:00,41.247,0.822,218.879,954.824,
2026-02-23 05:55:00,32.723,1.006,192.634,587.119,
2026-02-23 06:00:00,42.739,0.969,353.408,646.45,
2026-02-23 06:05:00,41.155,0.857,347.519,637.421,
2026-02-23 06:10:00,38.153,0.945,234.713,1417.695,
2026-02-23 06:15:00,27.013,0.907,115.339,320.164,
2026-02-23 06:20:00,44.646,0.979,510.448,1130.109,
2026-02-23 06:25:00,32.074,0.718,182.024,396.125,
2026-02-23 22:10:00,22.257,0.998,85.344,356.531,
2026-02-23 22:20:00,40.769,0.952,205.665,1187.954,
2026-02-23 22:25:00,33.318,0.829,129.975,1932.103,
2026-02-23 22:30:00,32.81,0.931,163.443,135.935,
2026-02-23 22:35:00,38.865,0.969,292.974,232.671,
2026-02-23 22:40:00,34.275,0.998,239.619,265.841,
2026-02-23 22:45:00,34.137,1.0,202.248,203.487,
2026-02-23 22:50:00,35.096,1.002,188.742,115.867,
2026-02-23 22:55:00,31.342,0.998,129.065,325.92,
2026-02-23 23:00:00,34.324,1.003,185.751,299.343,
2026-02-23 23:05:00,36.933,1.004,214.81,154.294,
2026-02-23 23:10:00,32.709,1.002,177.621,187.657,
2026-02-23 23:15:00,31.881,0.902,144.002,226.785,
2026-02-23 23:20:00,44.479,1.007,230.726,318.466,
2026-02-23 23:25:00,38.198,1.002,201.759,390.681,
2026-02-23 23:30:00,38.557,0.948,201.423,2234.964,
2026-02-23 23:35:00,40.841,1.002,278.541,695.695,
2026-02-23 23:40:00,38.791,1.007,181.239,505.445,
2026-02-23 23:45:00,40.228,0.993,248.616,1258.056,
2026-02-23 23:50:00,41.163,1.004,236.114,332.827,
2026-02-23 23:55:00,35.471,0.946,134.341,692.017,
2026-02-24 00:00:00,29.156,0.993,85.601,491.25,
2026-02-24 00:05:00,25.827,0.999,78.759,194.894,
2026-02-24 00:10:00,20.285,0.976,39.316,369.554,
2026-02-24 00:15:00,25.025,0.924,96.889,572.985,
2026-02-24 00:20:00,28.52,1.004,116.959,555.121,
2026-02-24 00:25:00,33.129,1.002,179.019,206.297,
2026-02-24 00:30:00,37.052,1.003,163.011,279.726,
2026-02-24 00:35:00,37.852,1.005,195.822,142.882,
2026-02-24 00:40:00,35.147,1.002,158.361,285.546,
2026-02-24 00:45:00,35.147,1.002,165.877,313.606,
2026-02-24 00:50:00,38.229,1.006,188.297,386.61,
2026-02-24 00:55:00,35.586,0.883,76.722,1721.604,
2026-02-24 01:00:00,32.36,1.006,154.999,187.509,
2026-02-24 01:05:00,33.636,0.96,156.123,274.958,
2026-02-24 01:10:00,29.95,0.916,67.898,636.072,
2026-02-24 01:15:00,31.253,0.977,117.282,425.883,
2026-02-24 01:20:00,28.721,0.998,121.475,197.823,
2026-02-24 01:25:00,39.397,0.904,225.329,512.586,
2026-02-24 01:30:00,34.301,0.962,185.476,651.493,
2026-02-24 01:35:00,33.52,0.972,130.668,816.067,
2026-02-24 01:40:00,29.653,0.933,78.125,989.717,
2026-02-24 01:45:00,38.121,0.94,229.671,1011.498,
2026-02-24 01:50:00,37.366,0.9,124.105,558.257,
2026-02-24 01:55:00,37.384,0.971,179.014,1320.641,
2026-02-24 02:00:00,27.314,0.904,79.557,796.179,
2026-02-24 02:05:00,31.999,0.992,162.395,810.01,
2026-02-24 02:10:00,44.008,0.991,163.697,587.637,
2026-02-24 02:15:00,24.901,0.997,107.251,402.299,
2026-02-24 02:20:00,31.588,0.919,103.871,1082.41,
2026-02-24 02:25:00,29.651,0.972,110.736,1119.263,
2026-02-24 02:30:00,30.329,0.954,149.807,1198.464,
2026-02-24 02:35:00,21.89,1.004,71.93,400.298,
2026-02-24 02:40:00,37.552,0.943,133.286,1734.711,
2026-02-24 02:45:00,28.617,1.006,116.837,590.582,
2026-02-24 02:50:00,24.926,1.003,92.353,279.306,
2026-02-24 02:55:00,28.44,1.005,117.006,276.627,
2026-02-24 03:00:00,30.391,0.998,129.047,317.194,
2026-02-24 03:05:00,28.145,1.005,105.302,322.754,
2026-02-24 03:10:00,31.75,0.943,163.85,1022.91,
2026-02-24 03:15:00,30.405,1.006,146.378,518.321,
2026-02-24 03:20:00,34.761,0.887,107.106,829.295,
2026-02-24 03:25:00,34.484,0.98,136.628,512.019,
2026-02-24 03:30:00,31.71,0.853,155.881,332.175,
2026-02-24 03:35:00,36.652,0.971,207.734,885.778,
2026-02-24 03:40:00,27.985,0.928,86.951,1136.43,
2026-02-24 03:45:00,27.671,0.983,91.065,441.333,
2026-02-24 03:50:00,28.077,0.991,135.659,1262.31,
2026-02-24 03:55:00,31.42,0.983,96.821,983.786,
2026-02-24 04:00:00,43.01,0.888,154.183,1775.051,
2026-02-24 04:05:00,47.398,1.006,220.834,532.867,
2026-02-24 04:10:00,52.828,1.0,326.776,1721.294,
2026-02-24 04:15:00,48.598,0.909,210.942,1599.643,
2026-02-24 04:20:00,54.649,0.967,443.316,643.339,
2026-02-24 04:30:00,54.69,0.975,373.162,2417.099,
2026-02-24 04:35:00,45.923,1.008,268.045,396.371,
2026-02-24 04:40:00,46.836,1.005,318.929,713.08,
2026-02-24 04:45:00,39.156,0.941,244.872,776.601,
2026-02-24 04:50:00,46.51,0.941,242.945,859.755,
2026-02-24 04:55:00,48.516,0.977,247.383,1871.548,
2026-02-24 05:00:00,59.464,0.866,444.121,1127.463,
2026-02-24 05:05:00,50.274,0.734,368.366,788.882,
2026-02-24 05:20:00,44.334,0.904,204.685,1440.955,
2026-02-24 05:25:00,55.841,0.924,249.738,2796.52,
2026-02-24 05:30:00,54.396,0.943,467.925,2009.516,
2026-02-24 05:35:00,52.332,0.952,316.16,2375.23,
2026-02-24 21:25:00,34.011,0.934,137.242,122.814,
2026-02-24 21:30:00,47.702,1.007,442.821,295.956,
2026-02-24 21:35:00,39.11,0.965,220.531,957.785,
2026-02-24 21:40:00,42.424,0.868,274.361,261.574,
2026-02-24 21:45:00,39.474,0.977,151.222,248.592,
2026-02-24 21:50:00,48.635,1.006,374.959,265.901,
2026-02-24 21:55:00,40.257,0.951,187.183,332.733,
2026-02-24 22:00:00,40.809,1.006,229.61,382.927,
2026-02-24 22:05:00,30.306,0.88,115.636,345.403,
2026-02-24 22:10:00,25.974,0.996,125.127,859.57,
2026-02-24 22:15:00,20.784,1.004,69.887,141.338,
2026-02-24 22:20:00,22.434,0.897,94.381,607.261,
2026-02-24 22:25:00,38.073,0.992,210.451,384.407,
2026-02-24 22:30:00,30.173,0.886,107.261,548.046,
2026-02-24 22:35:00,40.174,0.963,208.743,729.678,
2026-02-24 22:40:00,31.464,0.921,100.008,856.893,
2026-02-24 22:45:00,35.549,0.955,190.112,1048.967,
2026-02-24 22:50:00,38.307,0.869,209.768,658.929,
2026-02-24 22:55:00,42.645,0.937,305.699,1092.81,
2026-02-24 23:00:00,39.11,0.967,352.149,979.918,
2026-02-24 23:05:00,48.028,0.895,364.597,994.694,
2026-02-24 23:10:00,44.389,0.932,482.399,1057.883,
2026-02-24 23:15:00,37.529,0.955,308.479,1331.412,
2026-02-24 23:20:00,30.266,0.895,89.495,371.174,
2026-02-24 23:25:00,29.942,0.999,137.989,114.941,
2026-02-24 23:30:00,29.812,1.004,149.466,126.777,
2026-02-24 23:35:00,25.545,1.003,103.543,194.798,
2026-02-24 23:40:00,26.475,1.006,107.911,148.254,
2026-02-24 23:45:00,32.205,0.995,174.774,142.104,
2026-02-24 23:50:00,38.469,1.006,283.841,369.982,
2026-02-24 23:55:00,39.053,1.003,223.934,282.132,
2026-02-25 00:00:00,46.0,0.89,272.742,1192.501,
2026-02-25 00:05:00,47.832,0.978,290.334,680.625,
2026-02-25 00:10:00,48.116,0.907,249.495,1286.295,
2026-02-25 00:15:00,25.873,0.978,86.37,443.347,
2026-02-25 00:20:00,22.842,0.95,89.279,1224.308,
2026-02-25 00:25:00,25.804,0.961,72.686,1340.269,
2026-02-25 00:30:00,37.498,0.937,150.86,633.373,
2026-02-25 00:35:00,34.672,0.937,148.284,978.367,
2026-02-25 00:40:00,41.789,0.992,215.287,584.41,
2026-02-25 00:45:00,25.419,0.97,104.805,506.195,
2026-02-25 00:50:00,32.52,1.004,165.221,150.915,
2026-02-25 00:55:00,43.284,0.936,293.652,393.999,
2026-02-25 01:00:00,29.098,0.971,128.154,363.346,
2026-02-25 01:05:00,31.908,0.909,98.575,524.613,
2026-02-25 01:10:00,37.627,0.987,184.897,560.486,
2026-02-25 01:15:00,35.926,1.003,179.909,345.523,
2026-02-25 01:20:00,34.628,0.973,174.798,942.976,
2026-02-25 01:40:00,30.83,1.005,135.523,411.272,
2026-02-25 01:45:00,27.631,0.979,124.364,302.735,
2026-02-25 01:50:00,42.291,0.906,156.127,1522.828,
2026-02-25 01:55:00,47.524,0.967,277.403,825.715,
2026-02-25 02:00:00,46.963,0.982,312.876,560.394,
2026-02-25 02:05:00,50.18,0.787,208.738,1800.6,
2026-02-25 02:10:00,38.176,0.824,91.019,1566.0,
2026-02-25 02:15:00,44.22,0.715,171.235,675.256,
2026-02-25 02:25:00,39.349,0.973,214.34,264.725,
2026-02-25 02:30:00,39.296,0.894,176.149,800.829,
2026-02-25 02:35:00,36.93,0.975,161.321,553.852,
2026-02-25 02:40:00,35.803,0.946,106.986,1513.733,
2026-02-25 02:45:00,32.977,0.92,124.728,678.134,
2026-02-25 02:50:00,28.894,0.981,104.173,1229.734,
2026-02-25 02:55:00,28.941,0.941,126.314,923.649,
2026-02-25 03:00:00,30.873,0.867,139.97,491.085,
2026-02-25 03:05:00,27.657,0.987,76.381,705.31,
2026-02-25 03:10:00,38.975,0.935,222.746,1695.384,
2026-02-25 03:15:00,33.45,0.93,159.388,902.037,
2026-02-25 03:20:00,40.391,0.888,259.868,1595.676,
2026-02-25 03:25:00,22.159,0.981,65.696,571.107,
2026-02-25 03:30:00,32.026,1.0,148.054,605.855,
2026-02-25 03:35:00,34.665,0.833,144.223,633.495,
2026-02-25 03:45:00,41.301,0.976,266.39,366.369,
2026-02-25 03:50:00,42.336,1.004,286.446,421.487,
2026-02-25 03:55:00,48.57,1.006,398.284,1034.686,
2026-02-25 04:00:00,47.513,0.989,404.035,617.416,
2026-02-25 04:05:00,39.51,0.988,194.624,199.34,
2026-02-25 04:10:00,43.499,1.003,305.426,867.833,
2026-02-25 04:15:00,41.738,1.005,282.066,253.438,
2026-02-25 04:20:00,41.122,1.006,216.537,241.696,
2026-02-25 04:25:00,44.645,0.797,176.255,1201.438,
2026-02-25 04:30:00,48.584,0.859,209.549,1317.536,
2026-02-25 04:35:00,57.162,0.928,387.862,1768.846,
2026-02-25 04:40:00,46.732,0.922,214.569,1540.326,
2026-02-25 04:45:00,46.075,0.909,366.829,2270.679,
2026-02-25 04:50:00,43.339,0.965,251.658,2897.931,
2026-02-25 04:55:00,43.309,0.942,369.998,917.246,
2026-02-25 05:00:00,42.225,0.981,220.732,779.678,
2026-02-25 05:05:00,47.411,0.957,297.828,1209.726,
2026-02-25 05:10:00,29.586,0.991,141.576,657.515,
2026-02-25 05:15:00,43.888,0.972,216.634,2053.362,
2026-02-25 05:20:00,35.418,0.978,118.085,435.342,
2026-02-25 05:25:00,45.026,0.914,258.361,1211.335,
2026-02-25 05:30:00,38.936,1.004,152.905,558.756,
2026-02-25 05:35:00,40.753,0.956,187.892,1505.942,
2026-02-25 05:50:00,64.482,1.004,536.889,616.913,
2026-02-25 05:55:00,52.596,0.983,394.668,482.636,
2026-02-25 06:00:00,63.152,0.928,474.725,697.13,
2026-02-25 06:05:00,33.949,0.89,132.449,203.774,
2026-02-25 06:10:00,34.763,0.988,186.123,1111.445,
2026-02-25 06:15:00,29.619,1.002,141.969,328.752,
2026-02-25 06:20:00,33.988,0.933,173.985,2858.161,
2026-02-25 06:25:00,31.281,0.965,88.365,648.717,
2026-02-25 06:30:00,35.264,0.829,194.093,1419.993,
2026-02-25 23:25:00,25.061,1.001,93.768,143.189,
2026-02-25 23:30:00,25.25,1.006,93.983,237.59,
2026-02-25 23:35:00,29.448,1.004,136.733,131.903,
2026-02-25 23:40:00,26.97,1.002,106.471,199.118,
2026-02-25 23:45:00,28.128,1.006,118.829,241.637,
2026-02-25 23:50:00,27.797,1.004,112.994,111.941,
2026-02-25 23:55:00,30.167,1.006,116.906,307.744,
2026-02-26 00:00:00,35.499,0.971,191.648,321.537,
2026-02-26 00:05:00,33.145,0.986,166.06,739.676,
2026-02-26 00:10:00,34.487,1.004,155.349,309.012,
2026-02-26 00:15:00,32.516,1.003,148.793,247.863,
2026-02-26 00:20:00,36.625,0.952,186.807,817.084,
2026-02-26 00:25:00,44.583,0.954,252.982,1543.726,
2026-02-26 00:30:00,37.357,0.987,205.082,489.316,
2026-02-26 00:35:00,41.256,0.888,181.58,1700.795,
2026-02-26 00:40:00,35.436,1.004,163.133,421.447,
2026-02-26 00:45:00,34.527,1.005,72.861,311.653,
2026-02-26 00:50:00,44.487,0.972,199.309,1141.37,
2026-02-26 00:55:00,35.707,1.003,218.37,597.196,
2026-02-26 01:00:00,35.055,0.99,149.822,777.319,
2026-02-26 01:05:00,40.945,1.005,202.004,1265.514,
2026-02-26 01:10:00,34.579,0.959,103.896,345.733,
2026-02-26 01:15:00,35.367,0.984,184.573,679.079,
2026-02-26 01:20:00,35.83,0.987,185.246,882.644,
2026-02-26 01:25:00,44.26,0.984,289.676,1209.909,
2026-02-26 01:30:00,38.303,0.946,148.645,422.319,
2026-02-26 01:35:00,45.779,0.981,262.875,594.802,
2026-02-26 01:40:00,44.751,0.985,346.413,289.508,
2026-02-26 01:45:00,37.397,0.876,159.766,541.16,
2026-02-26 01:50:00,42.305,1.004,222.915,1117.391,
2026-02-26 01:55:00,43.14,1.002,243.463,401.715,
2026-02-26 02:00:00,38.924,1.006,193.735,212.275,
2026-02-26 02:05:00,40.728,0.986,215.98,237.216,
2026-02-26 02:10:00,48.907,0.982,356.73,206.01,
2026-02-26 02:30:00,43.307,0.99,222.092,469.579,
2026-02-26 02:35:00,37.978,1.004,154.855,534.558,
2026-02-26 02:40:00,39.727,0.966,203.464,868.539,
2026-02-26 02:45:00,36.844,1.004,173.889,1215.156,
2026-02-26 02:50:00,41.677,0.98,203.138,593.835,
2026-02-26 02:55:00,36.571,0.995,172.099,974.1,
2026-02-26 03:00:00,43.65,0.957,236.845,759.007,
2026-02-26 03:05:00,40.011,0.894,225.777,995.813,
2026-02-26 03:10:00,23.686,1.003,92.6,299.519,
2026-02-26 03:15:00,21.996,1.003,76.68,199.783,
2026-02-26 03:20:00,24.89,1.004,107.108,170.318,
2026-02-26 03:25:00,21.326,1.009,62.775,258.151,
2026-02-26 03:30:00,25.237,1.004,96.931,229.732,
2026-02-26 03:40:00,41.151,0.973,175.865,717.928,
2026-02-26 03:45:00,29.329,1.005,119.854,175.16,
2026-02-26 03:50:00,36.875,0.983,185.005,422.48,
2026-02-26 03:55:00,32.593,0.935,132.511,595.426,
2026-02-26 04:00:00,29.699,0.962,97.802,693.229,
2026-02-26 04:05:00,35.511,0.92,152.787,803.426,
2026-02-26 04:10:00,35.513,0.896,121.045,718.975,
2026-02-26 04:15:00,36.967,0.952,142.976,1146.013,
2026-02-26 04:20:00,21.758,0.982,74.46,628.419,
2026-02-26 04:25:00,24.548,0.741,58.927,726.339,
2026-02-26 04:30:00,52.265,0.704,552.892,1281.304,
2026-02-26 04:35:00,37.81,0.976,211.639,470.323,
2026-02-26 04:40:00,44.136,0.859,199.077,1475.231,
2026-02-26 04:45:00,46.51,0.922,280.609,1168.119,
2026-02-26 04:50:00,44.884,0.952,219.943,1330.766,
2026-02-26 04:55:00,37.268,0.762,76.819,873.203,
2026-02-26 05:00:00,50.559,0.963,313.689,846.961,
2026-02-26 05:05:00,36.12,0.934,163.19,771.479,
2026-02-26 05:10:00,42.076,0.966,282.119,682.581,
2026-02-26 05:15:00,38.043,0.965,213.967,1858.623,
2026-02-26 05:20:00,24.897,0.899,40.911,526.468,
2026-02-26 05:25:00,41.094,0.986,233.138,1105.931,
2026-02-26 05:30:00,52.759,0.935,480.515,1514.549,
2026-02-26 05:35:00,56.256,0.773,427.452,1639.343,
2026-02-26 05:40:00,53.462,0.961,393.051,1874.732,
2026-02-26 05:45:00,57.322,0.987,571.704,1161.273,
2026-02-26 05:50:00,51.477,0.961,261.31,2026.884,
2026-02-26 05:55:00,62.514,0.919,771.789,1560.125,
2026-02-27 00:00:00,46.773,0.907,221.154,652.524,
2026-02-27 00:05:00,57.024,0.98,499.111,232.871,
2026-02-27 00:10:00,59.745,1.005,430.259,515.801,
2026-02-27 00:15:00,47.969,1.004,342.437,627.526,
2026-02-27 00:20:00,44.624,1.003,287.128,217.488,
2026-02-27 00:25:00,45.199,0.932,167.988,1483.097,
2026-02-27 00:30:00,41.873,1.006,240.264,654.234,
2026-02-27 00:35:00,43.082,1.006,327.458,417.729,
2026-02-27 00:40:00,46.89,0.973,391.124,265.078,
2026-02-27 00:45:00,44.079,0.981,286.34,324.241,
2026-02-27 00:50:00,40.813,1.001,231.851,388.023,
2026-02-27 00:55:00,39.331,0.927,210.353,352.314,
2026-02-27 01:00:00,38.625,1.004,232.728,375.65,
2026-02-27 01:05:00,34.012,1.006,114.031,718.723,
2026-02-27 01:10:00,32.3,0.875,136.754,585.384,
2026-02-27 01:15:00,38.744,0.987,183.036,1229.816,
2026-02-27 01:20:00,41.351,0.966,215.604,638.621,
2026-02-27 01:25:00,43.444,0.929,214.221,487.716,
2026-02-27 01:30:00,42.863,0.969,200.002,1488.307,
2026-02-27 01:35:00,51.515,0.968,401.53,884.556,
2026-02-27 01:40:00,51.996,1.005,413.603,1260.782,
2026-02-27 01:45:00,46.515,0.926,218.536,1268.493,
2026-02-27 01:50:00,48.551,1.006,328.656,610.584,
2026-02-27 01:55:00,51.873,1.003,416.858,639.927,
2026-02-27 02:00:00,52.878,1.003,448.841,347.824,
2026-02-27 02:05:00,43.227,0.925,242.788,1242.331,
2026-02-27 02:10:00,43.079,0.984,242.639,342.699,
2026-02-27 02:15:00,52.481,1.004,373.94,425.567,
2026-02-27 02:20:00,59.213,0.948,373.934,1793.854,
2026-02-27 02:25:00,53.793,0.973,398.469,943.899,
2026-02-27 02:30:00,55.208,0.971,325.517,2764.979,
2026-02-27 02:35:00,44.417,1.002,299.734,475.111,
2026-02-27 02:40:00,50.266,1.0,316.542,688.207,
2026-02-27 02:45:00,43.619,0.91,331.31,847.137,
2026-02-27 02:50:00,56.435,0.955,282.365,928.982,
2026-02-27 02:55:00,45.806,1.005,241.486,2795.29,
2026-02-27 03:00:00,44.386,0.948,172.091,748.659,
2026-02-27 03:05:00,43.515,1.006,232.88,1730.639,
2026-02-27 03:10:00,42.677,0.954,178.735,1427.263,
2026-02-27 03:15:00,41.795,0.798,318.24,2358.538,
2026-02-27 03:25:00,43.465,0.996,386.798,323.297,
2026-02-27 03:30:00,43.43,0.971,317.733,611.242,
2026-02-27 03:35:00,33.057,0.717,116.493,1772.703,
2026-02-27 03:40:00,43.053,0.941,339.283,985.096,
2026-02-27 03:45:00,39.569,0.806,219.395,1168.995,
2026-02-27 03:50:00,41.891,0.982,269.197,944.66,
2026-02-27 03:55:00,44.037,0.991,316.494,1502.601,
2026-02-27 04:00:00,51.928,0.942,393.692,1241.036,
2026-02-27 04:05:00,57.792,0.934,465.958,1537.206,
2026-02-27 04:10:00,50.22,0.74,188.623,2294.013,
2026-02-27 04:20:00,36.531,0.972,175.086,335.054,
2026-02-27 04:25:00,32.19,0.933,156.549,1276.46,
2026-02-27 04:30:00,39.934,0.738,85.886,1499.978,
2026-02-27 04:35:00,51.434,0.99,357.367,1088.498,
2026-02-27 04:40:00,55.452,0.959,411.252,1456.013,
2026-02-27 04:45:00,46.45,0.987,337.365,2316.182,
2026-02-27 04:50:00,52.182,0.959,416.69,1341.607,
2026-02-27 04:55:00,50.985,0.966,307.005,2740.848,
2026-02-27 05:00:00,51.633,0.929,376.982,3014.551,
2026-02-27 05:05:00,34.59,0.883,106.63,1328.28,
2026-02-27 05:10:00,51.493,0.994,457.825,2628.34,
2026-02-27 05:15:00,57.5,0.955,310.32,1935.724,
2026-02-27 05:20:00,42.145,0.985,213.949,705.441,
2026-02-27 05:25:00,30.928,1.003,181.628,1503.236,
2026-02-27 05:30:00,41.902,0.99,306.743,1435.284,
2026-02-27 05:35:00,35.031,1.006,108.861,271.846,
2026-02-27 05:40:00,41.829,0.982,169.185,1008.137,
2026-02-27 05:45:00,41.73,0.922,225.366,1671.995,
2026-02-27 05:50:00,55.472,1.005,331.702,1099.43,
2026-02-27 05:55:00,49.389,0.952,293.464,1291.412,
2026-02-27 06:00:00,60.315,0.904,548.696,1029.23,
2026-02-27 06:05:00,62.255,0.806,483.865,1131.697,
2026-02-27 06:10:00,67.097,0.987,608.923,3652.021,
2026-02-28 00:05:00,41.047,1.006,315.589,584.774,
2026-02-28 00:10:00,48.539,1.003,529.997,389.912,
2026-02-28 00:15:00,55.688,0.975,659.862,552.934,
2026-02-28 00:20:00,47.297,1.005,392.386,221.245,
2026-02-28 00:25:00,53.095,1.004,502.724,527.242,
2026-02-28 00:30:00,52.121,0.999,482.683,287.504,
2026-02-28 00:35:00,50.779,1.006,447.933,224.211,
2026-02-28 00:40:00,43.806,0.985,292.654,508.59,
2026-02-28 00:45:00,41.208,0.888,493.52,11916.435,
2026-02-28 00:50:00,32.53,1.005,204.363,448.34,
2026-02-28 00:55:00,26.051,0.988,88.146,268.8,
2026-02-28 01:00:00,23.682,1.002,70.2,238.792,
2026-02-28 01:05:00,25.702,1.004,84.448,175.04,
2026-02-28 01:10:00,26.811,0.941,86.396,394.253,
2026-02-28 01:15:00,38.028,1.005,191.749,184.039,
2026-02-28 01:20:00,47.398,0.948,474.234,862.477,
2026-02-28 01:25:00,40.806,0.974,210.488,803.959,
2026-02-28 01:30:00,35.94,0.935,145.524,1017.563,
2026-02-28 01:35:00,46.601,1.002,461.971,661.958,
2026-02-28 01:40:00,40.626,0.987,196.307,1880.996,
2026-02-28 01:45:00,41.726,1.003,181.856,978.298,
2026-02-28 01:50:00,41.773,0.989,200.507,1158.543,
2026-02-28 01:55:00,45.776,0.979,392.937,1180.635,
2026-02-28 02:00:00,43.343,1.005,400.801,347.943,
2026-02-28 02:05:00,51.731,1.003,396.396,659.788,
2026-02-28 02:10:00,54.101,1.004,448.122,1031.302,
2026-02-28 02:15:00,50.869,0.951,391.435,1303.175,
2026-02-28 02:20:00,45.103,1.007,308.728,728.795,
2026-02-28 02:25:00,44.652,1.004,269.816,356.789,
2026-02-28 02:30:00,41.408,1.004,245.83,450.764,
2026-02-28 02:35:00,42.46,1.001,283.164,202.971,
2026-02-28 02:40:00,39.508,0.957,548.984,1453.299,
2026-02-28 02:45:00,45.669,0.941,209.716,704.335,
2026-02-28 02:50:00,41.303,1.007,267.116,547.685,
2026-02-28 02:55:00,43.884,1.004,219.863,499.081,
2026-02-28 03:00:00,61.721,0.911,453.734,1979.58,
2026-02-28 03:05:00,53.794,0.995,378.533,541.375,
2026-02-28 03:10:00,65.615,0.965,579.779,692.86,
2026-02-28 03:15:00,68.168,0.959,602.461,555.836,
2026-02-28 03:20:00,53.887,0.775,450.667,2579.62,
2026-02-28 03:25:00,48.788,0.961,236.239,2297.141,
2026-02-28 03:30:00,46.299,0.961,209.364,919.824,
2026-02-28 03:35:00,47.229,0.89,157.317,1205.417,
2026-02-28 03:40:00,35.552,0.876,132.94,790.017,
2026-02-28 03:45:00,31.825,0.987,131.285,1240.829,
2026-02-28 03:50:00,27.909,0.97,88.418,480.846,
2026-02-28 03:55:00,26.634,0.944,93.334,1418.82,
2026-02-28 04:00:00,34.386,0.984,159.018,733.048,
2026-02-28 04:05:00,27.076,1.0,99.263,554.165,
2026-02-28 04:10:00,31.667,0.975,107.203,467.275,
2026-02-28 04:15:00,31.403,0.985,87.45,750.138,
2026-02-28 04:20:00,36.306,0.982,160.904,2898.091,
2026-02-28 04:25:00,34.52,1.003,117.262,423.592,
2026-02-28 04:30:00,39.179,0.961,176.607,719.025,
2026-02-28 04:35:00,38.036,0.933,123.705,1280.099,
2026-02-28 04:40:00,34.86,1.008,137.232,432.248,
2026-02-28 04:45:00,35.894,1.005,147.528,443.734,
2026-02-28 04:50:00,36.368,1.001,185.196,318.701,
2026-02-28 04:55:00,45.053,0.97,277.822,576.201,
2026-02-28 05:00:00,51.613,0.812,253.881,2758.81,
2026-02-28 05:05:00,33.928,1.005,140.485,314.176,
2026-02-28 05:10:00,37.561,1.036,213.442,468.466,
2026-02-28 05:15:00,30.439,0.977,118.86,467.13,
2026-02-28 05:20:00,37.355,0.968,147.883,1054.964,
2026-02-28 05:25:00,43.318,0.912,192.134,5293.517,
2026-02-28 05:30:00,42.275,0.897,256.687,2635.306,
2026-02-28 05:35:00,46.444,0.884,298.87,1542.804,
2026-02-28 05:40:00,50.435,0.952,332.916,2783.618,
2026-02-28 05:50:00,61.105,0.937,425.075,3768.074,
2026-02-28 05:55:00,61.543,0.925,374.401,2523.608,
2026-02-28 06:00:00,63.483,0.962,511.26,3167.213,
2026-02-28 06:05:00,70.4,0.993,678.312,1214.85,
2026-02-28 06:10:00,59.376,0.925,426.618,1293.143,
2026-02-28 06:20:00,58.524,0.741,421.228,7009.131,
2026-02-28 06:25:00,49.236,0.988,324.219,886.591,
2026-02-28 06:30:00,46.391,0.966,278.548,1813.932,
2026-02-28 06:35:00,47.919,1.004,298.582,1545.929,
2026-02-28 06:40:00,51.662,0.952,356.812,2362.993,
2026-02-28 06:45:00,48.055,0.938,448.426,719.523,
2026-02-28 06:50:00,38.515,0.916,199.46,1011.006,
2026-02-28 06:55:00,44.528,1.0,280.456,998.657,
2026-02-28 07:00:00,40.431,0.998,261.727,987.801,
2026-02-28 07:05:00,43.552,1.006,332.355,258.626,
2026-02-28 07:10:00,39.748,1.004,280.295,177.892,
2026-02-28 07:15:00,40.016,0.986,234.645,790.667,
2026-02-28 07:20:00,36.217,0.953,186.659,992.601,
2026-02-28 07:25:00,36.399,0.959,249.252,1448.413,
2026-02-28 07:30:00,45.685,0.746,343.181,3030.662,
2026-02-28 21:50:00,18.795,0.867,49.355,963.876,
2026-02-28 21:55:00,25.243,0.933,121.305,381.081,
2026-02-28 22:00:00,31.188,1.003,164.24,370.844,
2026-02-28 22:05:00,25.971,1.005,142.777,245.494,
2026-02-28 22:10:00,30.954,0.982,190.743,192.601,
2026-02-28 22:15:00,30.912,1.005,172.017,255.538,
2026-02-28 22:20:00,33.326,1.002,209.532,240.157,
2026-02-28 22:25:00,31.463,1.004,162.485,176.473,
2026-02-28 22:30:00,31.3,0.987,159.147,257.07,
2026-02-28 22:35:00,32.949,1.004,193.25,145.257,
2026-02-28 22:40:00,33.816,1.004,211.164,374.09,
2026-02-28 22:45:00,35.389,1.003,231.842,193.661,
2026-02-28 22:50:00,37.383,1.004,233.035,260.386,
2026-02-28 22:55:00,36.112,0.779,214.187,204.602,
2026-02-28 23:15:00,33.932,0.902,152.727,1134.342,
2026-02-28 23:20:00,40.013,0.905,148.644,2194.349,
2026-02-28 23:25:00,42.213,0.977,219.927,1914.142,
2026-02-28 23:30:00,38.409,0.986,258.378,621.07,
2026-02-28 23:35:00,26.77,0.923,111.841,1424.837,
2026-02-28 23:40:00,27.61,0.991,112.339,365.624,
2026-02-28 23:45:00,30.096,0.92,104.445,824.047,
2026-02-28 23:50:00,39.754,0.997,280.653,1724.978,
2026-02-28 23:55:00,39.57,1.002,267.372,528.091,
2026-03-01 00:00:00,42.595,0.932,248.261,1754.45,
2026-03-01 00:05:00,34.434,0.941,147.965,398.961,
2026-03-01 00:10:00,41.969,0.944,261.811,1404.905,
2026-03-01 00:15:00,37.922,1.006,224.374,244.642,
2026-03-01 00:20:00,36.351,0.929,156.711,672.725,
2026-03-01 00:25:00,42.059,0.972,231.488,1233.496,
2026-03-01 00:30:00,38.09,0.903,165.581,1209.083,
2026-03-01 00:35:00,27.798,0.982,94.833,673.591,
2026-03-01 00:40:00,22.886,0.983,70.782,468.297,
2026-03-01 00:45:00,29.153,0.988,150.687,526.839,
2026-03-01 00:50:00,18.273,1.005,53.266,105.919,
2026-03-01 00:55:00,21.491,1.006,67.17,348.542,
2026-03-01 01:00:00,29.368,0.961,128.451,1162.458,
2026-03-01 01:05:00,24.978,0.974,82.955,609.202,
2026-03-01 01:10:00,25.746,0.968,73.153,621.637,
2026-03-01 01:15:00,21.523,0.957,78.896,413.654,
2026-03-01 01:20:00,29.59,0.945,99.085,1189.535,
2026-03-01 01:25:00,29.209,0.962,135.387,651.226,
2026-03-01 01:30:00,33.104,0.919,119.816,464.853,
2026-03-01 01:35:00,28.769,0.954,98.81,892.357,
2026-03-01 01:40:00,33.394,0.988,152.988,840.573,
2026-03-01 01:45:00,39.432,0.905,253.002,268.805,
2026-03-01 01:50:00,37.136,0.948,231.305,2074.672,
2026-03-01 01:55:00,40.369,0.864,193.999,3820.38,
2026-03-01 02:05:00,23.661,0.918,42.019,2093.369,
2026-03-01 02:10:00,40.91,1.001,272.358,540.63,
2026-03-01 02:15:00,45.115,0.991,289.962,2498.099,
2026-03-01 02:20:00,47.42,0.987,418.075,1909.492,
2026-03-01 02:25:00,47.02,1.005,356.961,201.059,
2026-03-01 02:30:00,48.265,0.942,421.173,2525.37,
2026-03-01 02:35:00,43.903,1.003,272.822,430.611,
2026-03-01 02:40:00,41.857,1.008,291.275,266.153,
2026-03-01 02:45:00,41.389,1.001,268.777,603.366,
2026-03-01 02:50:00,45.128,1.007,302.005,543.43,
2026-03-01 02:55:00,42.066,1.002,323.854,254.528,
2026-03-01 03:00:00,41.536,1.005,301.412,547.352,
2026-03-01 03:05:00,43.059,0.947,747.989,7772.67,
2026-03-01 03:10:00,31.87,0.996,137.111,292.739,
2026-03-01 03:15:00,32.18,0.878,132.663,1738.474,
2026-03-01 03:20:00,22.025,0.99,62.599,269.26,
2026-03-01 03:25:00,23.746,0.954,81.962,1044.9,
2026-03-01 03:30:00,42.706,0.877,275.432,388.232,
2026-03-01 03:35:00,37.129,1.004,232.533,2073.295,
2026-03-01 03:40:00,34.853,0.886,169.712,1033.865,
2026-03-01 03:45:00,47.643,0.942,258.584,410.103,
2026-03-01 03:50:00,50.907,0.911,461.455,869.172,
2026-03-01 03:55:00,47.447,0.974,270.225,1347.901,
2026-03-01 04:00:00,44.288,0.968,244.214,1185.624,
2026-03-01 04:05:00,42.262,1.002,232.946,380.799,
2026-03-01 04:10:00,46.326,1.004,350.625,324.015,
2026-03-01 04:15:00,46.338,1.007,341.564,252.933,
2026-03-01 04:20:00,45.421,0.978,261.261,2073.119,
2026-03-01 04:25:00,45.636,1.009,354.421,433.629,
2026-03-01 04:30:00,48.807,1.002,358.827,414.847,
2026-03-01 04:35:00,46.663,1.005,386.149,321.878,
2026-03-01 04:40:00,43.486,0.794,175.6,3278.829,
2026-03-01 04:45:00,43.003,0.985,301.504,1767.291,
2026-03-01 04:50:00,43.596,0.983,257.617,892.846,
2026-03-01 04:55:00,49.436,0.981,297.145,1753.713,
2026-03-01 05:00:00,47.194,0.953,325.675,1590.406,
2026-03-01 05:05:00,42.925,0.879,249.005,363.31,
2026-03-01 05:10:00,41.498,0.884,226.026,1686.312,
2026-03-01 05:15:00,54.836,0.867,374.501,699.444,
2026-03-01 22:55:00,24.202,0.978,134.721,279.049,
2026-03-01 23:00:00,21.607,0.951,74.551,125.201,
2026-03-01 23:05:00,20.35,0.969,56.571,112.152,
2026-03-01 23:10:00,25.754,1.005,128.861,83.864,
2026-03-01 23:15:00,21.49,1.004,85.587,147.975,
2026-03-01 23:20:00,25.786,0.998,101.749,117.351,
2026-03-01 23:25:00,31.731,1.004,167.409,105.625,
2026-03-01 23:30:00,34.369,1.003,221.177,104.204,
2026-03-01 23:35:00,20.485,0.982,52.369,168.534,
2026-03-01 23:40:00,15.274,1.005,27.884,73.123,
2026-03-01 23:45:00,26.044,0.882,94.111,981.624,
2026-03-01 23:50:00,26.641,1.003,126.039,147.849,
2026-03-01 23:55:00,27.71,1.005,129.207,549.652,
2026-03-02 00:00:00,25.994,0.998,94.884,620.911,
2026-03-02 00:05:00,31.396,0.982,178.462,1820.77,
2026-03-02 00:10:00,22.308,0.956,44.337,587.065,
2026-03-02 00:15:00,27.144,0.931,165.13,851.752,
2026-03-02 00:20:00,32.053,0.997,166.93,265.92,
2026-03-02 00:25:00,29.012,0.991,194.512,246.711,
2026-03-02 00:30:00,26.001,1.002,114.447,248.804,
2026-03-02 00:35:00,28.261,0.986,154.034,234.805,
2026-03-02 00:40:00,22.976,0.979,104.23,358.492,
2026-03-02 00:45:00,27.202,0.984,109.454,531.467,
2026-03-02 00:50:00,29.539,0.996,162.961,196.65,
2026-03-02 00:55:00,26.497,0.985,102.643,161.855,
2026-03-02 01:00:00,28.166,1.003,124.431,464.443,
2026-03-02 01:05:00,29.997,1.0,124.804,166.447,
2026-03-02 01:10:00,33.471,0.963,196.391,250.864,
2026-03-02 01:15:00,31.583,0.987,170.108,916.439,
2026-03-02 01:20:00,27.435,0.991,96.414,359.521,
2026-03-02 01:25:00,31.252,0.976,167.994,247.401,
2026-03-02 01:30:00,36.486,0.981,175.122,2778.185,
2026-03-02 01:35:00,32.562,0.994,163.689,163.662,
2026-03-02 01:40:00,24.496,0.907,61.387,394.204,
2026-03-02 01:45:00,23.071,0.99,83.081,257.169,
2026-03-02 01:50:00,18.435,0.969,38.042,438.325,
2026-03-02 01:55:00,28.987,0.911,164.794,1915.264,
2026-03-02 02:00:00,20.443,1.002,109.252,482.989,
2026-03-02 02:05:00,20.668,0.98,49.626,287.999,
2026-03-02 02:10:00,16.698,0.966,32.081,298.056,
2026-03-02 02:15:00,35.415,0.979,241.894,228.108,
2026-03-02 02:20:00,31.9,0.991,176.396,751.838,
2026-03-02 02:25:00,23.559,0.986,63.83,400.585,
2026-03-02 02:30:00,27.711,0.962,96.296,643.945,
2026-03-02 02:35:00,38.76,0.999,249.897,244.34,
2026-03-02 02:40:00,40.119,1.005,360.936,395.663,
2026-03-02 02:45:00,41.151,0.97,341.507,211.253,
2026-03-02 02:50:00,26.069,0.997,101.089,160.347,
2026-03-02 02:55:00,28.639,1.004,125.337,294.277,
2026-03-02 03:00:00,30.52,1.006,143.582,220.417,
2026-03-02 03:05:00,26.081,0.995,119.494,163.684,
2026-03-02 03:10:00,26.737,1.002,95.753,256.838,
2026-03-02 03:15:00,26.546,1.008,124.747,245.426,
2026-03-02 03:20:00,29.196,0.984,134.728,362.563,
2026-03-02 03:25:00,26.828,0.941,69.113,349.652,
2026-03-02 03:30:00,45.186,1.004,317.013,684.341,
2026-03-02 03:35:00,38.918,0.994,211.267,352.126,
2026-03-02 03:40:00,42.076,0.987,261.156,1599.507,
2026-03-02 03:45:00,44.376,0.949,346.568,453.981,
2026-03-02 03:50:00,43.217,0.986,233.163,1775.592,
2026-03-02 03:55:00,36.601,0.984,180.704,1976.796,
2026-03-02 04:00:00,48.079,0.897,172.319,1813.872,
2026-03-02 04:05:00,46.533,0.982,225.424,2302.802,
2026-03-02 04:10:00,39.837,0.872,117.773,825.956,
2026-03-02 04:15:00,36.979,0.975,219.795,340.539,
2026-03-02 04:20:00,30.738,1.004,140.298,810.815,
2026-03-02 04:25:00,24.719,0.966,106.149,515.689,
2026-03-02 04:30:00,31.584,0.993,155.378,386.558,
2026-03-02 04:35:00,27.324,0.961,168.93,1984.5,
2026-03-02 04:40:00,39.833,0.949,180.961,1412.431,
2026-03-02 04:45:00,33.655,0.973,183.137,2424.54,
2026-03-02 04:50:00,28.98,0.981,100.836,1973.542,
2026-03-02 04:55:00,31.301,0.948,94.541,2199.085,
2026-03-02 05:00:00,36.518,0.958,129.99,2661.473,
2026-03-02 05:10:00,34.788,0.917,159.486,1856.321,
2026-03-02 05:15:00,37.872,0.96,144.788,532.342,
2026-03-02 05:20:00,41.173,0.882,283.255,2253.986,
2026-03-02 05:25:00,27.912,0.938,79.759,538.391,
2026-03-02 05:30:00,36.535,0.897,127.062,1702.409,
2026-03-02 05:35:00,20.602,0.95,50.092,477.885,
2026-03-02 05:40:00,53.624,0.969,389.961,1478.145,
2026-03-02 05:45:00,47.722,0.914,399.361,1797.014,
2026-03-02 05:50:00,34.424,0.989,205.989,532.211,
2026-03-02 05:55:00,51.992,0.992,514.805,447.093,
2026-03-02 06:00:00,32.797,1.005,198.072,549.931,
2026-03-02 06:05:00,29.493,0.857,123.748,210.947,
2026-03-02 06:10:00,37.254,0.981,279.092,3573.024,
2026-03-02 06:15:00,27.065,0.963,99.588,1006.418,
2026-03-02 06:20:00,27.415,0.74,112.469,1090.46,
2026-03-02 06:25:00,50.522,0.97,423.655,971.17,
2026-03-02 06:30:00,55.754,0.941,402.534,1579.235,
2026-03-02 06:35:00,33.824,0.972,249.05,871.797,
2026-03-02 07:00:00,24.539,0.728,74.261,947.958,
2026-03-02 07:05:00,20.804,0.902,88.093,775.993,
2026-03-02 07:10:00,27.583,0.934,165.267,857.66,
2026-03-02 07:15:00,61.805,0.991,562.414,262.764,
2026-03-02 07:20:00,32.374,0.823,158.811,745.522,
2026-03-02 07:25:00,22.014,0.995,81.441,464.053,
2026-03-02 07:30:00,22.979,0.921,145.765,1866.336,
2026-03-02 07:35:00,32.585,0.983,166.01,615.021,
2026-03-02 07:40:00,32.707,0.959,119.419,1996.218,
2026-03-02 07:45:00,23.748,1.002,49.363,840.819,
2026-03-02 07:50:00,32.963,0.966,107.517,1988.33,
2026-03-02 07:55:00,35.923,0.975,181.327,1967.611,
2026-03-02 08:00:00,34.433,0.906,163.278,1630.429,
2026-03-02 08:05:00,37.361,0.972,147.789,1206.546,
2026-03-02 08:10:00,39.391,0.909,185.076,1320.82,
2026-03-02 08:15:00,34.326,0.878,152.038,1709.061,
2026-03-02 08:20:00,27.794,0.958,98.62,716.646,
2026-03-02 08:25:00,26.537,0.927,120.026,1253.802,
2026-03-02 08:30:00,27.189,0.796,168.054,1686.28,
2026-03-02 08:35:00,32.503,0.98,286.68,1002.948,
2026-03-02 08:40:00,29.41,0.962,119.15,1414.664,
2026-03-02 08:45:00,29.969,0.981,174.284,1711.036,
2026-03-02 08:50:00,28.094,0.919,66.94,1170.813,
2026-03-02 08:55:00,23.823,0.835,156.193,1009.354,
2026-03-02 09:00:00,23.713,1.002,62.296,649.266,
2026-03-02 09:05:00,22.452,1.0,33.92,1019.629,
2026-03-02 21:10:00,28.07,0.975,113.611,183.289,
2026-03-02 21:15:00,22.167,0.824,113.612,589.881,
2026-03-02 21:25:00,22.131,0.914,93.373,92.27,
2026-03-02 21:30:00,29.734,0.932,165.678,480.864,
2026-03-02 21:35:00,25.559,0.975,109.648,236.104,
2026-03-02 21:40:00,23.544,0.751,113.68,260.821,
2026-03-02 21:45:00,21.856,1.003,100.635,65.247,
2026-03-02 21:50:00,23.591,1.001,123.274,283.152,
2026-03-02 21:55:00,27.944,0.986,139.657,294.288,
2026-03-02 22:00:00,29.631,0.998,141.994,182.494,
2026-03-02 22:05:00,29.509,1.003,142.777,146.85,
2026-03-02 22:10:00,30.503,1.005,146.675,157.412,
2026-03-02 22:15:00,30.082,0.954,142.841,197.139,
2026-03-02 22:20:00,28.111,0.991,157.763,263.659,
2026-03-02 22:25:00,27.845,1.003,131.713,214.961,
2026-03-02 22:30:00,30.412,1.0,145.45,493.116,
2026-03-02 22:35:00,32.926,0.987,181.334,293.811,
2026-03-02 22:40:00,34.202,0.941,180.246,220.204,
2026-03-02 22:45:00,36.39,0.983,199.072,882.223,
2026-03-02 22:50:00,33.456,1.0,124.411,511.683,
2026-03-02 22:55:00,36.656,0.984,187.523,1402.449,
2026-03-02 23:00:00,34.112,0.924,156.624,1524.185,
2026-03-02 23:05:00,31.95,0.982,111.43,271.144,
2026-03-02 23:10:00,45.529,0.963,236.705,1647.371,
2026-03-02 23:15:00,41.258,1.004,185.327,898.06,
2026-03-02 23:20:00,39.741,1.002,180.516,721.933,
2026-03-02 23:25:00,37.85,1.004,234.101,274.375,
2026-03-02 23:30:00,36.478,0.997,167.488,246.046,
2026-03-02 23:35:00,37.308,1.003,207.695,245.246,
2026-03-02 23:40:00,33.431,1.004,173.87,347.688,
2026-03-02 23:45:00,35.777,0.987,176.961,1430.557,
2026-03-02 23:50:00,37.565,0.996,209.218,611.78,
2026-03-02 23:55:00,38.039,0.994,215.498,471.273,
2026-03-03 00:05:00,37.124,0.999,150.56,423.768,
2026-03-03 00:10:00,38.664,0.928,189.415,914.871,
2026-03-03 00:15:00,40.704,0.932,204.509,796.233,
2026-03-03 00:20:00,37.273,0.943,187.498,346.972,
2026-03-03 00:25:00,36.981,0.966,220.907,864.776,
2026-03-03 00:30:00,32.474,0.935,110.827,709.666,
2026-03-03 00:35:00,40.944,0.986,193.443,556.253,
2026-03-03 00:40:00,36.771,0.991,237.063,458.997,
2026-03-03 00:45:00,32.515,0.929,140.735,651.766,
2026-03-03 00:50:00,24.32,0.996,78.796,424.336,
2026-03-03 00:55:00,24.72,0.984,83.377,450.907,
2026-03-03 01:00:00,31.589,0.878,112.427,263.706,
2026-03-03 01:15:00,30.035,0.998,196.225,284.962,
2026-03-03 01:20:00,33.478,0.976,138.028,770.848,
2026-03-03 01:25:00,29.273,1.005,158.79,466.24,
2026-03-03 01:30:00,32.581,1.006,138.118,294.899,
2026-03-03 01:35:00,31.996,0.966,195.816,273.478,
2026-03-03 01:40:00,33.489,1.005,163.589,396.05,
2026-03-03 01:45:00,30.305,1.001,139.6,261.61,
2026-03-03 01:50:00,33.572,0.946,159.257,269.311,
2026-03-03 01:55:00,38.537,0.987,185.191,1424.45,
2026-03-03 02:00:00,38.88,0.971,182.19,938.924,
2026-03-03 02:05:00,39.595,0.978,213.161,608.235,
2026-03-03 02:10:00,40.609,0.867,267.196,536.827,
2026-03-03 02:15:00,38.381,0.808,129.325,1460.199,
2026-03-03 02:20:00,25.557,0.997,100.706,201.227,
2026-03-03 02:25:00,26.675,0.967,130.657,582.679,
2026-03-03 02:30:00,27.038,0.986,99.099,146.637,
2026-03-03 02:35:00,25.388,0.993,91.165,150.962,
2026-03-03 02:40:00,21.231,1.001,85.788,207.454,
2026-03-03 02:45:00,30.008,0.883,118.135,636.762,
2026-03-03 02:50:00,33.233,0.982,181.502,266.174,
2026-03-03 02:55:00,20.967,0.977,67.982,545.786,
2026-03-03 03:00:00,28.693,0.883,101.62,579.914,
2026-03-03 03:05:00,34.314,0.979,152.423,707.298,
2026-03-03 03:10:00,33.685,1.003,219.602,510.159,
2026-03-03 03:15:00,49.782,1.002,328.484,267.735,
2026-03-03 03:20:00,26.449,1.005,127.593,809.564,
2026-03-03 03:25:00,31.196,0.945,112.565,748.006,
2026-03-03 03:30:00,43.579,0.965,146.873,204.621,
2026-03-03 03:35:00,33.831,0.917,132.288,1011.942,
2026-03-03 03:40:00,37.994,1.002,180.686,435.58,
2026-03-03 03:45:00,28.761,0.997,98.214,854.934,
2026-03-03 03:50:00,31.613,0.989,121.438,385.898,
2026-03-03 03:55:00,26.243,0.989,71.985,144.516,
2026-03-03 04:00:00,29.04,0.963,108.857,699.004,
2026-03-03 04:05:00,29.126,1.004,126.508,178.686,
2026-03-03 04:10:00,28.96,1.002,130.102,173.336,
2026-03-03 04:15:00,24.653,1.006,85.009,119.646,
2026-03-03 04:20:00,25.516,0.971,114.656,206.121,
2026-03-03 04:25:00,24.605,1.004,111.875,284.563,
2026-03-03 04:30:00,24.345,0.841,96.879,193.777,
2026-03-03 04:35:00,26.891,0.968,86.901,406.253,
2026-03-03 04:40:00,26.599,0.94,99.22,1499.896,
2026-03-03 04:45:00,23.44,0.998,88.481,1068.011,
2026-03-03 04:50:00,29.654,0.901,127.467,748.05,
2026-03-03 04:55:00,27.434,0.958,124.345,587.271,
2026-03-03 05:00:00,27.302,0.945,129.794,968.321,
2026-03-03 05:05:00,33.956,0.947,154.718,1057.27,
2026-03-03 05:10:00,37.761,0.943,233.415,969.641,
2026-03-03 05:20:00,82.506,0.867,976.284,1530.668,
2026-03-03 05:25:00,85.427,0.813,649.389,2407.692,
2026-03-03 05:30:00,39.579,0.923,147.954,1086.275,
2026-03-03 05:35:00,31.498,0.953,128.961,1162.648,
2026-03-03 05:40:00,26.545,0.974,91.333,1376.638,
2026-03-03 05:45:00,36.873,0.74,105.439,1408.81,
2026-03-03 05:50:00,38.976,0.969,186.346,915.631,
2026-03-03 05:55:00,37.275,0.831,130.131,1540.693,
2026-03-03 06:05:00,30.956,0.923,112.801,776.715,
2026-03-03 06:10:00,31.498,0.953,134.131,1117.815,
2026-03-03 06:15:00,31.06,0.864,105.854,1004.453,
2026-03-03 06:20:00,39.483,0.869,203.809,1839.363,
2026-03-03 06:25:00,32.291,0.729,277.756,1248.549,
2026-03-03 06:30:00,28.116,1.006,155.348,259.492,
2026-03-03 06:35:00,25.996,1.005,117.159,346.546,
2026-03-03 06:40:00,23.277,1.003,122.318,241.699,
2026-03-03 06:45:00,31.009,0.986,207.998,573.314,
2026-03-03 06:50:00,23.987,0.936,67.863,379.616,
2026-03-03 06:55:00,39.811,0.937,604.651,783.704,
2026-03-03 07:00:00,37.199,0.844,243.756,1355.236,
2026-03-03 07:05:00,35.556,0.989,353.637,724.264,
2026-03-03 22:35:00,20.864,0.829,61.298,489.896,
2026-03-03 22:40:00,17.472,0.899,58.976,566.484,
2026-03-03 22:45:00,20.325,1.005,81.575,310.388,
2026-03-03 22:50:00,20.228,0.96,90.198,236.45,
2026-03-03 22:55:00,20.79,0.987,94.204,434.698,
2026-03-03 23:00:00,28.073,0.847,219.952,457.375,
2026-03-03 23:05:00,42.708,0.977,269.674,199.434,
2026-03-03 23:10:00,28.455,0.759,128.451,380.037,
2026-03-03 23:15:00,14.253,1.0,37.624,345.414,
2026-03-03 23:20:00,18.839,0.838,30.995,452.662,
2026-03-03 23:25:00,31.028,0.874,130.978,693.764,
2026-03-03 23:30:00,25.193,0.946,156.046,365.067,
2026-03-03 23:35:00,26.291,1.005,116.84,126.78,
2026-03-03 23:40:00,30.728,1.001,181.033,84.038,
2026-03-03 23:45:00,30.867,1.003,165.245,159.884,
2026-03-03 23:50:00,31.428,1.003,173.981,111.964,
2026-03-03 23:55:00,31.252,1.003,165.674,122.856,
2026-03-04 00:00:00,35.849,0.96,225.705,301.156,
2026-03-04 00:05:00,35.211,0.974,236.89,193.588,
2026-03-04 00:10:00,25.253,1.004,111.082,198.744,
2026-03-04 00:15:00,24.65,0.995,88.103,189.718,
2026-03-04 00:20:00,25.786,0.997,84.59,164.77,
2026-03-04 00:25:00,29.5,0.823,145.38,303.359,
2026-03-04 00:30:00,37.889,0.993,164.775,390.079,
2026-03-04 00:35:00,33.879,0.984,138.622,794.54,
2026-03-04 00:40:00,24.435,1.002,71.818,681.224,
2026-03-04 00:45:00,34.049,1.003,127.681,858.46,
2026-03-04 00:50:00,40.921,0.938,272.641,425.16,
2026-03-04 00:55:00,42.138,0.958,191.548,1341.0,
2026-03-04 01:00:00,36.777,1.005,239.561,163.733,
2026-03-04 01:05:00,32.846,0.981,178.514,152.929,
2026-03-04 01:10:00,32.842,0.993,157.306,207.252,
2026-03-04 01:15:00,30.478,0.991,149.752,251.534,
2026-03-04 01:20:00,39.229,0.922,260.469,1896.128,
2026-03-04 01:25:00,40.321,1.0,240.648,454.131,
2026-03-04 01:30:00,36.426,0.999,165.793,341.665,
2026-03-04 01:35:00,31.799,1.002,145.645,292.244,
2026-03-04 01:40:00,39.604,1.004,236.249,293.619,
2026-03-04 01:45:00,33.89,0.937,158.117,527.096,
2026-03-04 01:50:00,34.465,0.921,153.649,263.759,
2026-03-04 01:55:00,34.676,0.941,104.793,795.836,
2026-03-04 02:00:00,34.883,0.994,178.547,304.719,
2026-03-04 02:05:00,36.557,1.006,336.846,2124.757,
2026-03-04 02:10:00,37.884,0.942,188.333,2084.277,
2026-03-04 02:15:00,29.728,0.916,87.003,1087.757,
2026-03-04 02:20:00,33.109,0.98,135.647,196.226,
2026-03-04 02:25:00,14.799,1.004,40.795,927.208,
2026-03-04 02:30:00,26.204,0.932,79.18,608.189,
2026-03-04 02:35:00,32.044,0.968,132.183,304.489,
2026-03-04 02:40:00,35.352,0.923,180.817,729.206,
2026-03-04 02:45:00,32.59,1.002,140.053,652.465,
2026-03-04 02:50:00,29.37,1.001,132.254,275.564,
2026-03-04 02:55:00,36.445,0.946,181.586,730.981,
2026-03-04 03:00:00,41.412,0.984,247.03,313.66,
2026-03-04 03:05:00,41.584,1.0,311.619,654.598,
2026-03-04 03:10:00,31.415,1.001,126.943,465.515,
2026-03-04 03:15:00,29.244,1.001,146.861,190.564,
2026-03-04 03:20:00,31.314,1.006,142.89,149.565,
2026-03-04 03:25:00,29.831,0.925,105.932,265.122,
2026-03-04 03:30:00,26.739,0.948,116.616,445.902,
2026-03-04 03:35:00,27.769,0.995,102.701,162.94,
2026-03-04 03:40:00,35.012,0.968,236.493,804.511,
2026-03-04 03:45:00,23.105,0.973,56.947,288.529,
2026-03-04 03:50:00,26.534,0.97,103.036,1047.26,
2026-03-04 03:55:00,23.629,0.945,88.97,551.101,
2026-03-04 04:00:00,25.185,0.968,99.909,586.023,
2026-03-04 04:05:00,21.984,1.002,69.001,492.502,
2026-03-04 04:10:00,18.303,0.972,59.617,844.183,
2026-03-04 04:15:00,28.7,0.908,101.02,734.202,
2026-03-04 04:20:00,21.691,1.003,71.791,223.947,
2026-03-04 04:25:00,18.365,0.886,61.585,543.896,
2026-03-04 04:30:00,21.717,1.0,74.821,348.308,
2026-03-04 04:35:00,18.313,0.974,46.993,228.803,
2026-03-04 04:40:00,24.562,1.005,102.714,582.317,
2026-03-04 04:45:00,20.155,0.998,95.799,230.602,
2026-03-04 04:50:00,21.613,1.001,85.111,227.016,
2026-03-04 04:55:00,23.875,0.977,80.86,207.723,
2026-03-04 05:00:00,25.48,0.997,105.314,175.166,
2026-03-04 05:05:00,24.987,1.004,97.781,274.514,
2026-03-04 05:10:00,33.655,0.952,146.95,631.624,
2026-03-04 05:15:00,37.659,0.953,198.359,552.832,
2026-03-04 05:20:00,43.643,0.955,191.809,1810.882,
2026-03-04 05:25:00,41.408,0.968,211.529,1500.972,
2026-03-04 05:30:00,32.131,0.743,132.843,964.086,
2026-03-04 05:35:00,31.261,0.986,98.048,837.591,
2026-03-04 05:40:00,30.002,1.002,105.669,216.09,
2026-03-04 05:45:00,24.488,1.004,70.851,258.025,
2026-03-04 05:50:00,35.989,0.909,171.174,567.594,
2026-03-04 05:55:00,35.074,0.975,208.09,1089.776,
2026-03-04 06:00:00,46.925,0.918,461.997,546.5,
2026-03-04 06:05:00,43.265,0.873,346.294,1357.394,
2026-03-04 06:10:00,43.811,1.006,313.015,381.202,
2026-03-04 06:15:00,48.475,0.763,314.662,680.933,
2026-03-04 06:25:00,45.518,0.986,524.359,416.061,
2026-03-05 00:00:00,22.88,0.956,52.046,458.952,
2026-03-05 00:05:00,18.153,0.992,45.17,285.166,
2026-03-05 00:10:00,34.62,0.938,141.768,943.967,
2026-03-05 00:15:00,22.211,1.008,80.63,198.505,
2026-03-05 00:20:00,33.155,1.004,152.658,133.503,
2026-03-05 00:25:00,30.039,1.002,134.18,145.813,
2026-03-05 00:30:00,34.373,0.981,188.734,267.924,
2026-03-05 00:35:00,37.034,1.008,236.072,206.096,
2026-03-05 00:40:00,36.673,1.001,163.43,382.22,
2026-03-05 00:45:00,36.706,0.951,155.756,918.913,
2026-03-05 00:50:00,34.729,0.987,203.134,485.11,
2026-03-05 00:55:00,31.443,1.006,126.708,214.318,
2026-03-05 01:00:00,39.289,0.898,145.595,1166.356,
2026-03-05 01:05:00,37.879,0.981,156.404,1438.58,
2026-03-05 01:10:00,37.4,1.006,167.113,308.991,
2026-03-05 01:15:00,36.84,0.943,166.548,1449.868,
2026-03-05 01:20:00,41.444,1.001,254.087,1537.286,
2026-03-05 01:25:00,30.822,0.957,109.943,739.304,
2026-03-05 01:30:00,34.956,0.984,150.919,969.424,
2026-03-05 01:35:00,37.868,1.002,197.823,564.333,
2026-03-05 01:40:00,31.286,0.975,98.589,1038.29,
2026-03-05 01:45:00,26.077,0.993,78.126,899.069,
2026-03-05 01:50:00,22.016,0.937,26.42,896.88,
2026-03-05 01:55:00,22.555,0.867,49.992,267.263,
2026-03-05 02:00:00,21.838,0.983,57.369,602.394,
2026-03-05 02:05:00,30.34,0.858,56.663,389.374,
2026-03-05 02:10:00,37.265,0.994,210.514,1437.225,
2026-03-05 02:15:00,30.13,0.973,112.746,265.617,
2026-03-05 02:20:00,35.028,0.973,172.415,526.22,
2026-03-05 02:25:00,31.254,0.997,130.731,234.649,
2026-03-05 02:30:00,40.72,0.948,228.94,739.79,
2026-03-05 02:35:00,36.406,1.005,190.779,251.261,
2026-03-05 02:40:00,35.377,1.003,230.789,407.293,
2026-03-05 02:45:00,29.548,0.945,106.468,618.925,
2026-03-05 02:50:00,27.838,0.973,102.086,1137.553,
2026-03-05 02:55:00,31.192,1.005,143.539,289.402,
2026-03-05 03:00:00,32.701,0.991,144.361,368.116,
2026-03-05 03:05:00,31.832,0.97,149.326,207.532,
2026-03-05 03:10:00,31.938,0.981,176.044,880.824,
2026-03-05 03:15:00,27.556,0.963,116.043,271.925,
2026-03-05 03:20:00,28.814,0.942,161.364,554.215,
2026-03-05 03:25:00,40.368,1.002,306.302,406.27,
2026-03-05 03:30:00,23.974,0.971,83.561,740.187,
2026-03-05 03:35:00,24.096,1.002,100.33,239.156,
2026-03-05 03:40:00,31.462,0.851,93.358,1201.47,
2026-03-05 03:45:00,43.929,0.91,241.125,1491.705,
2026-03-05 03:50:00,47.708,0.847,267.591,863.017,
2026-03-05 03:55:00,35.561,0.989,150.916,996.648,
2026-03-05 04:00:00,36.169,0.875,199.736,1323.926,
2026-03-05 04:05:00,35.517,0.935,111.754,823.601,
2026-03-05 04:10:00,31.846,0.991,112.425,697.74,
2026-03-05 04:15:00,31.593,0.973,121.543,415.599,
2026-03-05 04:20:00,35.789,0.935,161.767,1272.614,
2026-03-05 04:25:00,41.491,0.911,229.932,1274.544,
2026-03-05 04:30:00,44.507,0.939,215.146,816.16,
2026-03-05 04:35:00,44.872,1.002,222.309,975.245,
2026-03-05 04:40:00,40.433,0.969,147.304,671.662,
2026-03-05 04:45:00,36.056,1.006,195.342,719.22,
2026-03-05 04:50:00,41.19,0.981,236.695,1268.309,
2026-03-05 04:55:00,42.288,1.005,290.597,575.746,
2026-03-05 05:00:00,41.865,1.0,275.547,1632.972,
2026-03-05 05:05:00,57.659,1.005,435.007,486.265,
2026-03-05 05:10:00,43.343,0.939,290.156,766.259,
2026-03-05 05:15:00,41.989,0.969,201.46,281.927,
2026-03-05 05:20:00,38.356,0.985,205.789,644.054,
2026-03-05 05:25:00,39.489,0.986,240.857,1072.82,
2026-03-05 05:30:00,43.041,1.002,264.637,272.889,
2026-03-05 05:35:00,37.169,1.006,202.49,206.395,
2026-03-05 05:40:00,41.967,0.989,273.356,542.124,
2026-03-05 05:45:00,33.897,0.97,133.864,675.917,
2026-03-05 05:50:00,39.687,0.951,300.386,1466.283,
2026-03-05 05:55:00,31.266,0.878,142.666,840.745,
2026-03-05 06:00:00,30.915,0.896,123.802,665.931,
2026-03-05 06:05:00,29.453,0.837,109.938,1286.906,
2026-03-05 06:10:00,54.93,1.002,479.424,1072.479,
2026-03-05 06:15:00,33.086,0.922,134.708,966.579,
2026-03-05 06:20:00,32.711,0.915,127.735,1067.042,
2026-03-05 22:20:00,25.117,1.002,94.277,270.183,
2026-03-05 22:25:00,32.755,0.899,170.445,200.786,
2026-03-05 22:30:00,37.997,0.83,250.399,362.477,
2026-03-05 22:35:00,33.837,0.886,177.055,194.826,
2026-03-05 22:40:00,31.82,0.959,203.791,203.279,
2026-03-05 22:45:00,30.971,0.98,166.506,132.184,
2026-03-05 22:50:00,27.661,1.002,159.917,186.601,
2026-03-05 22:55:00,26.045,1.005,120.465,104.735,
2026-03-05 23:00:00,26.021,1.002,125.899,143.821,
2026-03-05 23:05:00,20.101,1.007,77.862,155.194,
2026-03-05 23:10:00,25.637,1.002,91.524,132.515,
2026-03-05 23:15:00,24.039,0.889,91.173,1701.245,
2026-03-05 23:20:00,27.956,0.965,120.679,1595.204,
2026-03-05 23:25:00,23.041,1.004,82.93,510.243,
2026-03-05 23:30:00,25.911,0.986,98.032,1589.49,
2026-03-05 23:35:00,28.891,0.94,233.061,1435.405,
2026-03-05 23:40:00,26.252,0.994,117.168,609.331,
2026-03-05 23:45:00,21.927,0.901,97.842,981.717,
2026-03-05 23:50:00,26.455,0.978,100.227,854.818,
2026-03-05 23:55:00,21.247,0.984,92.221,614.106,
2026-03-06 00:00:00,19.341,0.944,35.395,322.723,
2026-03-06 00:05:00,21.777,0.984,118.543,358.369,
2026-03-06 00:10:00,21.209,0.974,81.179,204.269,
2026-03-06 00:15:00,20.063,0.942,70.304,160.62,
2026-03-06 00:20:00,32.664,1.003,148.655,217.466,
2026-03-06 00:25:00,31.7,1.004,159.3,286.936,
2026-03-06 00:30:00,30.216,1.005,139.964,178.442,
2026-03-06 00:35:00,26.938,0.97,110.366,1473.124,
2026-03-06 00:40:00,24.23,0.911,72.111,604.061,
2026-03-06 00:45:00,29.692,1.002,125.405,157.905,
2026-03-06 00:50:00,27.66,1.004,107.42,266.367,
2026-03-06 00:55:00,27.532,0.892,57.802,506.725,
2026-03-06 01:00:00,27.567,0.977,94.687,353.663,
2026-03-06 01:05:00,30.894,0.957,116.61,502.068,
2026-03-06 01:10:00,29.566,0.975,82.358,796.962,
2026-03-06 01:15:00,29.477,0.929,104.185,667.461,
2026-03-06 01:20:00,23.637,0.896,84.584,796.395,
2026-03-06 01:25:00,27.621,0.898,87.844,909.359,
2026-03-06 01:30:00,38.396,0.965,255.684,316.895,
2026-03-06 01:35:00,35.224,0.987,149.746,1168.529,
2026-03-06 01:40:00,23.863,0.953,118.228,1681.464,
2026-03-06 01:45:00,24.393,0.934,77.325,419.3,
2026-03-06 01:50:00,25.423,0.963,169.205,163.678,
2026-03-06 02:00:00,34.729,0.923,205.228,881.425,
2026-03-06 02:05:00,33.126,1.004,229.687,141.483,
2026-03-06 02:10:00,28.12,1.003,146.118,190.512,
2026-03-06 02:15:00,26.745,0.988,131.237,214.874,
2026-03-06 02:20:00,27.839,1.005,155.861,330.302,
2026-03-06 02:25:00,27.587,1.004,132.133,197.994,
2026-03-06 02:30:00,28.66,0.941,97.835,1186.878,
2026-03-06 02:35:00,32.299,0.983,173.747,541.065,
2026-03-06 02:40:00,32.554,0.968,193.134,886.197,
2026-03-06 02:45:00,30.505,1.001,169.804,354.819,
2026-03-06 02:50:00,31.465,0.981,134.284,487.993,
2026-03-06 02:55:00,27.389,0.985,127.246,286.353,
2026-03-06 03:00:00,32.383,0.984,164.27,589.229,
2026-03-06 03:05:00,27.021,0.992,90.188,947.251,
2026-03-06 03:10:00,33.098,0.925,157.767,640.53,
2026-03-06 03:15:00,34.566,0.921,114.978,1679.42,
2026-03-06 03:20:00,17.502,0.981,23.507,104.832,
2026-03-06 03:25:00,26.845,0.892,146.764,511.53,
2026-03-06 03:30:00,27.481,1.003,109.739,2751.988,
2026-03-06 03:35:00,31.276,0.966,161.701,258.668,
2026-03-06 03:40:00,34.374,0.912,123.555,858.3,
2026-03-06 03:45:00,31.853,0.966,135.243,697.19,
2026-03-06 03:50:00,36.53,0.921,222.258,1245.806,
2026-03-06 03:55:00,36.261,1.003,234.587,272.37,
2026-03-06 04:00:00,33.213,0.91,87.141,756.461,
2026-03-06 04:10:00,36.908,0.909,240.252,491.886,
2026-03-06 04:15:00,41.759,0.756,204.324,2691.21,
2026-03-06 04:20:00,35.579,0.919,163.511,994.929,
2026-03-06 04:25:00,23.674,1.001,117.606,639.924,
2026-03-06 04:30:00,26.77,0.989,107.017,2302.838,
2026-03-06 04:35:00,29.488,0.935,97.029,596.753,
2026-03-06 04:40:00,33.687,0.945,167.612,1422.505,
2026-03-06 04:45:00,24.706,0.935,86.938,1047.058,
2026-03-06 04:50:00,33.38,0.95,178.611,1338.153,
2026-03-06 04:55:00,25.667,0.964,93.193,566.234,
2026-03-06 05:00:00,28.836,0.97,172.417,1611.942,
2026-03-06 05:05:00,25.975,0.985,94.931,260.762,
2026-03-06 05:10:00,33.016,0.958,142.921,888.63,
2026-03-06 05:15:00,31.735,0.972,171.351,1316.043,
2026-03-06 05:20:00,17.913,1.007,44.278,460.635,
2026-03-06 05:25:00,22.768,0.951,92.479,1978.474,
2026-03-06 05:30:00,23.624,1.002,122.473,194.662,
2026-03-06 05:35:00,24.019,1.003,100.258,156.9,
2026-03-06 05:40:00,26.983,1.006,140.892,166.018,
2026-03-06 05:45:00,26.489,0.925,133.584,2078.138,
2026-03-06 05:50:00,23.736,1.004,92.622,513.333,
2026-03-06 05:55:00,32.012,0.883,104.02,2255.257,
2026-03-06 06:00:00,39.169,0.879,204.118,1212.943,
2026-03-06 06:05:00,35.464,0.91,184.152,711.588,
2026-03-07 00:00:00,49.018,0.997,268.041,239.375,
2026-03-07 00:05:00,38.596,0.98,248.462,662.655,
2026-03-07 00:10:00,41.239,0.961,250.963,635.916,
2026-03-07 00:15:00,71.152,1.003,620.688,825.737,
2026-03-07 00:20:00,64.275,0.958,376.375,471.477,
2026-03-07 00:25:00,28.295,1.007,89.852,787.103,
2026-03-07 00:30:00,27.159,0.993,76.013,561.086,
2026-03-07 00:35:00,32.292,0.921,161.525,1564.927,
2026-03-07 00:40:00,33.649,1.007,183.832,593.057,
2026-03-07 00:45:00,37.876,1.005,281.095,423.831,
2026-03-07 00:50:00,41.134,0.987,335.794,654.313,
2026-03-07 00:55:00,38.457,1.005,265.906,291.802,
2026-03-07 01:00:00,30.826,0.955,140.594,277.438,
2026-03-07 01:05:00,35.916,1.005,190.679,111.166,
2026-03-07 01:10:00,31.767,1.004,154.829,260.352,
2026-03-07 01:15:00,31.683,1.004,126.576,320.826,
2026-03-07 01:20:00,39.537,0.98,239.024,981.417,
2026-03-07 01:25:00,41.551,1.006,268.525,249.128,
2026-03-07 01:30:00,51.874,0.959,267.613,2036.524,
2026-03-07 01:35:00,48.786,0.939,301.111,3629.724,
2026-03-07 01:40:00,86.316,0.979,1301.229,1031.849,
2026-03-07 01:45:00,76.366,0.995,961.471,858.534,
2026-03-07 01:50:00,74.769,0.985,827.696,675.47,
2026-03-07 01:55:00,53.675,0.978,269.652,1182.648,
2026-03-07 02:00:00,62.07,0.97,503.335,2464.548,
2026-03-07 02:05:00,47.239,0.91,301.43,838.459,
2026-03-07 02:10:00,43.146,0.986,243.754,1194.641,
2026-03-07 02:15:00,35.923,1.006,149.105,784.078,
2026-03-07 02:20:00,39.293,1.002,157.644,1109.228,
2026-03-07 02:25:00,33.983,0.878,99.155,848.299,
2026-03-07 02:30:00,30.734,0.954,137.258,612.287,
2026-03-07 02:35:00,21.785,1.005,81.828,208.11,
2026-03-07 02:40:00,27.961,0.979,117.219,883.871,
2026-03-07 02:45:00,34.903,1.007,192.585,315.907,
2026-03-07 02:50:00,25.336,0.961,78.302,565.819,
2026-03-07 02:55:00,31.052,0.921,188.647,918.16,
2026-03-07 03:00:00,38.436,0.997,215.079,1342.987,
2026-03-07 03:05:00,37.315,1.005,220.675,294.341,
2026-03-07 03:10:00,30.54,0.875,118.133,1269.908,
2026-03-07 03:15:00,31.66,1.002,183.235,183.062,
2026-03-07 03:20:00,29.141,1.006,221.542,2515.527,
2026-03-07 03:25:00,36.241,1.004,238.186,161.918,
2026-03-07 03:30:00,34.779,0.921,129.128,3091.961,
2026-03-07 03:35:00,26.553,1.005,97.938,209.45,
2026-03-07 03:40:00,24.425,1.004,107.986,143.501,
2026-03-07 03:45:00,25.158,1.003,110.949,191.532,
2026-03-07 03:50:00,20.929,1.006,84.274,188.205,
2026-03-07 03:55:00,28.329,0.906,118.452,634.478,
2026-03-07 04:00:00,43.122,0.992,273.394,2435.464,
2026-03-07 04:05:00,54.521,0.864,334.09,1245.534,
2026-03-07 04:10:00,40.932,0.986,259.599,455.875,
2026-03-07 04:15:00,40.46,0.958,235.376,1350.698,
2026-03-07 04:20:00,37.237,1.003,102.955,391.231,
2026-03-07 04:25:00,37.386,0.836,166.074,2320.916,
2026-03-07 04:30:00,38.972,1.006,195.743,725.4,
2026-03-07 04:35:00,36.436,0.942,145.904,501.115,
2026-03-07 04:40:00,28.391,0.96,98.534,396.254,
2026-03-07 04:45:00,31.02,1.002,104.902,891.596,
2026-03-07 04:50:00,24.326,1.007,66.202,261.478,
2026-03-07 04:55:00,34.569,0.954,136.636,825.86,
2026-03-07 05:00:00,42.526,1.004,277.042,787.653,
2026-03-07 05:05:00,35.999,0.988,219.488,605.207,
2026-03-07 05:10:00,42.013,1.006,284.389,416.458,
2026-03-07 05:15:00,43.591,1.0,339.316,273.706,
2026-03-07 05:20:00,42.41,1.005,327.522,247.722,
2026-03-07 05:25:00,37.824,0.966,225.193,898.524,
2026-03-07 05:30:00,35.55,1.007,194.109,192.801,
2026-03-07 05:35:00,33.049,1.004,197.244,435.797,
2026-03-07 05:40:00,42.396,0.941,263.753,1649.022,
2026-03-07 05:45:00,43.501,0.988,337.768,1011.055,
2026-03-07 05:50:00,42.651,0.955,226.72,2034.262,
2026-03-07 05:55:00,43.254,0.934,313.299,1019.339,
2026-03-07 06:00:00,51.973,0.868,294.882,1808.581,
2026-03-07 06:05:00,59.364,0.787,484.287,1721.243,
2026-03-07 06:10:00,37.713,0.887,149.722,1864.821,
2026-03-07 22:30:00,30.847,0.895,179.977,412.387,
2026-03-07 22:35:00,21.669,1.002,138.608,404.27,
2026-03-07 22:40:00,30.635,1.004,217.568,134.539,
2026-03-07 22:45:00,32.898,0.873,218.736,275.122,
2026-03-07 22:50:00,36.06,0.959,215.576,309.766,
2026-03-07 22:55:00,38.066,0.996,203.275,228.257,
2026-03-07 23:00:00,33.574,1.004,154.138,214.94,
2026-03-07 23:05:00,35.59,1.0,184.93,150.772,
2026-03-07 23:10:00,34.338,1.007,165.28,167.477,
2026-03-07 23:15:00,20.691,0.955,66.004,166.454,
2026-03-07 23:20:00,39.164,1.002,287.254,250.755,
2026-03-07 23:25:00,22.873,0.97,101.706,420.862,
2026-03-07 23:30:00,18.537,1.007,53.999,121.746,
2026-03-07 23:35:00,21.868,0.97,71.434,540.319,
2026-03-07 23:40:00,21.388,0.907,72.739,374.378,
2026-03-07 23:45:00,22.354,0.984,64.253,533.959,
2026-03-07 23:50:00,18.84,0.986,36.234,553.01,
2026-03-07 23:55:00,19.156,0.986,37.77,482.414,
2026-03-08 00:00:00,21.439,0.945,79.347,308.622,
2026-03-08 00:05:00,24.11,0.89,53.307,396.205,
2026-03-08 00:10:00,20.651,0.965,56.437,222.672,
2026-03-08 00:15:00,21.879,1.004,69.033,81.23,
2026-03-08 00:20:00,21.915,1.004,63.955,132.012,
2026-03-08 00:25:00,20.364,0.991,42.131,109.014,
2026-03-08 00:30:00,21.39,1.004,81.214,223.598,
2026-03-08 00:35:00,32.52,0.824,120.475,1294.238,
2026-03-08 00:40:00,21.891,0.982,67.2,235.561,
2026-03-08 00:45:00,21.881,0.958,54.21,331.706,
2026-03-08 00:50:00,24.919,0.95,106.564,560.536,
2026-03-08 00:55:00,16.59,1.001,39.761,244.664,
2026-03-08 01:00:00,27.012,0.842,67.376,1099.284,
2026-03-08 01:05:00,35.346,0.964,156.512,470.881,
2026-03-08 01:10:00,37.185,0.975,203.309,195.191,
2026-03-08 01:15:00,38.648,0.993,206.802,1192.157,
2026-03-08 01:20:00,29.085,0.982,87.683,810.412,
2026-03-08 01:25:00,35.917,1.0,174.11,354.021,
2026-03-08 01:30:00,44.051,0.936,279.01,850.245,
2026-03-08 01:35:00,36.116,0.962,139.635,614.092,
2026-03-08 01:40:00,36.53,1.001,257.452,181.267,
2026-03-08 01:45:00,37.019,1.007,221.532,207.816,
2026-03-08 01:50:00,34.003,1.002,174.113,138.64,
2026-03-08 01:55:00,39.117,0.921,232.049,2173.807,
2026-03-08 02:00:00,33.866,0.967,156.926,323.272,
2026-03-08 02:05:00,30.733,0.992,140.817,210.315,
2026-03-08 02:10:00,34.29,0.917,168.271,401.991,
2026-03-08 02:15:00,32.665,0.945,140.368,488.959,
2026-03-08 02:20:00,28.816,1.003,132.648,120.444,
2026-03-08 02:25:00,33.036,0.981,126.656,834.724,
2026-03-08 02:30:00,32.635,0.984,173.1,624.975,
2026-03-08 02:35:00,33.055,1.005,165.479,428.898,
2026-03-08 02:50:00,26.451,0.961,65.788,393.041,
2026-03-08 02:55:00,24.628,0.998,83.904,429.393,
2026-03-08 03:00:00,24.891,0.976,78.029,369.425,
2026-03-08 03:05:00,26.242,0.981,107.271,360.221,
2026-03-08 03:10:00,27.926,0.95,137.402,472.653,
2026-03-08 03:15:00,23.751,0.966,85.915,1162.085,
2026-03-08 03:20:00,24.5,0.982,87.585,678.95,
2026-03-08 03:25:00,23.33,0.968,77.295,139.356,
2026-03-08 03:30:00,38.4,0.87,336.919,3636.233,
2026-03-08 03:35:00,57.243,1.005,364.192,131.57,
2026-03-08 03:40:00,19.238,0.96,46.526,854.395,
2026-03-08 03:45:00,14.052,1.0,15.271,271.116,
2026-03-08 03:50:00,26.727,0.748,122.508,728.987,
2026-03-08 04:00:00,29.169,0.947,178.53,284.304,
2026-03-08 04:05:00,38.723,0.994,241.087,292.179,
2026-03-08 04:10:00,42.317,0.964,294.119,717.318,
2026-03-08 04:15:00,45.009,0.983,347.425,464.217,
2026-03-08 04:20:00,49.415,1.004,466.746,1103.27,
2026-03-08 04:25:00,42.88,0.939,246.849,995.469,
2026-03-08 04:30:00,33.63,0.993,203.725,338.525,
2026-03-08 04:35:00,31.82,0.961,160.842,470.67,
2026-03-08 04:40:00,32.731,0.961,176.813,474.266,
2026-03-08 04:45:00,30.406,0.978,121.545,948.449,
2026-03-08 04:50:00,23.381,1.004,67.271,231.652,
2026-03-08 04:55:00,29.167,0.95,68.361,551.37,
2026-03-08 05:00:00,38.998,0.913,203.248,828.167,
2026-03-08 05:05:00,28.225,0.952,58.214,397.348,
2026-03-08 05:10:00,37.564,0.765,354.504,441.678,
2026-03-08 05:15:00,36.052,1.002,187.423,593.772,
2026-03-08 05:20:00,34.853,1.005,202.266,547.044,
2026-03-08 05:25:00,35.455,0.962,173.522,815.598,
2026-03-08 05:30:00,39.565,0.998,266.773,1643.705,
2026-03-08 05:35:00,34.843,1.005,210.586,763.103,
2026-03-08 05:40:00,32.563,0.987,188.145,502.312,
2026-03-08 05:45:00,31.58,0.919,88.466,2245.807,
2026-03-08 05:50:00,33.871,1.004,161.08,672.472,
2026-03-08 05:55:00,37.521,0.936,220.619,388.317,
2026-03-08 06:00:00,48.519,0.974,294.417,442.298,
2026-03-08 06:05:00,36.889,0.874,237.634,255.686,
2026-03-08 22:25:00,30.288,0.799,168.111,221.545,
2026-03-08 22:30:00,36.297,0.923,166.515,183.158,
2026-03-08 22:35:00,41.699,0.994,370.633,194.356,
2026-03-08 22:40:00,37.909,0.926,245.599,552.072,
2026-03-08 22:45:00,38.16,0.854,281.298,273.606,
2026-03-08 22:50:00,44.06,0.984,362.418,189.537,
2026-03-08 22:55:00,42.289,0.999,320.001,162.43,
2026-03-08 23:00:00,44.874,1.005,285.544,277.279,
2026-03-08 23:05:00,33.376,0.959,140.222,352.894,
2026-03-08 23:10:00,37.059,0.939,142.665,726.211,
2026-03-08 23:15:00,42.831,1.006,300.391,282.443,
2026-03-08 23:20:00,44.368,0.943,162.388,2558.332,
2026-03-08 23:25:00,31.305,0.982,127.616,350.244,
2026-03-08 23:30:00,30.125,0.983,131.667,534.67,
2026-03-08 23:35:00,36.018,1.003,151.191,578.532,
2026-03-08 23:40:00,26.653,0.998,89.826,276.088,
2026-03-08 23:45:00,37.28,0.769,175.944,906.843,
2026-03-08 23:50:00,31.534,0.798,94.666,659.71,
2026-03-08 23:55:00,31.384,0.951,132.027,570.327,
2026-03-09 00:00:00,24.741,0.942,77.764,585.567,
2026-03-09 00:05:00,24.015,0.946,85.456,307.572,
2026-03-09 00:10:00,26.994,0.96,92.609,527.858,
2026-03-09 00:15:00,23.501,0.969,97.369,451.528,
2026-03-09 00:20:00,25.202,0.972,81.915,636.637,
2026-03-09 00:25:00,20.994,1.004,75.309,226.242,
2026-03-09 00:30:00,22.91,0.951,102.411,671.821,
2026-03-09 00:35:00,20.606,1.003,59.609,163.622,
2026-03-09 00:40:00,23.426,0.968,74.349,723.13,
2026-03-09 00:45:00,22.922,0.981,93.886,137.756,
2026-03-09 00:50:00,24.676,1.003,98.149,171.84,
2026-03-09 00:55:00,22.408,1.001,56.458,107.77,
2026-03-09 01:00:00,34.483,0.95,142.74,664.968,
2026-03-09 01:05:00,26.053,0.962,80.162,851.231,
2026-03-09 01:10:00,24.794,0.997,128.695,118.41,
2026-03-09 01:15:00,27.301,0.982,110.575,338.611,
2026-03-09 01:20:00,22.581,0.959,46.186,243.291,
2026-03-09 01:25:00,35.102,0.997,181.252,224.857,
2026-03-09 01:30:00,28.494,1.003,151.007,172.299,
2026-03-09 01:35:00,26.025,0.957,150.411,492.669,
2026-03-09 01:40:00,32.444,0.884,101.917,797.178,
2026-03-09 01:45:00,30.86,1.004,147.814,677.281,
2026-03-09 01:50:00,28.169,0.91,120.387,747.092,
2026-03-09 01:55:00,39.487,1.0,164.288,426.107,
2026-03-09 02:00:00,37.379,0.959,224.644,465.286,
2026-03-09 02:05:00,38.305,0.979,177.279,793.202,
2026-03-09 02:10:00,29.23,0.843,85.915,586.183,
2026-03-09 02:15:00,31.451,0.988,157.007,294.786,
2026-03-09 02:20:00,23.71,0.96,82.817,252.594,
2026-03-09 02:25:00,23.61,0.994,79.626,188.952,
2026-03-09 02:30:00,26.682,1.005,122.005,454.761,
2026-03-09 02:35:00,24.978,0.902,89.529,234.707,
2026-03-09 03:20:00,36.667,0.73,171.037,511.127,
2026-03-09 03:25:00,38.411,0.954,207.201,482.998,
2026-03-09 03:30:00,23.194,0.871,124.811,1442.05,
2026-03-09 03:35:00,28.201,0.985,150.529,245.369,
2026-03-09 03:40:00,21.582,0.999,79.089,1203.01,
2026-03-09 03:45:00,28.554,0.958,104.706,557.466,
2026-03-09 03:50:00,30.642,0.988,137.604,777.338,
2026-03-09 03:55:00,20.475,0.966,62.882,202.001,
2026-03-09 04:00:00,24.791,0.982,69.02,340.713,
2026-03-09 04:05:00,29.454,0.982,119.504,293.938,
2026-03-09 04:10:00,24.699,0.972,82.189,884.346,
2026-03-09 04:15:00,28.014,1.003,164.687,625.009,
2026-03-09 04:20:00,26.046,1.005,117.218,223.28,
2026-03-09 04:25:00,34.901,0.914,197.772,360.107,
2026-03-09 04:30:00,33.071,1.005,171.222,397.342,
2026-03-09 04:35:00,29.34,1.005,134.089,231.966,
2026-03-09 04:40:00,30.107,0.992,114.576,282.816,
2026-03-09 04:45:00,28.698,0.988,151.827,877.838,
2026-03-09 04:50:00,22.676,0.999,82.721,828.831,
2026-03-09 04:55:00,26.745,0.964,106.699,1174.716,
2026-03-09 05:00:00,27.264,0.997,104.011,385.696,
2026-03-09 05:05:00,27.275,0.962,148.979,463.731,
2026-03-09 05:10:00,29.452,0.978,136.504,541.033,
2026-03-09 05:15:00,32.806,0.902,95.734,1419.053,
2026-03-09 05:20:00,30.57,0.924,121.903,1995.942,
2026-03-09 05:25:00,31.118,0.793,134.062,931.095,
2026-03-09 05:35:00,33.174,0.903,368.107,6282.912,
2026-03-09 05:40:00,45.076,0.889,268.241,1647.107,
2026-03-09 05:45:00,47.471,0.975,564.359,1728.375,
2026-03-09 05:50:00,39.208,0.948,213.259,1510.546,
2026-03-09 05:55:00,39.284,0.823,211.034,1979.142,
2026-03-09 06:00:00,38.116,0.911,345.507,1689.63,
2026-03-09 23:30:00,40.511,0.849,137.588,489.434,
2026-03-09 23:35:00,57.508,0.905,335.058,621.539,
2026-03-09 23:40:00,58.726,0.987,506.849,657.008,
2026-03-09 23:45:00,52.256,0.836,514.686,584.572,
2026-03-09 23:50:00,53.609,1.004,455.829,285.466,
2026-03-09 23:55:00,56.959,1.004,506.218,524.374,
2026-03-10 00:00:00,43.157,1.002,258.292,369.949,
2026-03-10 00:05:00,40.411,0.954,267.229,939.681,
2026-03-10 00:10:00,36.271,1.005,219.783,355.72,
2026-03-10 00:15:00,41.045,1.002,247.684,331.627,
2026-03-10 00:35:00,70.432,0.853,445.353,2583.511,
2026-03-10 00:40:00,41.478,0.746,212.996,1189.321,
2026-03-10 00:50:00,38.865,0.987,242.182,662.758,
2026-03-10 00:55:00,39.885,0.952,347.545,1331.311,
2026-03-10 01:00:00,35.346,1.004,159.583,439.971,
2026-03-10 01:05:00,39.163,1.0,220.154,209.437,
2026-03-10 01:10:00,26.818,0.97,80.367,922.373,
2026-03-10 01:20:00,27.603,1.003,106.164,1063.007,
2026-03-10 01:25:00,30.382,0.987,115.602,664.828,
2026-03-10 01:30:00,42.148,1.001,302.493,258.787,
2026-03-10 01:35:00,43.147,0.994,347.42,1748.713,
2026-03-10 01:40:00,42.426,1.004,278.606,233.382,
2026-03-10 01:45:00,38.865,1.005,224.682,154.631,
2026-03-10 01:50:00,35.915,1.004,182.757,255.415,
2026-03-10 01:55:00,37.885,1.006,286.273,934.933,
2026-03-10 02:00:00,41.171,1.004,248.923,140.973,
2026-03-10 02:05:00,41.118,1.004,257.211,159.83,
2026-03-10 02:10:00,45.775,0.943,224.739,552.178,
2026-03-10 02:15:00,39.571,0.974,187.166,1770.787,
2026-03-10 02:20:00,43.977,0.933,176.612,1508.373,
2026-03-10 02:25:00,44.179,0.959,207.032,343.182,
2026-03-10 02:30:00,50.349,0.971,333.274,1009.107,
2026-03-10 02:35:00,48.707,0.976,451.926,528.818,
2026-03-10 02:40:00,47.056,0.995,330.798,343.705,
2026-03-10 02:45:00,42.975,0.964,315.628,645.032,
2026-03-10 02:50:00,50.552,1.004,354.177,881.518,
2026-03-10 02:55:00,46.651,0.999,292.489,1004.932,
2026-03-10 03:00:00,45.887,0.955,304.014,1469.359,
2026-03-10 03:05:00,29.103,0.991,136.223,804.212,
2026-03-10 03:10:00,37.255,0.983,178.236,1306.173,
2026-03-10 03:15:00,37.247,0.92,140.193,4077.107,
2026-03-10 03:20:00,26.589,0.968,87.099,317.821,
2026-03-10 03:25:00,32.48,0.924,96.821,1562.722,
2026-03-10 03:30:00,37.962,0.898,136.238,239.805,
2026-03-10 03:35:00,26.084,1.003,65.149,550.925,
2026-03-10 03:40:00,43.154,0.989,273.182,530.598,
2026-03-10 03:45:00,37.897,0.957,214.264,791.787,
2026-03-10 03:50:00,41.524,1.006,169.862,720.188,
2026-03-10 03:55:00,42.945,0.98,201.194,1288.588,
2026-03-10 04:00:00,42.582,0.985,228.548,635.947,
2026-03-10 04:05:00,44.052,0.996,279.427,583.909,
2026-03-10 04:10:00,44.696,1.007,269.773,849.567,
2026-03-10 04:15:00,45.909,1.004,257.192,732.709,
2026-03-10 04:20:00,41.368,1.004,197.422,714.864,
2026-03-10 04:25:00,50.465,1.004,419.008,670.974,
2026-03-10 04:30:00,59.832,1.004,544.703,284.976,
2026-03-10 04:35:00,52.546,1.008,443.675,517.08,
2026-03-10 04:40:00,47.475,1.002,290.888,413.305,
2026-03-10 04:45:00,46.106,1.007,269.815,394.101,
2026-03-10 04:50:00,52.372,1.003,425.404,472.2,
2026-03-10 04:55:00,46.633,1.006,315.211,256.189,
2026-03-10 05:00:00,44.992,0.882,211.561,2857.724,
2026-03-10 05:05:00,95.445,1.005,1293.379,1236.321,
2026-03-10 05:10:00,69.054,0.954,701.505,1850.609,
2026-03-10 05:15:00,91.907,0.987,1191.932,3633.393,
2026-03-10 05:20:00,73.703,1.002,678.011,2290.509,
2026-03-10 05:25:00,47.501,0.939,354.792,664.518,
2026-03-10 05:30:00,47.55,0.943,255.462,2132.295,
2026-03-10 05:35:00,117.48,0.948,1545.729,2764.012,
2026-03-10 05:40:00,47.662,0.916,262.743,1740.005,
2026-03-10 05:45:00,68.506,0.893,413.577,3569.356,
2026-03-10 05:50:00,43.836,0.832,288.789,759.755,
2026-03-11 00:10:00,41.853,0.949,338.281,221.012,
2026-03-11 00:15:00,48.917,0.797,352.547,205.862,
2026-03-11 00:20:00,21.711,0.978,85.517,443.166,
2026-03-11 00:25:00,28.167,0.958,146.189,233.359,
2026-03-11 00:30:00,25.043,1.003,90.56,203.287,
2026-03-11 00:35:00,34.107,0.815,223.522,958.222,
2026-03-11 00:40:00,50.659,0.906,497.204,221.899,
2026-03-11 00:45:00,24.661,1.002,110.609,236.704,
2026-03-11 00:50:00,26.426,0.989,109.567,179.908,
2026-03-11 00:55:00,22.94,0.99,92.64,185.98,
2026-03-11 01:00:00,27.586,0.96,132.721,309.691,
2026-03-11 01:05:00,33.769,0.995,220.853,247.698,
2026-03-11 01:10:00,38.115,1.004,275.908,212.301,
2026-03-11 01:15:00,38.895,1.003,264.386,97.673,
2026-03-11 01:20:00,42.499,1.004,328.575,131.291,
2026-03-11 01:25:00,43.662,0.994,360.552,180.41,
2026-03-11 01:30:00,29.987,1.004,127.533,1250.686,
2026-03-11 01:35:00,23.9,1.001,94.192,413.104,
2026-03-11 01:40:00,33.142,0.973,160.19,864.926,
2026-03-11 01:45:00,29.497,1.002,128.644,420.647,
2026-03-11 01:50:00,32.936,0.995,238.904,948.628,
2026-03-11 01:55:00,34.57,0.988,215.749,916.949,
2026-03-11 02:00:00,37.837,0.947,290.446,389.057,
2026-03-11 02:05:00,24.139,1.001,90.195,136.025,
2026-03-11 02:10:00,20.673,1.004,63.848,153.677,
2026-03-11 02:15:00,23.406,0.999,79.18,184.995,
2026-03-11 02:20:00,25.36,1.005,105.224,251.159,
2026-03-11 02:25:00,21.854,1.002,67.662,103.198,
2026-03-11 02:30:00,22.809,1.002,90.67,127.794,
2026-03-11 02:35:00,22.347,1.001,76.959,221.198,
2026-03-11 02:40:00,30.44,0.941,206.302,755.045,
2026-03-11 02:45:00,36.066,0.971,243.446,358.531,
2026-03-11 02:50:00,35.942,1.002,210.149,172.631,
2026-03-11 02:55:00,34.328,1.003,171.495,391.377,
2026-03-11 03:00:00,30.724,1.005,152.367,168.037,
2026-03-11 03:05:00,33.426,0.854,170.334,689.452,
2026-03-11 03:10:00,31.622,0.999,147.265,759.146,
2026-03-11 03:15:00,27.57,1.0,1221.445,5421.452,
2026-03-11 03:20:00,36.164,1.004,156.996,950.203,
2026-03-11 03:25:00,39.022,0.839,342.455,414.443,
2026-03-11 03:30:00,37.101,0.911,139.733,1393.605,
2026-03-11 03:35:00,26.063,0.997,73.961,621.533,
2026-03-11 03:40:00,38.13,0.947,188.788,646.906,
2026-03-11 03:45:00,37.196,0.969,212.177,853.37,
2026-03-11 03:50:00,36.523,0.988,181.716,277.799,
2026-03-11 03:55:00,33.39,0.971,192.027,677.441,
2026-03-11 04:00:00,25.746,1.004,122.155,179.938,
2026-03-11 04:05:00,26.699,0.973,93.379,350.081,
2026-03-11 04:10:00,21.642,0.997,60.79,176.42,
2026-03-11 04:15:00,23.417,0.976,82.408,764.537,
2026-03-11 04:20:00,26.575,0.951,80.198,1874.415,
2026-03-11 04:25:00,27.362,0.97,118.445,1527.423,
2026-03-11 04:30:00,21.967,0.967,58.692,1028.645,
2026-03-11 04:35:00,29.062,0.958,159.249,741.274,
2026-03-11 04:40:00,21.404,0.974,61.807,581.982,
2026-03-11 04:45:00,18.314,0.972,45.931,678.027,
2026-03-11 04:50:00,29.595,0.969,153.118,1641.337,
2026-03-11 04:55:00,27.062,0.909,72.293,862.368,
2026-03-11 05:00:00,36.66,0.969,167.623,673.942,
2026-03-11 05:05:00,30.92,0.951,97.403,1611.945,
2026-03-11 05:10:00,40.197,1.008,276.921,2605.883,
2026-03-11 05:15:00,36.602,0.955,235.064,1088.069,
2026-03-11 05:20:00,41.751,0.984,262.724,495.852,
2026-03-11 05:25:00,36.292,0.987,187.798,352.719,
2026-03-11 05:30:00,49.263,0.983,447.853,2187.138,
2026-03-11 05:35:00,46.313,0.937,316.688,2500.499,
2026-03-11 05:40:00,33.882,0.994,217.885,478.425,
2026-03-11 05:45:00,39.897,0.962,204.437,1957.713,
2026-03-11 05:50:00,40.257,0.941,190.052,2623.123,
2026-03-11 05:55:00,41.176,0.935,320.642,3206.926,
2026-03-11 06:00:00,44.335,0.939,300.316,1261.149,
2026-03-11 06:05:00,43.765,0.975,306.619,2390.663,
2026-03-11 06:10:00,33.849,0.73,143.214,718.088,
2026-03-11 06:15:00,28.36,0.887,129.31,1077.031,
2026-03-11 06:25:00,28.331,0.926,301.332,436.491,
2026-03-11 06:35:00,29.822,0.773,272.819,636.936,
2026-03-11 06:40:00,26.924,0.781,76.595,453.127,
2026-03-11 23:00:00,22.204,0.943,81.713,392.763,
2026-03-11 23:05:00,34.55,0.934,219.128,228.417,
2026-03-11 23:10:00,35.831,0.997,242.733,99.226,
2026-03-11 23:15:00,37.008,0.976,206.564,291.443,
2026-03-11 23:20:00,30.178,1.005,141.631,109.524,
2026-03-11 23:25:00,30.302,1.006,148.825,95.085,
2026-03-11 23:30:00,38.326,0.993,1078.134,4771.899,
2026-03-11 23:35:00,32.678,1.004,235.696,115.537,
2026-03-11 23:40:00,32.825,1.0,149.084,107.577,
2026-03-11 23:45:00,31.544,1.002,153.976,177.57,
2026-03-11 23:50:00,35.731,0.957,129.416,749.741,
2026-03-11 23:55:00,31.617,1.005,153.151,221.882,
2026-03-12 00:00:00,32.515,1.0,161.609,521.424,
2026-03-12 00:05:00,34.267,1.004,167.262,638.428,
2026-03-12 00:10:00,31.663,0.98,126.929,546.286,
2026-03-12 00:15:00,35.946,0.987,162.123,598.621,
2026-03-12 00:20:00,28.882,1.003,135.177,1344.061,
2026-03-12 00:25:00,35.048,0.983,202.803,692.073,
2026-03-12 00:30:00,38.044,1.003,264.02,718.741,
2026-03-12 00:35:00,41.851,1.005,334.737,289.641,
2026-03-12 00:40:00,43.466,1.004,295.253,308.956,
2026-03-12 00:45:00,49.843,1.004,471.639,411.914,
2026-03-12 00:50:00,50.666,1.004,455.859,112.63,
2026-03-12 00:55:00,52.001,0.994,395.556,236.616,
2026-03-12 01:00:00,33.768,0.935,172.546,1579.268,
2026-03-12 01:05:00,32.387,0.979,204.779,1094.919,
2026-03-12 01:10:00,33.695,0.998,174.064,177.098,
2026-03-12 01:15:00,31.882,0.95,129.614,491.728,
2026-03-12 01:20:00,29.758,0.986,140.551,347.011,
2026-03-12 01:25:00,29.149,0.975,109.686,379.245,
2026-03-12 01:30:00,25.26,0.991,96.777,230.845,
2026-03-12 01:35:00,27.527,0.972,118.928,727.245,
2026-03-12 01:40:00,24.249,0.994,75.478,733.544,
2026-03-12 01:45:00,38.131,0.975,204.854,1287.548,
2026-03-12 01:50:00,31.163,0.995,135.94,531.644,
2026-03-12 01:55:00,20.956,1.003,76.49,238.669,
2026-03-12 02:00:00,25.117,0.998,96.512,99.693,
2026-03-12 02:05:00,27.547,0.93,124.947,946.74,
2026-03-12 02:10:00,18.438,1.001,31.429,208.874,
2026-03-12 02:15:00,25.916,0.928,67.784,883.021,
2026-03-12 02:20:00,35.733,0.997,146.785,816.793,
2026-03-12 02:25:00,38.215,0.945,211.455,1192.397,
2026-03-12 02:30:00,23.927,0.951,73.009,579.964,
2026-03-12 02:35:00,29.075,0.997,112.583,1373.203,
2026-03-12 02:40:00,31.219,0.898,133.771,615.013,
2026-03-12 02:45:00,31.958,0.98,134.46,1922.529,
2026-03-12 02:50:00,30.22,0.989,120.415,309.245,
2026-03-12 02:55:00,42.439,0.957,293.633,869.734,
2026-03-12 03:00:00,41.225,0.987,201.237,911.314,
2026-03-12 03:05:00,39.077,0.979,205.329,393.627,
2026-03-12 03:10:00,40.186,0.982,170.058,727.066,
2026-03-12 03:15:00,36.045,0.998,178.914,280.39,
2026-03-12 03:20:00,41.655,1.005,276.506,292.194,
2026-03-12 03:25:00,37.432,0.987,218.441,905.578,
2026-03-12 03:30:00,32.061,1.005,144.021,295.044,
2026-03-12 03:35:00,32.54,1.005,152.835,280.64,
2026-03-12 03:40:00,33.298,1.004,153.223,138.241,
2026-03-12 03:45:00,34.824,1.002,182.928,253.384,
2026-03-12 03:50:00,33.213,1.008,161.275,316.998,
2026-03-12 03:55:00,33.927,1.003,154.8,224.38,
2026-03-12 04:00:00,30.936,0.943,93.104,900.362,
2026-03-12 04:05:00,37.006,0.952,236.203,863.118,
2026-03-12 04:10:00,31.009,0.968,149.377,1136.653,
2026-03-12 04:15:00,29.925,0.917,128.365,643.022,
2026-03-12 04:20:00,29.766,0.969,125.71,1332.836,
2026-03-12 04:25:00,44.914,0.957,162.654,3162.211,
2026-03-12 04:30:00,40.806,0.991,210.817,1336.156,
2026-03-12 04:35:00,37.236,0.984,222.665,1209.843,
2026-03-12 04:40:00,32.783,0.925,182.521,2197.665,
2026-03-12 04:45:00,31.405,0.981,127.853,563.45,
2026-03-12 04:50:00,35.517,1.008,178.664,918.432,
2026-03-12 04:55:00,31.797,0.935,192.603,828.004,
2026-03-12 05:00:00,22.762,0.974,73.847,815.886,
2026-03-12 05:05:00,20.448,1.005,72.021,201.908,
2026-03-12 05:10:00,26.6,0.92,113.253,1546.236,
2026-03-12 05:15:00,20.625,0.987,74.048,1773.652,
2026-03-12 05:30:00,24.66,0.707,110.061,804.103,
2026-03-12 05:35:00,32.733,0.978,197.094,454.978,
2026-03-12 05:40:00,31.717,0.918,127.189,1268.575,
2026-03-12 05:45:00,29.489,0.936,199.859,613.843,
2026-03-12 05:50:00,29.216,1.006,155.078,1481.427,
2026-03-12 05:55:00,31.775,0.834,268.894,1573.82,
2026-03-12 22:35:00,42.166,0.895,192.996,1110.943,
2026-03-12 22:40:00,43.492,0.931,234.7,152.859,
2026-03-12 22:45:00,24.368,0.959,119.937,222.266,
2026-03-12 22:50:00,24.836,0.863,57.77,161.71,
2026-03-12 22:55:00,21.433,1.002,75.333,173.504,
2026-03-12 23:00:00,22.351,1.004,97.194,343.204,
2026-03-12 23:05:00,22.177,1.004,77.375,220.941,
2026-03-12 23:10:00,21.532,0.999,75.468,147.263,
2026-03-12 23:15:00,22.388,0.986,79.201,122.99,
2026-03-12 23:20:00,21.538,1.005,72.061,236.085,
2026-03-12 23:25:00,20.926,1.003,88.551,262.048,
2026-03-12 23:30:00,21.749,0.997,95.432,181.742,
2026-03-12 23:35:00,20.093,0.902,88.726,1045.527,
2026-03-12 23:40:00,19.919,1.007,57.331,609.893,
2026-03-12 23:45:00,23.318,0.992,77.293,1045.218,
2026-03-12 23:50:00,25.081,0.966,104.358,670.595,
2026-03-12 23:55:00,23.76,0.969,91.824,568.807,
2026-03-13 00:00:00,21.595,0.975,65.826,272.075,
2026-03-13 00:05:00,20.759,1.003,51.432,277.33,
2026-03-13 00:10:00,18.354,0.99,58.643,114.893,
2026-03-13 00:15:00,20.267,1.004,62.517,231.782,
2026-03-13 00:20:00,19.612,1.002,60.655,97.711,
2026-03-13 00:25:00,24.706,0.965,68.175,1804.756,
2026-03-13 00:30:00,33.505,1.004,164.259,306.007,
2026-03-13 00:35:00,29.092,1.001,146.2,218.081,
2026-03-13 00:40:00,31.407,1.007,154.142,107.826,
2026-03-13 00:45:00,31.135,1.003,143.325,114.926,
2026-03-13 00:50:00,35.924,0.978,175.026,640.172,
2026-03-13 00:55:00,30.998,0.958,109.566,647.005,
2026-03-13 01:00:00,32.32,0.994,173.545,100.336,
2026-03-13 01:05:00,33.238,1.007,143.295,156.151,
2026-03-13 01:10:00,34.757,0.956,173.463,424.67,
2026-03-13 01:15:00,20.32,0.968,59.008,764.091,
2026-03-13 01:20:00,21.208,0.962,63.368,793.041,
2026-03-13 01:25:00,19.47,1.004,63.271,109.492,
2026-03-13 01:30:00,22.74,0.949,53.976,902.539,
2026-03-13 01:35:00,25.41,0.967,105.558,1281.332,
2026-03-13 01:40:00,20.411,0.989,76.234,1222.542,
2026-03-13 01:45:00,19.456,1.003,41.416,1023.257,
2026-03-13 01:50:00,26.481,0.926,88.165,673.626,
2026-03-13 01:55:00,17.094,1.002,21.628,475.476,
2026-03-13 02:00:00,19.582,0.987,60.351,384.144,
2026-03-13 02:05:00,25.319,0.934,98.034,407.677,
2026-03-13 02:10:00,27.597,0.985,63.59,428.962,
2026-03-13 02:15:00,29.422,0.975,87.058,1184.276,
2026-03-13 02:20:00,33.229,0.988,153.168,958.453,
2026-03-13 02:25:00,25.779,0.998,80.454,402.763,
2026-03-13 02:30:00,31.991,0.918,124.373,1929.038,
2026-03-13 02:35:00,32.411,0.959,144.073,616.657,
2026-03-13 02:40:00,32.054,1.005,141.058,472.719,
2026-03-13 02:45:00,29.643,0.999,133.243,259.714,
2026-03-13 02:50:00,36.017,1.004,242.916,229.259,
2026-03-13 02:55:00,35.46,0.981,203.218,273.005,
2026-03-13 03:00:00,33.023,0.97,194.962,290.261,
2026-03-13 03:05:00,31.734,0.999,180.1,145.756,
2026-03-13 03:10:00,33.08,0.969,145.14,255.994,
2026-03-13 03:15:00,31.575,0.967,156.483,195.216,
2026-03-13 03:20:00,32.069,0.933,161.058,239.171,
2026-03-13 03:25:00,27.052,0.914,78.771,2368.44,
2026-03-13 03:30:00,20.923,1.005,85.458,198.362,
2026-03-13 03:35:00,19.614,1.005,63.546,111.013,
2026-03-13 03:40:00,20.571,1.004,70.918,97.429,
2026-03-13 03:45:00,22.023,0.997,77.877,875.542,
2026-03-13 03:50:00,25.367,0.958,129.981,2195.228,
2026-03-13 03:55:00,19.834,0.994,50.179,512.421,
2026-03-13 04:00:00,15.319,1.001,26.667,302.428,
2026-03-13 04:05:00,17.962,0.945,68.983,699.57,
2026-03-13 04:10:00,19.23,1.004,75.129,396.842,
2026-03-13 04:15:00,20.05,0.955,56.509,319.105,
2026-03-13 04:20:00,23.949,1.003,73.281,355.784,
2026-03-13 04:25:00,17.472,0.967,34.116,323.0,
2026-03-13 04:30:00,21.589,0.904,93.255,1229.031,
2026-03-13 04:35:00,21.129,1.003,82.037,171.472,
2026-03-13 04:40:00,22.848,1.003,106.701,273.778,
2026-03-13 04:45:00,21.903,0.988,81.249,191.175,
2026-03-13 04:50:00,33.326,0.954,165.424,322.65,
2026-03-13 04:55:00,33.651,1.005,193.455,186.18,
2026-03-13 05:00:00,31.222,0.977,149.266,277.263,
2026-03-13 05:05:00,32.623,0.967,180.381,269.495,
2026-03-13 05:10:00,42.039,0.991,244.53,522.217,
2026-03-13 05:15:00,45.229,1.003,335.605,507.406,
2026-03-13 05:20:00,38.901,0.95,242.128,455.813,
2026-03-13 05:25:00,37.543,0.966,205.578,1855.077,
2026-03-13 05:30:00,33.327,0.94,102.606,1081.275,
2026-03-13 05:35:00,45.028,0.873,275.698,2416.311,
2026-03-13 05:40:00,39.282,0.95,224.431,1091.734,
2026-03-13 05:45:00,37.341,0.971,262.438,2311.283,
2026-03-13 05:50:00,39.225,0.975,209.883,1094.496,
2026-03-13 05:55:00,37.618,0.973,222.987,540.399,
2026-03-13 06:00:00,50.575,0.89,428.7,2130.279,
2026-03-13 06:05:00,58.368,0.806,578.629,821.021,
2026-03-13 06:10:00,55.382,0.979,527.044,2146.174,
2026-03-13 06:15:00,34.913,0.825,204.652,636.469,
2026-03-13 22:35:00,37.621,0.928,219.336,221.103,
2026-03-13 22:40:00,38.901,1.003,313.443,179.005,
2026-03-13 22:45:00,33.107,0.88,172.032,934.474,
2026-03-13 22:50:00,27.222,0.869,126.217,150.488,
2026-03-13 22:55:00,22.016,0.98,90.391,149.576,
2026-03-13 23:00:00,24.384,1.006,92.837,127.863,
2026-03-13 23:05:00,21.606,0.979,92.634,385.844,
2026-03-13 23:10:00,22.392,1.006,92.856,111.134,
2026-03-13 23:15:00,21.375,0.987,100.982,462.0,
2026-03-13 23:20:00,19.059,0.95,64.286,340.15,
2026-03-13 23:25:00,19.159,1.003,54.319,133.881,
2026-03-13 23:30:00,18.426,0.992,50.274,132.761,
2026-03-13 23:35:00,18.893,1.003,62.182,391.542,
2026-03-13 23:40:00,18.525,1.002,46.047,172.506,
2026-03-13 23:45:00,26.522,0.954,97.902,1447.44,
2026-03-13 23:50:00,24.51,1.005,132.966,280.905,
2026-03-13 23:55:00,24.799,0.957,75.276,695.579,
2026-03-14 00:00:00,26.769,0.939,89.593,641.676,
2026-03-14 00:05:00,24.161,0.968,88.573,139.043,
2026-03-14 00:10:00,28.591,0.959,120.412,894.771,
2026-03-14 00:15:00,33.319,0.998,181.287,209.807,
2026-03-14 00:20:00,32.72,1.004,177.485,192.924,
2026-03-14 00:25:00,35.085,0.963,185.727,184.837,
2026-03-14 00:30:00,31.406,0.959,128.259,488.24,
2026-03-14 00:35:00,30.815,1.003,140.36,272.947,
2026-03-14 00:40:00,26.227,1.003,100.086,374.078,
2026-03-14 00:45:00,36.096,0.955,194.258,952.934,
2026-03-14 00:50:00,34.17,1.001,217.928,345.408,
2026-03-14 00:55:00,39.863,1.005,247.172,181.099,
2026-03-14 01:00:00,32.183,0.975,102.206,639.942,
2026-03-14 01:05:00,32.213,1.003,155.113,157.54,
2026-03-14 01:10:00,27.517,1.007,116.873,474.689,
2026-03-14 01:15:00,29.872,0.98,436.713,4317.045,
2026-03-14 01:20:00,28.198,0.962,136.091,282.21,
2026-03-14 01:25:00,25.276,0.981,126.917,538.771,
2026-03-14 01:30:00,21.86,0.973,68.875,607.684,
2026-03-14 01:35:00,16.335,1.005,35.856,159.464,
2026-03-14 01:40:00,19.812,0.978,59.719,948.122,
2026-03-14 01:45:00,15.702,0.997,30.845,182.787,
2026-03-14 01:50:00,20.617,0.991,53.12,221.234,
2026-03-14 01:55:00,22.688,0.944,59.965,831.352,
2026-03-14 02:00:00,23.99,0.974,93.876,194.322,
2026-03-14 02:05:00,22.558,0.988,75.66,911.83,
2026-03-14 02:10:00,19.406,0.959,71.99,660.339,
2026-03-14 02:15:00,24.426,0.973,109.387,494.448,
2026-03-14 02:20:00,24.491,0.984,88.306,313.639,
2026-03-14 02:25:00,18.973,0.988,71.093,1770.459,
2026-03-14 02:30:00,21.905,1.001,85.138,303.24,
2026-03-14 02:35:00,27.413,1.002,105.85,390.538,
2026-03-14 02:40:00,25.156,0.996,82.988,293.34,
2026-03-14 02:45:00,25.968,0.998,106.63,164.353,
2026-03-14 02:50:00,25.057,1.005,98.552,151.856,
2026-03-14 02:55:00,27.641,1.003,136.898,137.733,
2026-03-14 03:00:00,27.639,1.004,128.248,139.903,
2026-03-14 03:05:00,30.692,0.895,107.796,1385.228,
2026-03-14 03:10:00,34.1,0.983,166.303,909.157,
2026-03-14 03:15:00,44.175,0.995,234.798,274.864,
2026-03-14 03:20:00,36.031,0.973,164.79,733.303,
2026-03-14 03:25:00,39.896,0.992,285.543,676.04,
2026-03-14 03:30:00,37.921,0.95,260.385,1205.499,
2026-03-14 03:35:00,34.351,0.952,148.644,1270.021,
2026-03-14 03:40:00,36.326,0.953,188.643,786.825,
2026-03-14 03:45:00,33.417,0.962,87.728,1652.525,
2026-03-14 03:50:00,31.382,0.944,167.765,1265.522,
2026-03-14 03:55:00,37.053,0.978,226.795,1309.419,
2026-03-14 04:00:00,34.567,0.97,125.94,1619.509,
2026-03-14 04:05:00,30.363,0.986,180.162,1782.683,
2026-03-14 04:10:00,31.549,0.824,92.439,967.222,
2026-03-14 04:15:00,31.176,1.003,240.677,531.812,
2026-03-14 04:20:00,34.178,0.992,218.889,1337.265,
2026-03-14 04:25:00,34.692,0.942,177.118,1053.284,
2026-03-14 04:30:00,29.602,0.99,140.308,1122.25,
2026-03-14 04:35:00,28.525,1.005,91.494,1148.575,
2026-03-14 04:40:00,30.679,0.942,170.13,2151.86,
2026-03-14 04:45:00,26.934,0.975,135.613,2169.931,
2026-03-14 04:50:00,25.777,1.006,124.201,909.529,
2026-03-14 04:55:00,24.192,0.959,84.808,560.806,
2026-03-14 05:00:00,23.957,1.002,86.837,514.638,
2026-03-14 05:05:00,21.926,0.983,75.114,557.901,
2026-03-14 05:10:00,33.319,0.723,158.115,496.297,
2026-03-14 05:15:00,50.572,0.811,593.275,1243.725,
2026-03-14 05:20:00,50.043,0.988,566.704,554.127,
2026-03-14 05:25:00,39.798,0.963,293.336,684.374,
2026-03-14 05:30:00,61.837,0.774,639.741,2066.793,
2026-03-14 23:10:00,28.219,1.007,161.083,298.718,
2026-03-14 23:15:00,35.769,0.936,184.776,142.696,
2026-03-14 23:20:00,33.284,1.006,171.878,175.246,
2026-03-14 23:25:00,31.749,1.004,154.367,303.916,
2026-03-15 00:00:00,31.937,0.999,116.921,204.472,
2026-03-15 00:05:00,30.343,1.004,130.625,230.004,
2026-03-15 00:10:00,29.207,0.987,134.428,377.981,
2026-03-15 00:15:00,30.026,0.953,119.263,843.229,
2026-03-15 00:20:00,29.486,1.003,140.459,664.066,
2026-03-15 00:25:00,25.682,0.983,80.037,632.272,
2026-03-15 00:30:00,28.088,0.979,89.178,861.906,
2026-03-15 00:35:00,30.223,0.947,100.256,1011.785,
2026-03-15 00:40:00,36.854,0.995,225.486,557.397,
2026-03-15 00:45:00,29.757,0.986,137.614,550.071,
2026-03-15 00:50:00,27.207,1.003,120.771,246.771,
2026-03-15 00:55:00,28.363,1.003,127.569,259.957,
2026-03-15 01:00:00,33.789,0.96,145.453,201.565,
2026-03-15 01:05:00,35.126,0.99,181.521,254.338,
2026-03-15 01:10:00,26.648,1.006,103.354,173.975,
2026-03-15 01:15:00,26.844,1.002,111.505,121.007,
2026-03-15 01:20:00,27.493,1.003,99.288,333.005,
2026-03-15 01:25:00,28.924,1.006,101.758,101.685,
2026-03-15 01:30:00,28.08,1.005,101.542,219.141,
2026-03-15 01:35:00,34.88,0.996,146.727,191.773,
2026-03-15 01:40:00,30.987,1.003,138.755,283.089,
2026-03-15 01:45:00,33.332,1.005,146.364,264.73,
2026-03-15 01:50:00,33.271,1.005,166.884,266.223,
2026-03-15 01:55:00,34.903,0.883,117.766,1075.967,
2026-03-15 02:00:00,33.894,0.976,209.787,428.345,
2026-03-15 02:05:00,33.393,0.967,728.46,3304.204,
2026-03-15 02:10:00,35.335,1.005,175.757,402.036,
2026-03-15 02:15:00,37.88,0.993,229.132,434.677,
2026-03-15 02:20:00,21.863,0.988,74.291,324.946,
2026-03-15 02:25:00,25.71,0.945,86.76,544.873,
2026-03-15 02:30:00,25.729,0.875,106.638,778.794,
2026-03-15 02:35:00,39.847,0.941,204.397,248.782,
2026-03-15 02:40:00,22.042,0.986,225.615,1845.003,
2026-03-15 02:45:00,26.735,0.955,60.448,556.339,
2026-03-15 02:50:00,35.674,0.985,236.364,659.7,
2026-03-15 02:55:00,37.841,0.895,235.939,510.392,
2026-03-15 03:00:00,45.913,0.905,303.624,574.26,
2026-03-15 03:05:00,50.179,0.995,249.66,355.92,
2026-03-15 03:10:00,34.603,1.005,114.101,287.097,
2026-03-15 03:15:00,36.131,0.939,147.905,316.084,
2026-03-15 03:20:00,41.62,0.932,325.425,1799.628,
2026-03-15 03:25:00,31.172,1.004,83.109,249.6,
2026-03-15 03:30:00,32.477,1.004,136.468,1095.707,
2026-03-15 03:35:00,33.145,0.99,126.05,693.952,
2026-03-15 03:40:00,42.125,1.004,167.63,1247.733,
2026-03-15 03:45:00,39.037,0.985,149.87,489.872,
2026-03-15 03:50:00,39.914,0.99,230.339,808.419,
2026-03-15 03:55:00,38.062,0.919,451.825,1205.411,
2026-03-15 04:00:00,41.063,0.991,274.957,738.143,
2026-03-15 04:05:00,28.816,0.958,83.125,348.624,
2026-03-15 04:10:00,29.322,0.99,131.864,411.366,
2026-03-15 04:15:00,27.312,0.988,120.922,241.104,
2026-03-15 04:20:00,25.999,0.969,116.146,110.822,
2026-03-15 04:25:00,34.741,0.887,150.045,1489.488,
2026-03-15 04:30:00,48.98,0.987,302.154,1409.7,
2026-03-15 04:40:00,40.871,0.851,171.505,1145.959,
2026-03-15 04:45:00,36.26,0.984,217.59,954.406,
2026-03-15 04:50:00,32.175,0.964,157.99,1101.948,
2026-03-15 04:55:00,29.681,0.926,136.819,652.966,
2026-03-15 05:00:00,41.387,0.933,286.49,2781.738,
2026-03-15 05:05:00,37.334,0.986,232.211,593.873,
2026-03-15 05:10:00,32.872,0.972,172.18,1773.305,
2026-03-15 05:15:00,38.879,1.005,140.861,1507.342,
2026-03-15 05:20:00,44.79,0.954,389.221,2662.349,
2026-03-15 05:30:00,30.827,0.964,99.963,738.216,
2026-03-15 05:35:00,28.329,0.974,98.628,2256.463,
2026-03-15 05:40:00,29.116,0.923,130.254,1096.014,
2026-03-15 05:50:00,24.601,0.744,100.431,554.837,
2026-03-15 22:50:00,47.889,0.923,306.444,80.922,
2026-03-15 22:55:00,49.427,1.004,411.689,352.57,
2026-03-15 23:00:00,50.061,1.002,463.872,86.77,
2026-03-15 23:05:00,51.45,1.005,377.764,110.814,
2026-03-15 23:10:00,45.299,1.002,353.8,268.296,
2026-03-15 23:15:00,44.058,1.002,398.647,129.083,
2026-03-15 23:20:00,43.861,1.007,325.275,114.001,
2026-03-15 23:25:00,49.438,1.0,361.774,111.61,
2026-03-15 23:30:00,42.653,1.002,263.158,182.187,
2026-03-15 23:35:00,40.76,0.957,249.158,526.53,
2026-03-15 23:40:00,31.614,0.977,149.623,443.909,
2026-03-15 23:45:00,25.751,0.964,64.794,445.188,
2026-03-15 23:50:00,32.655,0.952,135.103,638.163,
2026-03-15 23:55:00,43.513,0.963,290.76,662.858,
2026-03-16 00:00:00,34.781,1.003,174.828,357.764,
2026-03-16 00:05:00,40.865,1.002,259.157,149.5,
2026-03-16 00:10:00,41.274,1.001,230.738,144.502,
2026-03-16 00:15:00,42.632,1.004,295.242,164.258,
2026-03-16 00:20:00,47.917,1.005,360.401,91.607,
2026-03-16 00:25:00,44.202,1.005,314.445,251.368,
2026-03-16 00:30:00,39.323,0.865,196.669,858.746,
2026-03-16 00:35:00,26.601,1.003,101.152,234.121,
2026-03-16 00:40:00,24.392,1.001,95.527,101.314,
2026-03-16 00:45:00,30.084,1.004,172.947,131.322,
2026-03-16 00:50:00,35.096,0.938,185.661,173.254,
2026-03-16 00:55:00,31.73,0.881,237.754,2948.107,
2026-03-16 01:00:00,25.316,0.997,86.718,155.32,
2026-03-16 01:05:00,26.253,0.954,90.945,373.626,
2026-03-16 01:10:00,31.619,0.957,139.623,1369.316,
2026-03-16 01:15:00,28.142,0.851,113.947,1724.283,
2026-03-16 01:20:00,22.59,0.99,72.885,599.593,
2026-03-16 01:25:00,15.072,1.004,22.335,151.352,
2026-03-16 01:30:00,16.073,0.976,59.022,942.667,
2026-03-16 01:35:00,17.204,0.989,42.364,318.773,
2026-03-16 01:40:00,16.806,0.997,34.051,330.921,
2026-03-16 01:45:00,26.152,0.973,1230.247,3875.966,
2026-03-16 01:50:00,33.821,0.914,142.643,471.326,
2026-03-16 01:55:00,35.059,1.004,150.831,1347.314,
2026-03-16 02:00:00,35.967,0.975,163.862,587.113,
2026-03-16 02:05:00,39.168,1.004,214.258,256.395,
2026-03-16 02:10:00,41.606,1.003,270.927,264.262,
2026-03-16 02:15:00,36.415,0.996,171.775,217.283,
2026-03-16 02:20:00,35.66,1.005,222.165,209.114,
2026-03-16 02:25:00,38.541,0.999,267.562,317.345,
2026-03-16 02:30:00,53.492,0.943,442.478,3603.85,
2026-03-16 02:35:00,44.446,0.945,303.67,643.122,
2026-03-16 02:40:00,46.535,1.006,257.064,472.14,
2026-03-16 02:45:00,45.45,0.996,235.531,250.61,
2026-03-16 02:50:00,45.908,1.005,284.662,421.654,
2026-03-16 02:55:00,50.594,0.957,316.689,1542.08,
2026-03-16 03:00:00,48.901,1.004,268.441,317.4,
2026-03-16 03:05:00,47.832,0.717,316.167,1565.336,
2026-03-16 03:20:00,62.576,0.979,449.295,1732.745,
2026-03-16 03:25:00,25.516,0.912,89.393,762.95,
2026-03-16 03:30:00,29.504,0.945,129.722,711.047,
2026-03-16 03:35:00,39.402,1.004,161.022,168.936,
2026-03-16 03:40:00,31.149,0.964,141.407,801.362,
2026-03-16 03:45:00,28.95,0.968,88.446,1914.657,
2026-03-16 03:50:00,37.261,0.998,140.734,1382.598,
2026-03-16 03:55:00,30.202,0.935,183.879,2989.696,
2026-03-16 04:00:00,30.301,1.004,133.573,1192.664,
2026-03-16 04:05:00,31.259,0.954,158.992,321.108,
2026-03-16 04:10:00,53.638,0.99,443.42,2444.752,
2026-03-16 04:15:00,54.764,0.998,370.871,618.852,
2026-03-16 04:20:00,56.042,1.007,440.687,988.137,
2026-03-16 04:25:00,54.57,1.004,381.131,233.074,
2026-03-16 04:30:00,52.892,0.901,295.607,2278.036,
2026-03-16 04:50:00,47.252,0.936,316.536,1827.417,
2026-03-16 04:55:00,53.066,0.941,403.14,1439.365,
2026-03-16 05:00:00,52.438,0.896,407.233,738.705,
2026-03-16 05:05:00,39.576,0.955,212.368,1008.578,
2026-03-16 05:10:00,45.875,0.972,278.749,1594.317,
2026-03-16 05:15:00,53.305,0.944,399.452,1127.653,
2026-03-16 05:20:00,38.346,0.926,121.58,1443.933,
2026-03-16 05:25:00,33.993,0.949,136.482,350.466,
2026-03-16 05:30:00,27.4,0.938,87.686,2332.681,
2026-03-16 05:35:00,39.786,0.857,202.075,3114.028,
2026-03-16 05:40:00,32.522,0.876,124.687,713.598,
2026-03-16 05:45:00,64.576,0.906,304.572,683.313,
2026-03-16 05:50:00,54.968,0.969,454.353,466.276,
2026-03-16 05:55:00,40.334,0.87,323.313,1779.628,
2026-03-16 06:05:00,47.698,0.776,565.29,866.129,
2026-03-16 06:15:00,32.27,0.807,180.353,1596.089,
2026-03-16 22:30:00,28.869,0.934,91.139,1538.13,
2026-03-16 22:35:00,34.986,1.002,255.632,534.516,
2026-03-16 22:40:00,33.705,0.964,238.085,115.928,
2026-03-16 22:45:00,25.509,1.003,130.438,228.296,
2026-03-16 22:50:00,28.639,1.005,142.195,120.122,
2026-03-16 22:55:00,25.233,0.997,118.616,216.159,
2026-03-16 23:00:00,20.845,1.006,58.055,119.89,
2026-03-16 23:05:00,21.308,1.003,73.906,103.064,
2026-03-16 23:10:00,21.197,1.003,65.94,129.664,
2026-03-16 23:15:00,18.867,1.006,58.688,387.558,
2026-03-16 23:20:00,21.144,1.004,68.068,188.119,
2026-03-16 23:25:00,19.764,0.995,69.867,344.489,
2026-03-16 23:30:00,19.895,0.958,53.179,502.32,
2026-03-16 23:35:00,24.514,0.942,68.087,672.213,
2026-03-16 23:40:00,29.111,1.0,133.385,589.132,
2026-03-16 23:45:00,29.183,0.962,120.811,473.989,
2026-03-16 23:50:00,23.462,0.981,53.604,347.415,
2026-03-16 23:55:00,26.885,0.985,99.596,611.215,
2026-03-17 00:00:00,30.048,0.972,136.662,787.28,
2026-03-17 00:05:00,28.592,0.963,105.75,530.45,
2026-03-17 00:10:00,24.046,0.997,96.101,128.814,
2026-03-17 00:15:00,27.776,1.003,107.625,298.942,
2026-03-17 00:20:00,27.792,1.005,111.75,175.835,
2026-03-17 00:25:00,26.685,0.954,111.345,743.648,
2026-03-17 00:30:00,29.425,0.97,110.524,264.743,
2026-03-17 00:35:00,30.068,0.97,143.69,260.235,
2026-03-17 00:40:00,26.848,0.953,122.473,164.836,
2026-03-17 00:45:00,33.078,0.903,127.753,692.139,
2026-03-17 00:50:00,24.5,1.003,89.182,277.228,
2026-03-17 00:55:00,25.105,0.97,98.343,676.356,
2026-03-17 01:00:00,33.381,0.973,146.02,277.393,
2026-03-17 01:05:00,39.541,0.95,409.394,3983.389,
2026-03-17 01:10:00,29.444,0.998,122.203,194.755,
2026-03-17 01:15:00,39.207,0.957,223.237,1137.074,
2026-03-17 01:20:00,32.778,0.993,159.919,140.102,
2026-03-17 01:25:00,32.279,0.898,145.168,848.069,
2026-03-17 01:30:00,35.221,0.933,175.408,2138.572,
2026-03-17 01:35:00,28.094,0.865,70.165,976.57,
2026-03-17 01:40:00,25.778,1.002,59.239,311.38,
2026-03-17 01:45:00,33.677,0.99,142.106,1613.53,
2026-03-17 01:50:00,28.701,0.987,109.945,306.777,
2026-03-17 01:55:00,41.051,0.876,184.746,939.727,
2026-03-17 02:00:00,31.596,0.95,103.33,816.321,
2026-03-17 02:15:00,38.791,0.785,147.937,383.434,
2026-03-17 02:20:00,30.749,0.978,129.242,555.512,
2026-03-17 02:25:00,27.796,0.948,92.329,428.446,
2026-03-17 02:30:00,26.078,1.004,86.898,353.063,
2026-03-17 02:35:00,25.605,0.952,91.308,215.726,
2026-03-17 02:40:00,22.849,1.004,86.377,117.135,
2026-03-17 02:45:00,22.836,1.002,80.917,107.251,
2026-03-17 02:50:00,20.857,1.002,78.359,105.951,
2026-03-17 02:55:00,27.329,1.006,160.691,113.336,
2026-03-17 03:00:00,39.76,1.002,164.924,142.364,
2026-03-17 03:05:00,37.4,0.894,233.016,1299.036,
2026-03-17 03:10:00,33.321,0.97,130.976,1779.113,
2026-03-17 03:15:00,42.789,0.978,233.481,728.998,
2026-03-17 03:20:00,45.277,0.971,278.267,810.803,
2026-03-17 03:25:00,48.62,0.907,291.639,3410.965,
2026-03-17 03:30:00,30.071,0.928,77.747,573.737,
2026-03-17 03:35:00,24.839,0.977,83.854,834.282,
2026-03-17 03:40:00,25.538,0.938,74.295,298.826,
2026-03-17 03:45:00,26.101,0.969,80.423,372.287,
2026-03-17 03:50:00,24.613,0.96,101.297,548.054,
2026-03-17 03:55:00,27.623,0.978,80.233,997.25,
2026-03-17 04:00:00,23.095,0.985,67.704,1914.694,
2026-03-17 04:05:00,21.712,0.959,122.258,1227.711,
2026-03-17 04:20:00,36.794,0.938,189.953,712.394,
2026-03-17 04:25:00,23.704,0.957,89.833,296.847,
2026-03-17 04:30:00,22.32,0.94,58.669,755.37,
2026-03-17 04:35:00,21.161,0.957,52.701,205.535,
2026-03-17 04:40:00,24.269,0.939,126.404,332.302,
2026-03-17 04:45:00,49.186,0.958,382.983,682.35,
2026-03-17 04:50:00,45.017,1.004,290.431,366.163,
2026-03-17 04:55:00,45.727,0.982,266.927,502.054,
2026-03-17 05:00:00,36.509,0.92,169.428,1445.242,
2026-03-17 05:05:00,50.087,0.971,298.445,910.28,
2026-03-17 05:10:00,39.08,0.948,219.982,1518.226,
2026-03-17 05:15:00,42.985,0.963,265.221,1706.139,
2026-03-17 05:20:00,55.549,0.963,417.871,1552.143,
2026-03-17 05:25:00,50.215,0.813,417.01,2051.798,
2026-03-17 05:30:00,41.652,0.896,332.081,855.477,
2026-03-17 05:35:00,39.316,0.749,196.797,1058.908,
2026-03-17 05:40:00,48.329,0.902,354.909,1847.348,
2026-03-17 05:50:00,20.771,0.949,32.239,713.46,
2026-03-18 00:00:00,24.39,0.987,65.19,1484.581,
2026-03-18 00:05:00,22.864,1.002,72.698,345.257,
2026-03-18 00:10:00,22.749,0.961,110.971,392.474,
2026-03-18 00:15:00,18.268,0.914,36.635,583.755,
2026-03-18 00:20:00,21.933,1.003,76.988,554.781,
2026-03-18 00:25:00,22.914,1.004,84.961,237.276,
2026-03-18 00:30:00,20.856,0.996,59.027,222.764,
2026-03-18 00:35:00,18.618,0.962,64.229,441.913,
2026-03-18 00:40:00,20.11,0.962,42.079,765.23,
2026-03-18 00:45:00,24.409,1.0,83.352,154.674,
2026-03-18 00:50:00,23.525,1.003,94.879,134.732,
2026-03-18 00:55:00,21.668,1.001,73.846,155.09,
2026-03-18 01:00:00,24.541,0.982,104.683,794.08,
2026-03-18 01:05:00,21.24,0.965,78.147,229.001,
2026-03-18 01:10:00,26.333,0.972,104.868,985.751,
2026-03-18 01:15:00,24.353,0.968,89.738,753.41,
2026-03-18 01:20:00,20.828,0.965,117.37,1391.373,
2026-03-18 01:25:00,20.378,0.974,75.147,826.274,
2026-03-18 01:30:00,23.819,0.834,83.43,847.793,
2026-03-18 01:35:00,24.817,0.98,103.131,692.289,
2026-03-18 01:40:00,24.212,0.96,104.781,710.729,
2026-03-18 01:45:00,25.909,0.916,115.798,766.896,
2026-03-18 01:55:00,16.707,0.803,15.59,457.404,
2026-03-18 02:00:00,24.711,1.0,83.516,212.04,
2026-03-18 02:05:00,30.458,0.972,129.88,2095.113,
2026-03-18 02:10:00,21.036,1.001,45.805,948.304,
2026-03-18 02:15:00,27.928,0.987,111.555,1197.875,
2026-03-18 02:20:00,28.275,0.99,94.153,307.797,
2026-03-18 02:25:00,23.481,0.927,165.139,1384.978,
2026-03-18 02:30:00,18.788,1.002,63.12,777.601,
2026-03-18 02:35:00,22.109,0.98,123.418,1944.541,
2026-03-18 02:40:00,22.362,0.968,79.39,586.021,
2026-03-18 02:45:00,20.597,1.004,74.213,674.951,
2026-03-18 02:50:00,22.082,0.989,104.394,263.693,
2026-03-18 02:55:00,20.585,0.98,64.337,194.044,
2026-03-18 03:00:00,18.296,0.995,58.551,81.984,
2026-03-18 03:05:00,20.685,0.981,66.435,97.042,
2026-03-18 03:10:00,20.744,0.995,78.822,168.644,
2026-03-18 03:15:00,18.497,0.946,55.906,103.631,
2026-03-18 03:20:00,29.244,0.941,119.596,286.935,
2026-03-18 03:25:00,26.478,1.0,111.97,245.314,
2026-03-18 03:30:00,24.623,1.0,95.802,237.313,
2026-03-18 03:35:00,27.55,0.88,188.238,2903.819,
2026-03-18 03:40:00,24.186,0.966,105.607,147.533,
2026-03-18 03:45:00,19.569,0.999,61.041,115.621,
2026-03-18 03:50:00,20.183,0.97,81.201,1348.065,
2026-03-18 03:55:00,19.513,1.005,78.12,1107.693,
2026-03-18 04:00:00,22.679,0.997,66.117,1373.359,
2026-03-18 04:05:00,23.283,0.889,114.725,1263.661,
2026-03-18 04:10:00,40.362,0.967,234.388,1344.873,
2026-03-18 04:15:00,27.66,0.994,140.035,239.635,
2026-03-18 04:20:00,24.64,0.94,93.601,570.804,
2026-03-18 04:25:00,23.696,0.938,75.109,590.32,
2026-03-18 04:30:00,38.419,0.921,122.809,2375.758,
2026-03-18 04:35:00,42.567,0.978,253.982,1407.884,
2026-03-18 04:40:00,33.617,0.981,172.54,1045.394,
2026-03-18 04:45:00,31.884,1.004,169.756,1174.501,
2026-03-18 04:50:00,28.466,0.953,121.013,735.218,
2026-03-18 04:55:00,21.644,0.951,64.983,345.345,
2026-03-18 05:00:00,34.365,1.0,247.796,320.345,
2026-03-18 05:05:00,33.787,0.996,187.151,886.517,
2026-03-18 05:10:00,35.793,1.004,221.987,408.045,
2026-03-18 05:15:00,33.987,1.004,215.495,419.528,
2026-03-18 05:20:00,28.56,0.964,145.155,2980.657,
2026-03-18 05:25:00,24.714,0.968,92.901,2562.85,
2026-03-18 05:30:00,26.213,0.967,112.368,1886.556,
2026-03-18 05:35:00,26.386,0.978,161.151,1954.696,
2026-03-18 05:40:00,27.756,0.988,111.47,1127.534,
2026-03-18 05:45:00,16.666,0.989,44.716,2009.325,
2026-03-18 05:50:00,25.072,0.949,150.605,3148.658,
2026-03-18 06:00:00,26.144,0.746,127.676,873.894,
2026-03-18 22:55:00,21.74,0.922,87.219,85.677,
2026-03-18 23:00:00,28.522,0.935,180.404,358.375,
2026-03-18 23:05:00,22.542,0.993,72.556,254.382,
2026-03-18 23:10:00,19.063,0.998,69.265,79.719,
2026-03-18 23:15:00,20.439,0.905,75.695,286.498,
2026-03-18 23:20:00,22.14,0.984,83.605,215.193,
2026-03-18 23:25:00,19.847,1.004,72.056,165.305,
2026-03-18 23:30:00,21.532,0.931,186.352,3996.828,
2026-03-18 23:35:00,23.983,0.977,86.129,385.445,
2026-03-18 23:40:00,28.67,1.004,118.008,121.408,
2026-03-18 23:45:00,27.626,1.003,117.949,122.463,
2026-03-18 23:50:00,25.149,1.005,113.204,165.916,
2026-03-18 23:55:00,22.154,0.926,82.892,817.511,
2026-03-19 00:00:00,22.234,0.977,70.34,424.585,
2026-03-19 00:05:00,20.984,0.968,41.121,318.997,
2026-03-19 00:10:00,26.677,0.933,88.735,2513.218,
2026-03-19 00:15:00,20.366,1.004,53.923,580.314,
2026-03-19 00:20:00,23.291,0.979,78.916,747.047,
2026-03-19 00:25:00,22.368,1.002,65.106,804.15,
2026-03-19 00:30:00,20.944,0.969,60.239,320.895,
2026-03-19 00:35:00,22.016,1.004,83.159,111.127,
2026-03-19 00:40:00,19.427,0.97,55.629,135.083,
2026-03-19 00:45:00,24.011,1.004,96.945,182.151,
2026-03-19 00:50:00,23.39,1.002,92.373,93.995,
2026-03-19 00:55:00,27.769,1.005,104.012,312.032,
2026-03-19 01:00:00,26.55,1.001,109.852,213.042,
2026-03-19 01:05:00,18.571,0.943,33.31,718.486,
2026-03-19 01:10:00,23.884,0.984,106.981,153.56,
2026-03-19 01:15:00,23.697,1.006,92.754,150.226,
2026-03-19 01:20:00,26.799,0.882,134.916,208.342,
2026-03-19 01:25:00,26.574,0.979,87.898,388.6,
2026-03-19 01:30:00,29.712,0.96,137.889,623.115,
2026-03-19 01:35:00,28.44,0.982,152.035,109.972,
2026-03-19 01:40:00,28.733,0.844,76.437,1012.617,
2026-03-19 01:45:00,31.489,0.961,132.042,935.126,
2026-03-19 01:50:00,23.389,0.979,68.512,485.571,
2026-03-19 01:55:00,24.206,0.926,1042.224,2576.058,
2026-03-19 02:00:00,24.131,0.958,87.331,1548.683,
2026-03-19 02:05:00,21.036,0.961,52.606,294.66,
2026-03-19 02:10:00,18.963,0.958,59.695,334.746,
2026-03-19 02:15:00,19.88,0.969,60.259,204.587,
2026-03-19 02:20:00,19.588,0.975,386.305,826.007,
2026-03-19 02:25:00,22.255,1.0,60.349,421.277,
2026-03-19 02:30:00,23.953,0.949,81.35,680.402,
2026-03-19 02:35:00,29.258,0.89,152.707,260.479,
2026-03-19 02:40:00,33.405,1.002,177.182,216.672,
2026-03-19 02:45:00,37.529,1.006,220.212,214.216,
2026-03-19 02:50:00,39.636,1.004,280.156,193.074,
2026-03-19 02:55:00,28.488,0.966,126.168,364.796,
2026-03-19 03:00:00,27.871,1.004,108.406,343.795,
2026-03-19 03:05:00,23.425,1.006,89.563,390.281,
2026-03-19 03:10:00,25.602,0.97,92.697,739.7,
2026-03-19 03:15:00,24.058,1.001,80.974,268.019,
2026-03-19 03:20:00,24.119,1.005,80.814,159.136,
2026-03-19 03:25:00,24.694,0.908,68.215,859.801,
2026-03-19 03:30:00,27.503,1.005,134.511,738.076,
2026-03-19 03:35:00,31.189,0.966,119.248,785.364,
2026-03-19 03:40:00,26.548,0.952,82.614,262.707,
2026-03-19 03:45:00,26.334,0.984,109.355,912.488,
2026-03-19 03:50:00,29.145,0.932,130.847,888.528,
2026-03-19 04:00:00,23.856,0.981,123.377,1881.399,
2026-03-19 04:05:00,18.806,1.005,55.047,531.844,
2026-03-19 04:10:00,20.529,0.897,60.653,985.517,
2026-03-19 04:15:00,19.412,1.002,75.38,855.497,
2026-03-19 04:20:00,24.919,0.944,125.579,211.357,
2026-03-19 04:25:00,29.858,0.953,148.215,776.132,
2026-03-19 04:30:00,29.543,0.945,107.712,855.556,
2026-03-19 04:35:00,31.765,0.982,160.931,282.88,
2026-03-19 04:40:00,35.484,0.973,180.304,791.147,
2026-03-19 04:45:00,36.854,0.987,252.426,820.348,
2026-03-19 04:50:00,31.609,0.996,184.049,196.102,
2026-03-19 04:55:00,38.019,1.006,260.536,308.661,
2026-03-19 05:00:00,35.911,1.001,238.148,248.709,
2026-03-19 05:05:00,31.989,1.004,184.215,129.063,
2026-03-19 05:10:00,33.032,0.938,126.192,1587.864,
2026-03-19 05:15:00,34.509,0.975,180.501,1515.68,
2026-03-19 05:20:00,30.64,0.95,140.36,522.045,
2026-03-19 05:25:00,32.142,0.957,168.402,396.294,
2026-03-19 05:30:00,34.486,1.006,191.302,1424.642,
2026-03-19 05:35:00,32.794,0.949,188.26,620.944,
2026-03-19 05:40:00,32.717,0.751,156.457,1570.595,
2026-03-19 22:35:00,28.5,0.961,632.672,2215.181,
2026-03-19 22:40:00,26.624,0.995,116.242,258.542,
2026-03-19 22:45:00,33.78,0.997,243.361,280.937,
2026-03-19 22:50:00,28.6,0.957,161.687,258.266,
2026-03-19 22:55:00,27.9,0.984,138.136,469.957,
2026-03-19 23:00:00,27.398,1.005,135.889,121.219,
2026-03-19 23:05:00,28.395,1.005,151.206,106.952,
2026-03-19 23:10:00,28.625,0.921,129.323,538.234,
2026-03-19 23:15:00,22.868,1.001,91.199,111.385,
2026-03-19 23:20:00,26.176,1.007,122.765,125.092,
2026-03-19 23:25:00,24.963,1.004,100.92,146.843,
2026-03-19 23:30:00,26.302,0.997,123.816,98.42,
2026-03-19 23:35:00,26.356,1.002,123.297,167.059,
2026-03-19 23:40:00,24.907,0.934,83.16,119.678,
2026-03-19 23:45:00,27.41,1.005,133.048,114.66,
2026-03-19 23:50:00,26.836,0.969,123.854,956.114,
2026-03-19 23:55:00,22.109,1.003,51.596,592.884,
2026-03-20 00:00:00,21.492,0.997,47.511,887.255,
2026-03-20 00:05:00,20.54,1.004,48.15,328.084,
2026-03-20 00:10:00,29.249,0.946,124.827,419.951,
2026-03-20 00:15:00,39.718,0.997,329.328,629.365,
2026-03-20 00:20:00,29.797,0.994,157.294,305.05,
2026-03-20 00:25:00,33.025,1.005,359.908,1328.396,
2026-03-20 00:30:00,35.173,0.973,191.596,258.383,
2026-03-20 00:35:00,27.275,1.002,142.333,106.115,
2026-03-20 00:40:00,29.021,0.975,128.934,291.178,
2026-03-20 00:45:00,29.243,0.941,135.415,219.454,
2026-03-20 00:50:00,29.608,0.987,122.568,359.28,
2026-03-20 00:55:00,29.549,0.973,112.904,239.277,
2026-03-20 01:00:00,29.512,0.98,125.902,212.241,
2026-03-20 01:05:00,33.159,0.987,161.463,183.074,
2026-03-20 01:10:00,26.895,0.968,143.496,677.665,
2026-03-20 01:15:00,27.823,0.875,89.058,652.467,
2026-03-20 01:20:00,27.879,0.98,125.714,587.285,
2026-03-20 01:25:00,27.196,0.989,108.717,634.44,
2026-03-20 01:30:00,29.36,1.006,114.626,604.02,
2026-03-20 01:35:00,27.182,1.003,75.629,618.606,
2026-03-20 01:40:00,27.576,0.938,103.199,356.066,
2026-03-20 01:45:00,29.45,1.004,114.981,178.884,
2026-03-20 01:50:00,28.551,0.964,119.25,282.201,
2026-03-20 01:55:00,27.531,0.935,101.504,767.452,
2026-03-20 02:00:00,39.482,0.986,225.503,1617.861,
2026-03-20 02:05:00,23.956,1.004,72.644,281.865,
2026-03-20 02:10:00,30.811,0.987,125.991,658.387,
2026-03-20 02:15:00,29.152,1.003,141.821,93.938,
2026-03-20 02:20:00,35.206,0.982,183.549,947.76,
2026-03-20 02:25:00,33.978,1.004,186.593,253.394,
2026-03-20 02:30:00,30.63,0.994,162.155,250.352,
2026-03-20 02:35:00,31.344,0.984,145.792,238.063,
2026-03-20 02:40:00,34.442,0.964,174.923,170.385,
2026-03-20 02:45:00,31.97,0.956,130.106,724.94,
2026-03-20 02:50:00,29.057,0.927,95.924,252.992,
2026-03-20 02:55:00,25.079,1.005,108.576,395.278,
2026-03-20 03:00:00,24.446,0.97,96.001,475.675,
2026-03-20 03:05:00,27.42,0.978,124.784,559.592,
2026-03-20 03:10:00,22.97,0.902,89.273,433.902,
2026-03-20 03:20:00,27.874,0.928,129.005,277.359,
2026-03-20 03:25:00,32.178,0.975,177.005,452.208,
2026-03-20 03:30:00,26.048,0.981,113.435,401.051,
2026-03-20 03:35:00,17.003,0.983,99.35,1476.289,
2026-03-20 03:40:00,22.387,1.007,97.861,822.206,
2026-03-20 03:45:00,46.494,0.986,230.942,190.491,
2026-03-20 03:50:00,40.547,0.906,342.603,1019.605,
2026-03-20 03:55:00,36.887,0.959,158.117,753.843,
2026-03-20 04:00:00,46.546,0.984,247.549,426.845,
2026-03-20 04:05:00,41.186,0.996,265.076,708.504,
2026-03-20 04:10:00,37.85,0.978,201.909,1378.578,
2026-03-20 04:15:00,36.17,1.005,222.698,490.481,
2026-03-20 04:20:00,38.664,0.983,321.923,449.78,
2026-03-20 04:25:00,32.82,1.004,150.665,386.152,
2026-03-20 04:30:00,33.564,1.005,179.992,570.472,
2026-03-20 04:35:00,28.543,1.004,116.458,237.566,
2026-03-20 04:40:00,31.27,0.993,138.796,480.305,
2026-03-20 04:45:00,34.008,0.93,123.584,611.757,
2026-03-20 04:50:00,30.3,0.986,143.514,593.532,
2026-03-20 04:55:00,37.355,0.941,217.604,1088.158,
2026-03-20 05:00:00,36.508,0.967,182.693,1292.472,
2026-03-20 05:05:00,34.423,0.946,144.362,2022.683,
2026-03-20 05:10:00,25.409,0.991,70.415,394.5,
2026-03-20 05:15:00,32.822,0.88,163.763,1018.566,
2026-03-20 05:25:00,29.517,0.75,168.838,980.983,
2026-03-20 23:15:00,30.103,0.998,102.231,1256.888,
2026-03-20 23:20:00,38.851,0.945,278.399,132.827,
2026-03-20 23:25:00,37.569,0.986,242.271,190.296,
2026-03-20 23:30:00,30.372,0.864,158.867,132.467,
2026-03-20 23:35:00,28.124,0.988,157.062,148.784,
2026-03-20 23:40:00,31.537,0.981,204.729,114.505,
2026-03-20 23:45:00,24.863,0.956,89.099,126.267,
2026-03-20 23:50:00,23.147,1.004,90.214,90.132,
2026-03-20 23:55:00,22.293,1.002,82.508,150.787,
2026-03-21 00:00:00,21.043,0.998,79.028,121.376,
2026-03-21 00:05:00,18.916,1.005,47.231,85.571,
2026-03-21 00:10:00,21.14,1.002,81.778,161.8,
2026-03-21 00:15:00,22.723,0.986,82.784,481.927,
2026-03-21 00:20:00,22.477,1.003,77.421,195.684,
2026-03-21 00:25:00,21.547,0.941,63.454,619.548,
2026-03-21 00:30:00,22.103,0.989,69.905,347.708,
2026-03-21 00:35:00,20.182,0.981,55.057,196.254,
2026-03-21 00:40:00,25.867,0.97,81.536,360.663,
2026-03-21 00:45:00,33.049,1.005,141.995,134.32,
2026-03-21 00:50:00,20.085,0.984,55.166,187.262,
2026-03-21 00:55:00,19.192,1.002,59.811,111.675,
2026-03-21 01:00:00,22.813,0.99,63.141,228.284,
2026-03-21 01:05:00,18.279,1.001,41.207,133.412,
2026-03-21 01:10:00,18.766,0.998,51.395,91.487,
2026-03-21 01:15:00,19.063,1.004,53.645,115.455,
2026-03-21 01:20:00,21.772,1.004,79.855,132.263,
2026-03-21 01:25:00,26.144,0.839,119.911,879.123,
2026-03-21 01:30:00,19.87,0.984,55.062,117.135,
2026-03-21 01:35:00,21.245,1.002,80.671,165.479,
2026-03-21 01:40:00,22.388,0.986,91.312,438.318,
2026-03-21 01:45:00,16.336,0.976,63.611,1018.15,
2026-03-21 01:50:00,20.628,1.002,63.084,142.794,
2026-03-21 01:55:00,19.162,1.001,53.692,88.937,
2026-03-21 02:00:00,20.455,0.934,61.09,502.367,
2026-03-21 02:05:00,22.718,0.975,77.537,421.249,
2026-03-21 02:10:00,27.492,0.939,108.507,464.59,
2026-03-21 02:15:00,22.294,1.005,55.472,703.87,
2026-03-21 02:20:00,22.858,0.966,103.736,416.318,
2026-03-21 02:25:00,21.383,0.98,76.495,1027.058,
2026-03-21 02:30:00,21.274,0.931,100.899,417.15,
2026-03-21 02:35:00,13.913,0.983,24.866,394.825,
2026-03-21 02:40:00,17.732,0.996,47.971,69.008,
2026-03-21 02:45:00,22.365,0.988,45.796,268.408,
2026-03-21 02:50:00,25.656,0.879,93.022,1102.06,
2026-03-21 02:55:00,24.634,0.973,104.987,926.111,
2026-03-21 03:00:00,43.639,0.997,323.252,94.047,
2026-03-21 03:05:00,30.364,0.976,226.503,300.28,
2026-03-21 03:10:00,35.139,0.947,259.127,299.137,
2026-03-21 03:15:00,24.747,0.986,110.225,1440.946,
2026-03-21 03:20:00,22.47,0.965,103.457,720.194,
2026-03-21 03:25:00,23.099,0.978,123.825,1031.306,
2026-03-21 03:30:00,43.104,1.003,223.672,199.344,
2026-03-21 03:35:00,26.07,0.986,160.602,1313.214,
2026-03-21 03:40:00,24.203,0.95,154.69,923.692,
2026-03-21 03:45:00,24.342,0.802,74.201,770.078,
2026-03-21 03:50:00,26.129,0.713,158.695,828.817,
2026-03-21 03:55:00,21.545,0.958,80.805,336.036,
2026-03-21 04:00:00,20.839,0.963,67.789,1132.587,
2026-03-21 04:05:00,31.043,0.814,214.599,815.11,
2026-03-21 04:10:00,34.121,0.952,177.853,1858.592,
2026-03-21 04:15:00,26.114,0.973,172.889,1296.997,
2026-03-21 04:20:00,23.237,0.879,73.097,466.149,
2026-03-21 04:25:00,28.588,0.976,108.699,581.24,
2026-03-21 04:35:00,47.686,0.881,387.734,792.246,
2026-03-21 04:40:00,24.623,0.991,177.651,398.324,
2026-03-21 04:45:00,22.46,0.917,99.009,1267.384,
2026-03-21 04:50:00,26.599,1.005,173.981,619.862,
2026-03-21 04:55:00,23.498,1.001,111.212,290.892,
2026-03-21 05:00:00,28.104,1.002,175.719,1210.392,
2026-03-21 05:05:00,25.633,1.002,130.688,183.668,
2026-03-21 05:10:00,28.09,1.004,170.514,151.78,
2026-03-21 05:15:00,25.767,1.001,136.145,108.656,
2026-03-21 05:20:00,26.375,0.949,161.966,144.14,
2026-03-21 18:35:00,34.547,0.8,195.675,1804.101,
2026-03-21 18:40:00,27.417,0.863,115.507,962.818,
2026-03-21 18:45:00,28.69,0.979,171.55,597.561,
2026-03-21 18:50:00,27.463,0.928,151.456,689.515,
2026-03-21 18:55:00,25.626,0.963,180.311,440.654,
2026-03-21 19:00:00,24.824,0.992,112.596,181.083,
2026-03-21 19:05:00,34.112,0.993,347.622,997.93,
2026-03-21 19:10:00,38.265,0.987,369.767,822.212,
2026-03-21 19:15:00,35.939,1.002,285.349,228.166,
2026-03-21 19:20:00,41.226,1.006,365.643,151.688,
2026-03-21 19:25:00,40.519,0.929,224.828,941.203,
2026-03-21 19:30:00,39.41,0.971,335.055,532.276,
2026-03-21 19:35:00,33.672,0.94,224.623,1230.619,
2026-03-21 19:40:00,35.08,1.005,275.251,576.749,
2026-03-21 19:45:00,36.475,1.006,278.811,159.092,
2026-03-21 19:50:00,34.657,0.983,279.439,161.758,
2026-03-21 19:55:00,33.442,1.002,194.375,206.369,
2026-03-21 20:00:00,30.719,0.946,214.053,567.931,
2026-03-21 20:05:00,33.2,1.002,212.183,306.228,
2026-03-21 20:10:00,34.946,0.967,241.317,479.374,
2026-03-21 20:15:00,31.211,0.963,236.893,430.024,
2026-03-21 20:25:00,26.927,1.004,124.481,720.13,
2026-03-21 20:30:00,33.08,1.0,233.277,361.552,
2026-03-21 20:35:00,33.745,1.006,255.917,545.202,
2026-03-21 20:40:00,36.927,0.877,223.048,2920.323,
2026-03-21 20:45:00,27.002,1.002,229.334,326.12,
2026-03-21 20:50:00,39.293,1.007,308.065,668.248,
2026-03-21 20:55:00,44.056,0.977,409.61,328.198,
2026-03-21 21:00:00,35.205,0.989,223.618,219.766,
2026-03-21 21:05:00,37.595,0.971,220.265,339.446,
2026-03-21 21:10:00,33.82,0.996,186.369,333.512,
2026-03-21 21:15:00,35.538,0.989,195.745,302.375,
2026-03-21 21:20:00,34.907,0.948,171.924,760.264,
2026-03-21 21:25:00,37.146,0.951,236.927,1142.99,
2026-03-21 21:30:00,42.163,1.004,294.221,406.452,
2026-03-21 21:35:00,40.61,0.987,238.965,761.816,
2026-03-21 21:40:00,45.234,0.978,276.81,3050.385,
2026-03-21 21:45:00,34.196,1.005,149.176,196.693,
2026-03-21 21:50:00,41.447,0.987,233.346,274.257,
2026-03-22 22:10:00,42.753,0.928,300.634,896.396,
2026-03-22 22:20:00,33.226,0.968,169.544,176.989,
2026-03-22 22:25:00,34.657,0.931,196.37,239.583,
2026-03-22 22:30:00,34.856,0.928,238.819,93.707,
2026-03-22 22:35:00,37.969,1.001,276.214,224.457,
2026-03-22 22:40:00,35.578,0.874,161.481,222.424,
2026-03-22 22:45:00,35.624,1.004,244.07,130.933,
2026-03-22 22:50:00,31.77,1.001,167.735,115.307,
2026-03-22 22:55:00,32.715,1.007,232.507,85.301,
2026-03-22 23:00:00,30.817,0.997,143.544,73.176,
2026-03-22 23:05:00,35.232,0.899,203.073,803.293,
2026-03-22 23:10:00,38.963,0.963,260.364,455.644,
2026-03-22 23:15:00,27.549,0.987,121.088,164.954,
2026-03-22 23:20:00,31.802,1.005,122.414,510.67,
2026-03-22 23:25:00,24.601,1.003,91.726,493.7,
2026-03-22 23:30:00,33.556,0.972,173.076,1205.76,
2026-03-22 23:35:00,24.431,0.918,107.566,284.394,
2026-03-22 23:40:00,20.274,1.001,82.817,66.48,
2026-03-22 23:45:00,17.501,1.004,60.562,108.601,
2026-03-22 23:50:00,19.886,1.001,68.138,114.636,
2026-03-22 23:55:00,18.717,1.003,63.476,105.436,
2026-03-23 00:00:00,19.437,1.001,65.843,142.369,
2026-03-23 00:05:00,23.73,1.005,100.376,148.016,
2026-03-23 00:10:00,20.23,1.004,55.926,183.942,
2026-03-23 00:15:00,23.649,0.993,94.289,153.698,
2026-03-23 00:20:00,24.365,0.924,113.437,1186.428,
2026-03-23 00:25:00,37.962,1.006,206.364,408.526,
2026-03-23 00:30:00,43.233,0.996,298.766,145.905,
2026-03-23 00:35:00,54.433,0.953,630.802,569.832,
2026-03-23 00:40:00,58.97,0.984,520.287,559.367,
2026-03-23 00:45:00,50.142,1.006,412.993,363.547,
2026-03-23 00:50:00,56.381,1.005,578.959,216.041,
2026-03-23 00:55:00,50.832,0.967,445.425,658.752,
2026-03-23 01:00:00,43.524,0.991,311.939,673.928,
2026-03-23 01:05:00,33.982,0.986,162.678,432.987,
2026-03-23 01:10:00,30.157,0.985,86.496,1611.277,
2026-03-23 01:15:00,41.556,0.996,248.052,174.935,
2026-03-23 01:20:00,32.766,1.004,119.475,218.724,
2026-03-23 01:25:00,30.154,1.0,112.865,255.271,
2026-03-23 01:55:00,39.468,1.006,317.63,230.946,
2026-03-23 02:00:00,36.514,0.973,244.527,190.762,
2026-03-23 02:05:00,30.055,0.983,125.778,272.776,
2026-03-23 02:10:00,29.949,1.004,122.994,571.935,
2026-03-23 02:15:00,34.038,0.997,166.282,349.818,
2026-03-23 02:20:00,30.148,1.006,125.888,280.687,
2026-03-23 02:25:00,35.64,0.965,139.965,687.363,
2026-03-23 02:30:00,37.782,0.949,157.583,2292.924,
2026-03-23 02:35:00,45.814,0.969,254.584,1228.659,
2026-03-23 02:40:00,45.046,0.986,316.315,413.476,
2026-03-23 03:00:00,46.066,0.971,343.121,335.822,
2026-03-23 03:05:00,50.503,0.983,353.306,689.813,
2026-03-23 03:10:00,56.852,0.892,510.159,1238.003,
2026-03-23 03:15:00,31.122,0.995,96.661,76.868,
2026-03-23 03:20:00,20.667,0.984,69.61,788.355,
2026-03-23 03:25:00,24.098,0.997,67.29,894.811,
2026-03-23 03:40:00,27.447,0.994,99.277,546.225,
2026-03-23 03:45:00,33.606,0.915,113.405,725.188,
2026-03-23 03:50:00,40.121,1.003,228.495,631.696,
2026-03-23 03:55:00,37.069,1.005,266.901,1078.664,
2026-03-23 04:00:00,44.855,0.961,284.544,589.415,
2026-03-23 04:05:00,49.096,1.008,387.857,437.276,
2026-03-23 04:10:00,42.848,0.953,199.581,672.89,
2026-03-23 04:15:00,43.08,0.992,222.344,595.717,
2026-03-23 04:20:00,49.119,1.0,352.533,682.925,
2026-03-23 04:25:00,48.216,0.999,273.158,741.058,
2026-03-23 04:30:00,45.299,0.998,331.138,561.287,
2026-03-23 04:35:00,46.757,1.005,314.154,447.683,
2026-03-23 04:40:00,47.258,1.004,261.602,437.723,
2026-03-23 04:45:00,46.639,0.925,220.101,3092.038,
2026-03-23 04:50:00,44.21,0.987,278.693,1024.753,
2026-03-23 05:00:00,37.739,0.987,174.209,687.704,
2026-03-23 05:05:00,24.808,0.983,98.87,1691.122,
2026-03-23 05:10:00,35.139,0.951,227.463,1314.62,
2026-03-23 21:55:00,21.71,0.838,89.737,390.837,
2026-03-23 22:00:00,23.155,0.902,59.562,204.894,
2026-03-23 22:05:00,24.464,0.901,92.686,379.195,
2026-03-23 22:10:00,21.84,0.986,92.542,335.147,
2026-03-23 22:15:00,27.748,0.881,155.021,839.834,
2026-03-23 22:20:00,19.597,0.982,56.735,547.169,
2026-03-23 22:25:00,30.952,1.006,193.504,117.416,
2026-03-23 22:30:00,34.251,0.988,221.392,307.097,
2026-03-23 22:35:00,33.369,0.961,179.352,149.245,
2026-03-23 22:40:00,32.015,1.007,171.8,92.359,
2026-03-23 22:45:00,28.464,1.001,149.52,131.881,
2026-03-23 22:50:00,30.178,1.006,161.775,211.274,
2026-03-23 22:55:00,31.478,0.975,147.187,348.027,
2026-03-23 23:00:00,34.02,1.004,185.029,243.15,
2026-03-23 23:05:00,35.421,0.98,140.886,148.906,
2026-03-23 23:10:00,28.735,0.91,83.718,482.73,
2026-03-23 23:15:00,33.413,1.003,186.844,165.853,
2026-03-23 23:20:00,36.425,0.968,219.109,529.621,
2026-03-23 23:25:00,38.433,0.96,185.877,392.983,
2026-03-23 23:30:00,26.849,0.978,102.86,304.061,
2026-03-23 23:35:00,22.297,1.007,71.153,434.985,
2026-03-23 23:40:00,19.33,0.994,42.064,265.267,
2026-03-23 23:45:00,35.306,0.889,136.358,359.609,
2026-03-23 23:50:00,35.959,0.989,210.09,392.902,
2026-03-23 23:55:00,39.545,0.99,253.167,496.438,
2026-03-24 00:00:00,38.66,0.971,257.414,384.203,
2026-03-24 00:05:00,36.35,1.004,231.82,411.321,
2026-03-24 00:10:00,36.086,0.953,194.132,126.128,
2026-03-24 00:15:00,36.223,1.007,184.462,364.62,
2026-03-24 00:20:00,33.182,1.002,171.907,290.134,
2026-03-24 00:25:00,34.045,1.007,178.339,329.553,
2026-03-24 00:30:00,36.727,0.951,154.059,453.776,
2026-03-24 00:35:00,42.69,0.934,225.359,267.024,
2026-03-24 00:40:00,64.251,0.996,664.003,640.279,
2026-03-24 00:45:00,50.914,0.99,293.489,648.574,
2026-03-24 00:50:00,41.308,1.004,232.38,336.904,
2026-03-24 00:55:00,48.12,0.895,179.773,2513.908,
2026-03-24 01:00:00,27.134,0.994,85.116,493.319,
2026-03-24 01:05:00,28.27,1.006,121.781,221.885,
2026-03-24 01:10:00,40.38,0.963,223.264,216.966,
2026-03-24 01:15:00,42.575,1.006,252.162,247.42,
2026-03-24 01:20:00,43.058,0.945,233.236,457.242,
2026-03-24 01:25:00,47.058,1.001,354.872,349.01,
2026-03-24 01:30:00,44.364,0.933,253.194,1249.748,
2026-03-24 01:35:00,39.05,0.981,180.355,703.918,
2026-03-24 01:40:00,35.448,0.916,148.316,461.829,
2026-03-24 01:45:00,25.796,0.992,100.432,268.115,
2026-03-24 01:50:00,22.186,0.953,46.504,443.499,
2026-03-24 01:55:00,20.929,1.002,58.893,234.13,
2026-03-24 02:00:00,25.999,0.918,57.079,337.25,
2026-03-24 02:05:00,25.157,0.974,60.158,365.737,
2026-03-24 02:10:00,33.372,0.968,153.701,325.116,
2026-03-24 02:15:00,26.762,1.004,110.391,243.899,
2026-03-24 02:20:00,25.009,0.793,70.311,284.492,
2026-03-24 02:40:00,46.212,0.99,333.406,716.783,
2026-03-24 02:45:00,47.937,0.96,365.989,623.326,
2026-03-24 02:50:00,46.25,1.004,302.149,364.485,
2026-03-24 02:55:00,41.389,1.004,283.043,148.554,
2026-03-24 03:00:00,41.518,1.004,252.127,176.338,
2026-03-24 03:05:00,45.438,1.001,331.761,220.576,
2026-03-24 03:10:00,45.033,0.951,301.945,270.946,
2026-03-24 03:15:00,42.211,1.005,183.377,632.438,
2026-03-24 03:20:00,45.453,0.969,201.228,846.108,
2026-03-24 03:25:00,61.155,0.993,521.527,579.005,
2026-03-24 03:30:00,47.114,1.003,274.489,424.307,
2026-03-24 03:35:00,42.0,1.003,312.059,200.41,
2026-03-24 03:40:00,38.546,0.927,183.896,2184.11,
2026-03-24 03:45:00,32.478,0.931,111.629,463.562,
2026-03-24 03:50:00,23.843,0.997,63.596,260.182,
2026-03-24 03:55:00,29.728,0.977,112.079,411.962,
2026-03-24 04:00:00,26.824,0.94,66.376,942.756,
2026-03-24 04:05:00,34.178,0.859,158.732,1038.468,
2026-03-24 04:10:00,27.161,1.004,101.028,406.665,
2026-03-24 04:15:00,24.611,1.004,70.269,2387.359,
2026-03-24 04:20:00,31.109,0.867,116.43,1697.411,
2026-03-24 04:25:00,33.806,0.969,133.424,393.84,
2026-03-24 04:30:00,36.573,0.947,224.119,3256.074,
2026-03-24 04:35:00,33.095,0.989,150.022,414.529,
2026-03-24 04:40:00,32.101,0.945,141.908,1246.948,
2026-03-24 04:45:00,39.922,0.767,139.555,1121.939,
2026-03-24 04:50:00,32.942,0.904,177.696,226.712,
2026-03-24 05:00:00,47.935,0.969,390.824,1141.827,
2026-03-24 05:05:00,39.215,0.975,217.61,1253.373,
2026-03-24 05:10:00,33.673,0.918,215.451,447.489,
2026-03-24 05:15:00,44.855,0.95,423.551,474.321,
2026-03-24 05:20:00,38.281,0.973,253.213,676.524,
2026-03-24 05:25:00,40.932,0.911,285.605,660.628,
2026-03-24 05:30:00,56.329,0.952,463.604,594.892,
2026-03-24 05:35:00,47.52,0.713,155.469,1645.645,
2026-03-24 05:40:00,41.676,0.787,705.944,603.981,
2026-03-24 23:15:00,32.017,1.006,195.666,350.21,
2026-03-24 23:20:00,38.929,0.966,289.104,218.563,
2026-03-24 23:25:00,38.461,1.003,312.94,99.3,
2026-03-24 23:30:00,35.465,1.002,241.728,85.963,
2026-03-24 23:35:00,36.679,0.987,218.386,191.964,
2026-03-24 23:40:00,32.565,1.0,181.718,66.101,
2026-03-24 23:45:00,35.988,1.005,247.808,132.049,
2026-03-24 23:50:00,32.456,1.003,163.162,140.067,
2026-03-24 23:55:00,34.212,0.974,168.045,127.609,
2026-03-25 00:00:00,30.844,1.0,178.92,423.669,
2026-03-25 00:05:00,32.877,1.003,172.297,146.341,
2026-03-25 00:10:00,32.77,1.001,195.793,235.882,
2026-03-25 00:15:00,29.443,1.005,162.864,301.978,
2026-03-25 00:20:00,29.627,0.793,132.606,120.171,
2026-03-25 00:35:00,30.818,0.789,146.823,765.945,
2026-03-25 00:40:00,29.951,0.967,87.365,761.675,
2026-03-25 00:45:00,34.551,0.96,119.443,621.86,
2026-03-25 00:50:00,36.051,1.004,166.479,544.013,
2026-03-25 00:55:00,28.066,0.921,33.504,859.235,
2026-03-25 01:00:00,42.908,0.982,310.272,444.732,
2026-03-25 01:05:00,28.426,1.0,140.81,302.81,
2026-03-25 01:10:00,27.389,1.0,105.865,178.588,
2026-03-25 01:15:00,33.474,1.007,148.29,187.764,
2026-03-25 01:20:00,33.203,1.006,125.779,342.231,
2026-03-25 01:25:00,43.535,0.998,247.687,321.007,
2026-03-25 01:30:00,42.743,1.005,306.585,262.454,
2026-03-25 01:35:00,44.464,1.002,271.821,524.369,
2026-03-25 01:40:00,42.034,1.001,230.278,256.254,
2026-03-25 01:45:00,46.481,1.005,339.311,287.507,
2026-03-25 01:50:00,45.993,0.951,344.93,1064.577,
2026-03-25 01:55:00,39.827,0.969,159.832,1235.671,
2026-03-25 02:00:00,58.897,1.0,356.792,1535.642,
2026-03-25 02:05:00,40.769,0.799,184.553,518.597,
2026-03-25 02:15:00,56.165,0.986,334.462,1852.097,
2026-03-25 02:20:00,67.515,0.996,564.263,1496.566,
2026-03-25 02:25:00,53.483,0.973,301.959,1329.851,
2026-03-25 02:30:00,64.855,1.006,726.394,1105.078,
2026-03-25 02:35:00,45.209,0.945,288.103,1712.532,
2026-03-25 02:40:00,37.358,0.989,150.454,2487.567,
2026-03-25 02:45:00,29.131,0.909,107.028,839.23,
2026-03-25 02:50:00,18.14,1.003,30.618,364.009,
2026-03-25 02:55:00,32.116,0.987,146.035,566.723,
2026-03-25 03:00:00,21.326,0.965,55.18,254.773,
2026-03-25 03:05:00,25.707,0.968,100.844,145.972,
2026-03-25 03:10:00,25.186,0.98,64.825,333.739,
2026-03-25 03:15:00,25.564,0.957,70.464,647.247,
2026-03-25 03:20:00,26.479,0.977,113.92,773.715,
2026-03-25 03:25:00,18.209,0.958,33.834,239.985,
2026-03-25 03:30:00,28.785,0.954,128.927,309.128,
2026-03-25 03:35:00,28.474,1.006,120.641,249.236,
2026-03-25 03:40:00,26.245,0.983,95.434,246.947,
2026-03-25 03:45:00,25.569,1.003,78.664,115.137,
2026-03-25 03:50:00,26.433,1.004,100.462,184.442,
2026-03-25 03:55:00,25.249,1.005,97.702,132.562,
2026-03-25 04:00:00,26.284,1.004,96.523,380.261,
2026-03-25 04:05:00,24.366,0.979,76.263,924.901,
2026-03-25 04:10:00,36.719,0.954,233.799,249.133,
2026-03-25 04:15:00,42.176,0.94,249.564,845.211,
2026-03-25 04:20:00,53.313,0.972,408.148,664.461,
2026-03-25 04:25:00,30.973,0.898,175.071,429.052,
2026-03-25 04:30:00,32.104,1.006,150.421,217.792,
2026-03-25 04:35:00,27.044,1.005,84.709,790.498,
2026-03-25 04:40:00,26.966,1.002,61.365,562.78,
2026-03-25 04:45:00,25.469,0.951,80.233,694.634,
2026-03-25 04:50:00,26.094,0.969,95.337,908.012,
2026-03-25 04:55:00,26.812,0.936,83.055,503.332,
2026-03-25 05:00:00,41.664,0.863,266.34,831.1,
2026-03-25 05:05:00,27.837,0.943,72.472,787.944,
2026-03-25 05:10:00,26.248,1.003,79.626,700.747,
2026-03-25 05:15:00,23.568,0.924,80.158,1007.796,
2026-03-25 05:20:00,46.121,1.005,375.322,499.365,
2026-03-25 05:25:00,36.912,0.985,168.26,569.299,
2026-03-25 05:30:00,43.389,0.999,258.544,990.491,
2026-03-25 05:35:00,44.633,1.006,228.967,1454.212,
2026-03-25 05:40:00,40.95,0.937,250.034,1367.324,
2026-03-25 05:45:00,50.611,0.895,345.55,1430.397,
2026-03-25 05:50:00,47.577,0.902,366.137,1239.013,
2026-03-25 05:55:00,43.013,0.865,317.365,702.305,
2026-03-25 06:00:00,35.36,0.708,170.337,1185.542,
2026-03-25 23:55:00,24.057,1.0,129.875,253.97,
2026-03-26 00:00:00,26.651,0.948,151.523,146.822,
2026-03-26 00:05:00,21.561,0.869,84.636,421.465,
2026-03-26 00:10:00,21.614,0.951,101.583,332.213,
2026-03-26 00:15:00,40.701,0.805,267.439,1384.514,
2026-03-26 00:20:00,38.163,0.919,297.418,625.64,
2026-03-26 00:30:00,20.354,1.003,78.683,101.246,
2026-03-26 00:35:00,20.168,1.003,64.966,208.162,
2026-03-26 00:40:00,21.966,1.051,89.392,81.047,
2026-03-26 00:45:00,21.672,1.003,109.591,154.223,
2026-03-26 00:50:00,21.237,0.929,76.959,217.494,
2026-03-26 00:55:00,21.184,0.983,101.018,54.026,
2026-03-26 01:00:00,21.551,1.003,95.93,201.515,
2026-03-26 01:05:00,17.415,0.953,49.699,142.385,
2026-03-26 01:10:00,15.994,1.003,59.865,93.003,
2026-03-26 01:15:00,16.573,0.974,56.128,217.676,
2026-03-26 01:20:00,19.741,0.984,52.924,425.169,
2026-03-26 01:25:00,17.223,1.003,39.277,277.645,
2026-03-26 01:30:00,13.703,0.952,29.014,260.458,
2026-03-26 01:35:00,23.028,0.972,61.594,477.268,
2026-03-26 01:40:00,19.846,0.932,76.689,156.647,
2026-03-26 01:45:00,15.578,0.984,38.602,1202.619,
2026-03-26 01:50:00,15.401,1.001,23.302,219.804,
2026-03-26 01:55:00,16.671,0.954,43.644,214.339,
2026-03-26 02:00:00,16.577,1.003,46.422,215.237,
2026-03-26 02:05:00,20.026,0.997,72.89,100.778,
2026-03-26 02:10:00,20.117,1.003,61.316,133.377,
2026-03-26 02:15:00,20.116,0.996,69.062,169.056,
2026-03-26 02:20:00,23.387,1.001,87.688,164.623,
2026-03-26 02:25:00,23.633,0.991,90.465,125.173,
2026-03-26 02:30:00,50.342,0.858,415.661,332.26,
2026-03-26 02:35:00,27.953,1.001,116.532,165.694,
2026-03-26 02:40:00,30.246,0.924,96.71,1577.06,
2026-03-26 02:45:00,35.333,1.003,177.126,157.751,
2026-03-26 02:50:00,31.223,1.008,150.696,286.261,
2026-03-26 02:55:00,31.395,0.978,125.613,786.171,
2026-03-26 03:00:00,27.464,1.001,121.252,180.354,
2026-03-26 03:05:00,29.092,0.966,88.864,192.384,
2026-03-26 03:10:00,47.102,1.002,359.207,1623.893,
2026-03-26 03:15:00,33.171,0.988,165.581,560.988,
2026-03-26 03:20:00,23.908,1.002,49.715,658.567,
2026-03-26 03:25:00,16.308,0.984,27.347,250.824,
2026-03-26 03:30:00,35.069,0.99,139.5,211.83,
2026-03-26 03:35:00,34.286,0.958,159.086,342.904,
2026-03-26 03:40:00,30.772,0.964,111.517,174.731,
2026-03-26 03:45:00,28.894,0.966,122.071,504.186,
2026-03-26 03:50:00,31.293,0.945,127.863,555.164,
2026-03-26 03:55:00,35.642,0.915,126.551,592.222,
2026-03-26 04:00:00,28.287,1.004,93.222,251.389,
2026-03-26 04:05:00,40.669,0.944,279.612,404.745,
2026-03-26 04:10:00,32.12,0.965,160.581,188.616,
2026-03-26 04:15:00,31.265,1.006,163.231,127.233,
2026-03-26 04:20:00,31.197,0.974,145.794,157.829,
2026-03-26 04:25:00,43.179,0.972,367.539,463.427,
2026-03-26 04:30:00,42.121,1.003,313.19,229.725,
2026-03-26 04:35:00,43.348,1.004,279.312,155.265,
2026-03-26 04:40:00,33.95,0.947,137.415,2253.742,
2026-03-26 04:45:00,31.74,0.922,167.286,284.139,
2026-03-26 04:50:00,35.151,0.957,206.025,1967.928,
2026-03-26 04:55:00,36.54,0.934,138.663,1777.581,
2026-03-26 05:00:00,35.549,0.876,95.807,1097.3,
2026-03-26 05:05:00,26.692,0.87,195.928,601.251,
2026-03-26 05:10:00,23.603,0.967,161.349,194.677,
2026-03-26 05:15:00,23.384,0.959,189.766,1195.755,
2026-03-26 05:20:00,15.588,0.897,66.517,638.651,
2026-03-26 05:25:00,14.734,1.002,51.125,149.391,
2026-03-26 05:30:00,22.97,0.825,128.054,984.774,
2026-03-26 05:35:00,21.221,0.902,56.203,649.968,
2026-03-26 05:40:00,25.384,0.821,231.512,858.165,
2026-03-26 05:45:00,20.969,0.823,114.274,346.688,
2026-03-26 22:40:00,25.906,0.98,118.819,192.738,
2026-03-26 22:45:00,30.68,0.92,200.869,170.715,
2026-03-26 22:50:00,27.074,0.962,118.694,798.64,
2026-03-26 22:55:00,21.935,0.871,55.958,95.178,
2026-03-26 23:00:00,22.937,0.971,73.48,174.653,
2026-03-26 23:05:00,25.858,1.006,116.06,127.448,
2026-03-26 23:10:00,24.46,1.003,120.509,213.656,
2026-03-26 23:15:00,22.657,1.005,77.495,138.379,
2026-03-26 23:20:00,25.354,1.002,106.719,257.52,
2026-03-26 23:25:00,20.012,1.004,89.119,139.824,
2026-03-26 23:30:00,20.578,1.004,74.411,147.179,
2026-03-26 23:35:00,27.257,0.941,120.406,2046.657,
2026-03-26 23:40:00,31.708,1.004,147.282,665.816,
2026-03-26 23:45:00,31.726,1.004,159.68,414.951,
2026-03-26 23:50:00,25.955,1.003,114.768,895.835,
2026-03-26 23:55:00,24.6,1.005,88.67,330.787,
2026-03-27 00:00:00,24.332,0.99,95.884,816.79,
2026-03-27 00:05:00,24.095,0.978,80.508,455.489,
2026-03-27 00:10:00,26.273,1.003,89.271,519.788,
2026-03-27 00:15:00,27.978,0.949,120.13,469.993,
2026-03-27 00:20:00,28.816,1.007,132.317,231.704,
2026-03-27 00:25:00,25.996,1.003,98.147,222.501,
2026-03-27 00:30:00,28.937,1.005,137.881,219.347,
2026-03-27 00:35:00,30.391,1.004,135.476,107.188,
2026-03-27 00:40:00,33.237,0.939,173.395,895.577,
2026-03-27 00:45:00,35.116,0.94,212.381,222.123,
2026-03-27 00:50:00,37.799,1.004,239.26,89.116,
2026-03-27 00:55:00,40.176,1.004,231.504,413.15,
2026-03-27 01:00:00,42.4,1.006,250.288,190.091,
2026-03-27 01:05:00,41.72,1.002,239.542,175.397,
2026-03-27 01:10:00,45.304,1.003,334.411,193.262,
2026-03-27 01:15:00,50.228,1.007,411.072,462.58,
2026-03-27 01:20:00,44.305,1.004,275.212,170.282,
2026-03-27 01:25:00,43.637,0.902,265.926,241.343,
2026-03-27 01:30:00,25.695,0.968,77.834,623.349,
2026-03-27 01:35:00,19.181,0.949,50.076,390.026,
2026-03-27 01:40:00,19.174,1.005,53.326,663.085,
2026-03-27 01:45:00,17.027,0.937,32.847,261.47,
2026-03-27 01:50:00,22.947,0.932,76.969,284.857,
2026-03-27 01:55:00,24.767,0.997,96.468,348.315,
2026-03-27 02:00:00,22.582,1.004,76.388,221.951,
2026-03-27 02:05:00,22.959,0.983,153.708,1239.527,
2026-03-27 02:10:00,19.825,0.985,55.026,710.033,
2026-03-27 02:15:00,25.558,0.972,99.802,494.128,
2026-03-27 02:20:00,25.168,1.003,104.366,121.443,
2026-03-27 02:25:00,24.232,1.005,96.778,106.92,
2026-03-27 02:30:00,26.279,0.942,104.036,156.22,
2026-03-27 02:35:00,22.023,1.007,107.077,186.356,
2026-03-27 02:40:00,24.585,1.004,103.121,284.084,
2026-03-27 02:45:00,25.071,1.004,99.11,495.444,
2026-03-27 02:50:00,26.893,0.965,104.423,326.091,
2026-03-27 02:55:00,27.014,0.985,128.686,601.849,
2026-03-27 03:00:00,24.863,0.99,119.813,142.572,
2026-03-27 03:05:00,25.367,0.98,115.278,643.876,
2026-03-27 03:10:00,20.919,1.006,65.704,236.346,
2026-03-27 03:15:00,23.863,0.963,96.925,127.082,
2026-03-27 03:20:00,31.038,0.952,120.252,789.434,
2026-03-27 03:25:00,21.845,1.003,87.885,342.487,
2026-03-27 03:30:00,22.51,0.999,155.624,3000.468,
2026-03-27 03:35:00,26.099,0.92,127.412,835.134,
2026-03-27 03:40:00,38.407,1.004,235.264,4481.67,
2026-03-27 03:45:00,26.326,0.975,107.475,504.165,
2026-03-27 03:50:00,38.119,0.996,238.6,1217.396,
2026-03-27 04:15:00,47.146,0.895,323.41,1935.548,
2026-03-27 04:30:00,35.809,0.989,222.872,233.009,
2026-03-27 04:35:00,35.582,1.007,212.11,257.301,
2026-03-27 04:40:00,34.123,1.001,200.912,344.0,
2026-03-27 04:45:00,32.665,1.008,181.017,327.207,
2026-03-27 04:50:00,37.473,0.996,210.997,316.764,
2026-03-27 04:55:00,35.993,0.977,184.166,1939.54,
2026-03-27 05:00:00,32.893,0.954,99.828,316.069,
2026-03-27 05:05:00,37.455,1.003,177.774,351.868,
2026-03-27 05:10:00,36.809,0.938,192.299,3062.347,
2026-03-27 05:15:00,35.011,0.975,135.224,3852.757,
2026-03-27 05:20:00,40.372,0.977,192.048,2969.477,
2026-03-27 05:25:00,39.586,0.838,152.766,2937.745,
2026-03-27 05:50:00,26.705,0.776,96.112,1315.366,
2026-03-27 23:50:00,16.277,0.938,41.315,325.788,
2026-03-27 23:55:00,17.407,0.933,66.752,253.3,
2026-03-28 00:00:00,16.55,0.999,55.039,170.985,
2026-03-28 00:05:00,29.11,0.959,161.818,315.172,
2026-03-28 00:10:00,30.529,0.966,180.917,182.346,
2026-03-28 00:15:00,28.115,1.001,160.961,235.784,
2026-03-28 00:20:00,27.8,0.997,166.658,121.866,
2026-03-28 00:25:00,29.058,1.005,169.911,109.092,
2026-03-28 00:30:00,28.592,0.949,168.272,119.24,
2026-03-28 00:35:00,25.154,0.963,108.5,463.982,
2026-03-28 00:40:00,22.24,1.002,98.489,68.952,
2026-03-28 00:45:00,24.877,0.994,131.556,114.21,
2026-03-28 00:50:00,20.896,0.983,53.882,218.29,
2026-03-28 00:55:00,20.025,1.004,69.737,183.674,
2026-03-28 01:00:00,23.234,0.964,85.576,641.955,
2026-03-28 01:05:00,24.467,1.002,81.182,837.046,
2026-03-28 01:10:00,17.701,1.004,39.4,566.924,
2026-03-28 01:15:00,25.159,0.988,82.665,152.913,
2026-03-28 01:20:00,20.381,0.975,54.123,436.476,
2026-03-28 01:25:00,20.987,0.992,80.698,785.107,
2026-03-28 01:30:00,14.598,1.004,28.983,699.239,
2026-03-28 01:35:00,15.802,0.996,40.587,256.953,
2026-03-28 01:40:00,15.792,1.002,34.621,197.661,
2026-03-28 01:45:00,18.809,1.004,55.251,214.775,
2026-03-28 01:50:00,20.011,1.004,59.28,196.248,
2026-03-28 01:55:00,19.993,0.895,59.518,414.577,
2026-03-28 02:00:00,32.073,1.002,153.851,159.35,
2026-03-28 02:05:00,36.449,0.995,197.067,224.33,
2026-03-28 02:10:00,33.82,1.004,148.85,164.616,
2026-03-28 02:15:00,32.814,1.006,151.725,142.906,
2026-03-28 02:20:00,37.45,0.934,159.236,607.865,
2026-03-28 02:25:00,37.521,1.006,248.944,140.932,
2026-03-28 02:30:00,46.725,1.004,351.678,183.36,
2026-03-28 02:35:00,48.686,1.0,362.751,153.325,
2026-03-28 02:40:00,39.744,0.924,202.696,807.807,
2026-03-28 02:45:00,34.317,1.003,162.342,289.702,
2026-03-28 02:50:00,39.114,1.007,238.886,145.323,
2026-03-28 02:55:00,32.935,0.998,179.496,420.611,
2026-03-28 03:00:00,40.608,1.006,255.737,479.438,
2026-03-28 03:05:00,37.037,0.988,213.001,982.623,
2026-03-28 03:10:00,28.083,1.003,100.812,251.846,
2026-03-28 03:15:00,35.84,1.002,193.025,842.594,
2026-03-28 03:20:00,33.157,0.989,98.799,432.715,
2026-03-28 03:25:00,34.36,0.934,165.038,814.676,
2026-03-28 03:30:00,30.539,0.959,169.389,1173.771,
2026-03-28 03:35:00,25.032,1.006,70.665,256.407,
2026-03-28 03:40:00,25.643,0.962,108.931,215.034,
2026-03-28 03:45:00,34.563,1.007,180.388,305.621,
2026-03-28 03:50:00,45.376,1.002,338.573,262.383,
2026-03-28 03:55:00,38.569,0.958,203.896,1555.831,
2026-03-28 04:00:00,37.329,1.007,218.956,223.883,
2026-03-28 04:05:00,46.036,0.999,278.953,303.874,
2026-03-28 04:10:00,46.662,1.003,369.962,287.429,
2026-03-28 04:15:00,33.94,0.901,185.681,1718.302,
2026-03-28 04:20:00,38.206,1.004,206.15,942.706,
2026-03-28 04:25:00,36.228,1.003,218.818,598.785,
2026-03-28 04:30:00,38.849,0.973,210.482,908.279,
2026-03-28 04:35:00,35.413,0.981,337.092,1647.234,
2026-03-28 04:40:00,37.442,0.957,150.116,1584.147,
2026-03-28 04:45:00,36.352,0.962,314.601,1685.464,
2026-03-28 04:50:00,25.227,0.938,78.531,801.634,
2026-03-28 05:15:00,39.324,1.002,259.3,465.698,
2026-03-28 05:20:00,37.331,0.99,206.203,296.177,
2026-03-28 05:25:00,46.593,0.951,326.858,381.791,
2026-03-28 05:30:00,43.852,0.996,296.665,748.848,
2026-03-28 05:35:00,42.907,0.927,370.714,568.93,
2026-03-28 05:40:00,28.325,0.937,115.742,2019.604,
2026-03-28 05:45:00,24.374,0.976,71.351,1524.353,
2026-03-28 05:50:00,27.749,0.899,95.48,1329.034,
2026-03-28 06:00:00,31.867,0.737,196.855,998.238,
2026-03-28 06:05:00,30.665,0.862,248.818,2476.866,
2026-03-28 06:10:00,20.082,0.911,99.589,745.914,
2026-03-28 06:15:00,16.712,0.975,65.088,234.44,
2026-03-28 06:20:00,21.662,0.947,98.467,876.91,
2026-03-28 06:25:00,27.93,1.0,548.602,303.601,
2026-03-28 06:30:00,23.478,0.797,517.669,4001.019,
2026-03-29 01:05:00,24.192,0.983,90.307,165.89,
2026-03-29 01:10:00,24.179,0.956,113.942,253.916,
2026-03-29 01:15:00,23.387,1.002,106.642,113.248,
2026-03-29 01:20:00,26.969,1.006,136.9,84.56,
2026-03-29 01:25:00,29.722,1.0,190.944,110.762,
2026-03-29 01:30:00,29.689,1.001,186.464,148.404,
2026-03-29 01:35:00,31.493,1.002,186.567,87.899,
2026-03-29 01:40:00,30.748,1.003,181.295,93.592,
2026-03-29 01:45:00,29.342,1.005,164.453,155.35,
2026-03-29 01:50:00,31.833,1.004,214.135,67.602,
2026-03-29 01:55:00,27.493,0.902,99.424,397.319,
2026-03-29 02:00:00,26.558,1.002,89.693,81.188,
2026-03-29 02:05:00,23.463,0.967,89.561,263.55,
2026-03-29 02:10:00,22.13,0.98,89.673,220.299,
2026-03-29 02:15:00,22.436,0.933,73.009,356.41,
2026-03-29 02:20:00,24.81,0.965,100.645,1084.185,
2026-03-29 02:25:00,18.559,0.988,48.34,401.432,
2026-03-29 02:30:00,26.824,0.997,102.395,720.324,
2026-03-29 02:35:00,28.009,0.984,76.66,736.704,
2026-03-29 02:40:00,29.096,0.998,148.948,1420.837,
2026-03-29 02:45:00,22.306,1.003,58.666,451.302,
2026-03-29 02:50:00,35.982,0.991,212.26,444.965,
2026-03-29 02:55:00,34.526,1.004,192.794,206.565,
2026-03-29 03:00:00,80.68,1.001,835.118,442.86,
2026-03-29 03:05:00,70.565,0.985,1289.05,1049.088,
2026-03-29 03:10:00,33.001,0.975,155.566,140.921,
2026-03-29 03:15:00,42.431,1.006,200.705,446.409,
2026-03-29 03:20:00,46.044,0.983,375.078,669.029,
2026-03-29 03:25:00,31.969,1.008,145.726,250.222,
2026-03-29 03:30:00,42.115,0.936,303.209,459.893,
2026-03-29 03:35:00,54.87,0.947,396.596,386.221,
2026-03-29 03:40:00,40.393,0.827,215.121,312.754,
2026-03-29 03:45:00,38.867,0.739,210.43,1028.375,
2026-03-29 03:50:00,30.218,1.004,111.422,621.657,
2026-03-29 03:55:00,29.952,0.964,178.351,1728.603,
2026-03-29 04:00:00,22.919,0.976,79.362,494.008,
2026-03-29 04:05:00,25.762,0.965,144.305,1480.946,
2026-03-29 04:10:00,20.02,0.919,74.987,1207.005,
2026-03-29 04:15:00,24.367,0.998,61.09,403.888,
2026-03-29 04:20:00,27.544,0.906,67.239,465.244,
2026-03-29 04:25:00,28.154,0.997,88.912,408.231,
2026-03-29 04:30:00,30.983,1.006,138.024,587.514,
2026-03-29 04:35:00,30.44,0.945,138.621,1457.574,
2026-03-29 04:40:00,29.972,0.913,145.08,246.737,
2026-03-29 04:45:00,36.325,0.993,198.434,408.32,
2026-03-29 04:50:00,30.237,1.004,125.784,203.364,
2026-03-29 04:55:00,33.716,1.0,172.042,230.055,
2026-03-29 05:00:00,32.216,1.006,171.747,236.411,
2026-03-29 05:05:00,40.604,0.943,224.373,309.966,
2026-03-29 05:10:00,42.254,0.989,281.152,657.246,
2026-03-29 05:15:00,43.506,0.992,318.885,585.444,
2026-03-29 21:40:00,19.255,0.863,99.235,238.927,
2026-03-29 21:45:00,21.277,0.848,87.178,244.655,
2026-03-29 21:50:00,26.209,0.988,134.31,366.258,
2026-03-29 21:55:00,24.851,0.925,86.523,269.095,
2026-03-29 22:00:00,20.402,1.003,64.713,83.362,
2026-03-29 22:05:00,20.105,1.0,81.604,111.869,
2026-03-29 22:10:00,22.088,1.006,73.178,177.233,
2026-03-29 22:15:00,25.111,1.004,80.627,542.254,
2026-03-29 22:20:00,22.943,1.003,98.24,168.934,
2026-03-29 22:25:00,35.157,0.936,407.576,3941.289,
2026-03-29 22:30:00,35.112,1.005,225.26,123.15,
2026-03-29 22:35:00,47.178,1.002,340.777,117.703,
2026-03-29 22:40:00,50.539,0.982,410.316,240.661,
2026-03-29 22:45:00,42.872,0.987,259.245,1125.799,
2026-03-29 22:50:00,34.177,0.975,210.842,334.364,
2026-03-29 22:55:00,34.754,0.996,160.075,771.577,
2026-03-29 23:00:00,33.667,0.956,150.733,347.807,
2026-03-29 23:05:00,33.412,0.994,243.257,1529.985,
2026-03-29 23:10:00,21.537,1.006,77.146,418.923,
2026-03-29 23:15:00,25.179,1.005,129.41,252.538,
2026-03-29 23:20:00,52.659,0.951,446.222,652.281,
2026-03-29 23:25:00,38.636,0.983,279.677,395.207,
2026-03-29 23:30:00,39.644,0.96,197.592,377.552,
2026-03-29 23:35:00,42.868,1.005,301.377,231.355,
2026-03-29 23:40:00,43.868,0.997,317.225,376.556,
2026-03-29 23:45:00,42.97,1.005,280.105,273.484,
2026-03-29 23:50:00,42.509,1.005,243.46,176.3,
2026-03-29 23:55:00,41.355,0.939,206.088,975.943,
2026-03-30 00:00:00,29.524,0.93,93.765,1072.143,
2026-03-30 00:05:00,30.139,1.004,130.449,246.095,
2026-03-30 00:10:00,36.447,0.879,180.305,501.857,
2026-03-30 00:15:00,57.796,0.96,478.65,615.968,
2026-03-30 00:20:00,48.643,0.991,255.185,2078.497,
2026-03-30 00:25:00,47.607,1.001,388.156,288.771,
2026-03-30 00:30:00,50.077,1.004,327.611,213.268,
2026-03-30 00:35:00,52.127,0.969,365.704,1191.534,
2026-03-30 00:40:00,47.681,0.959,263.488,1185.63,
2026-03-30 00:45:00,26.523,1.004,92.987,402.737,
2026-03-30 00:50:00,31.739,1.001,147.808,1346.387,
2026-03-30 00:55:00,34.221,0.908,108.14,509.558,
2026-03-30 01:05:00,43.212,0.983,265.704,1185.753,
2026-03-30 01:10:00,41.965,0.991,235.713,474.328,
2026-03-30 01:15:00,49.107,1.0,337.804,500.277,
2026-03-30 01:20:00,42.431,0.99,286.056,2177.072,
2026-03-30 01:25:00,43.119,0.973,172.054,372.235,
2026-03-30 01:30:00,43.364,1.003,312.558,1064.197,
2026-03-30 01:35:00,44.761,1.004,247.447,1215.677,
2026-03-30 01:40:00,61.667,0.992,747.296,1370.696,
2026-03-30 01:45:00,66.22,0.988,683.042,1426.514,
2026-03-30 01:50:00,41.63,1.007,274.964,274.404,
2026-03-30 01:55:00,42.028,0.982,182.797,1049.398,
2026-03-30 02:00:00,47.008,1.005,329.038,405.228,
2026-03-30 02:05:00,46.124,1.002,325.654,231.97,
2026-03-30 02:10:00,46.919,1.006,290.653,364.335,
2026-03-30 02:15:00,55.258,0.997,473.438,364.288,
2026-03-30 02:20:00,50.576,0.984,344.279,1427.262,
2026-03-30 02:25:00,51.263,0.924,462.872,855.114,
2026-03-30 02:30:00,45.676,0.992,254.964,566.244,
2026-03-30 02:35:00,55.259,1.002,417.394,577.955,
2026-03-30 03:00:00,50.438,1.007,294.761,790.932,
2026-03-30 03:05:00,53.248,1.006,290.874,453.501,
2026-03-30 03:10:00,60.447,0.9,560.487,859.673,
2026-03-30 03:15:00,50.899,0.98,327.785,929.29,
2026-03-30 03:20:00,48.291,0.943,210.756,724.07,
2026-03-30 03:25:00,44.329,0.958,175.453,1102.839,
2026-03-30 03:30:00,44.487,0.941,281.126,2915.004,
2026-03-30 03:35:00,46.602,1.009,340.293,1247.675,
2026-03-30 03:40:00,46.557,0.999,281.423,622.372,
2026-03-30 03:45:00,49.003,0.978,291.339,1191.742,
2026-03-30 03:50:00,59.146,1.004,536.391,482.334,
2026-03-30 03:55:00,54.499,0.988,414.273,710.582,
2026-03-30 04:00:00,57.798,0.966,348.018,1799.981,
2026-03-30 04:05:00,51.289,1.004,301.87,440.018,
2026-03-30 04:10:00,59.696,1.007,581.937,945.559,
2026-03-30 04:15:00,48.68,1.0,280.831,540.654,
2026-03-30 04:20:00,50.347,1.005,406.707,414.267,
2026-03-30 04:25:00,56.789,0.984,401.82,1432.185,
2026-03-30 04:30:00,59.126,0.891,495.308,1420.136,
2026-03-30 04:35:00,48.704,0.95,417.367,1509.846,
2026-03-30 04:40:00,38.091,0.998,209.446,1751.943,
2026-03-30 04:45:00,29.249,1.007,92.691,395.498,
2026-03-30 04:50:00,39.611,0.966,206.164,578.548,
2026-03-30 04:55:00,25.346,0.969,100.865,418.84,
2026-03-30 05:00:00,20.499,0.966,52.06,216.884,
2026-03-30 05:10:00,36.277,0.968,246.069,557.167,
2026-03-30 05:15:00,31.929,0.98,127.579,722.206,
2026-03-30 05:20:00,32.664,0.969,125.103,761.743,
2026-03-30 05:25:00,43.36,0.994,255.4,867.167,
2026-03-30 05:30:00,37.765,0.906,170.13,638.819,
2026-03-30 05:35:00,27.104,0.977,65.206,209.263,
2026-03-30 05:40:00,36.013,0.974,161.084,1207.159,
2026-03-30 05:45:00,40.457,0.897,1217.51,5316.813,
2026-03-30 05:50:00,41.844,1.008,153.774,903.962,
2026-03-30 05:55:00,39.587,0.95,224.863,459.807,
2026-03-30 06:00:00,55.658,0.981,380.819,890.228,
2026-03-30 06:05:00,48.028,0.878,372.56,4001.437,
2026-03-30 06:15:00,51.441,0.898,363.939,3626.616,
2026-03-30 22:20:00,30.14,0.971,201.834,286.096,
2026-03-30 22:25:00,38.33,0.931,225.285,153.822,
2026-03-30 22:30:00,32.859,0.998,215.006,147.388,
2026-03-30 22:35:00,32.257,0.962,177.926,703.904,
2026-03-30 22:40:00,26.634,1.003,156.314,167.689,
2026-03-30 22:45:00,28.53,1.007,147.753,139.099,
2026-03-30 22:50:00,30.591,1.001,131.79,152.435,
2026-03-30 22:55:00,32.531,1.003,172.251,350.592,
2026-03-30 23:00:00,31.771,1.007,188.698,158.338,
2026-03-30 23:05:00,31.381,1.004,181.368,161.202,
2026-03-30 23:10:00,22.726,0.963,84.696,260.952,
2026-03-30 23:15:00,21.738,0.957,80.493,302.638,
2026-03-30 23:20:00,17.166,1.006,35.927,83.967,
2026-03-30 23:25:00,19.274,1.002,71.201,130.359,
2026-03-30 23:30:00,22.703,0.961,84.522,746.913,
2026-03-30 23:35:00,21.989,1.006,68.335,156.297,
2026-03-30 23:40:00,22.42,0.962,74.342,332.795,
2026-03-30 23:45:00,16.817,1.003,25.694,740.577,
2026-03-30 23:50:00,24.092,1.006,83.672,814.233,
2026-03-30 23:55:00,19.193,1.001,64.864,381.691,
2026-03-31 00:00:00,22.878,0.992,66.78,617.267,
2026-03-31 00:05:00,28.901,1.002,125.369,257.053,
2026-03-31 00:10:00,32.358,0.989,128.018,1207.35,
2026-03-31 00:15:00,26.46,1.006,67.272,291.825,
2026-03-31 00:20:00,36.082,0.977,192.482,172.21,
2026-03-31 00:25:00,38.033,1.003,198.392,210.549,
2026-03-31 00:30:00,37.829,1.004,174.203,331.305,
2026-03-31 00:35:00,44.45,0.941,264.451,2594.801,
2026-03-31 00:40:00,46.314,0.969,322.422,1104.115,
2026-03-31 00:45:00,44.206,1.007,277.117,161.103,
2026-03-31 00:50:00,53.265,1.003,461.871,782.827,
2026-03-31 01:00:00,53.351,0.962,347.196,1235.203,
2026-03-31 01:05:00,49.738,0.986,350.8,414.259,
2026-03-31 01:10:00,42.976,0.918,176.781,1715.302,
2026-03-31 01:15:00,27.131,0.991,132.503,326.678,
2026-03-31 01:20:00,24.619,0.992,79.105,436.003,
2026-03-31 01:25:00,21.056,0.97,45.688,223.87,
2026-03-31 01:30:00,22.899,0.961,135.416,1438.658,
2026-03-31 01:35:00,26.976,0.946,98.859,471.636,
2026-03-31 01:40:00,33.451,0.986,198.799,386.089,
2026-03-31 01:45:00,24.948,1.001,90.472,493.73,
2026-03-31 01:50:00,26.232,0.951,114.243,147.521,
2026-03-31 01:55:00,24.732,1.004,87.444,293.064,
2026-03-31 02:00:00,29.942,0.999,130.051,398.83,
2026-03-31 02:05:00,32.457,1.005,188.057,97.84,
2026-03-31 02:10:00,34.474,0.999,205.201,131.02,
2026-03-31 02:15:00,37.649,0.993,197.631,185.988,
2026-03-31 02:20:00,35.663,1.002,196.705,222.085,
2026-03-31 02:25:00,37.787,1.004,228.229,125.242,
2026-03-31 02:30:00,38.606,0.966,265.859,510.341,
2026-03-31 02:35:00,27.898,0.987,108.763,350.678,
2026-03-31 02:40:00,27.13,0.982,134.875,270.083,
2026-03-31 02:45:00,31.616,0.989,110.472,274.71,
2026-03-31 02:50:00,31.987,0.952,147.099,836.371,
2026-03-31 02:55:00,33.922,0.986,156.498,713.006,
2026-03-31 03:00:00,27.297,0.984,132.683,438.599,
2026-03-31 03:05:00,37.759,0.985,151.906,2029.023,
2026-03-31 03:10:00,30.84,0.973,148.089,1815.867,
2026-03-31 03:15:00,29.646,0.982,156.099,1122.493,
2026-03-31 03:20:00,24.68,0.989,57.106,1378.124,
2026-03-31 03:25:00,21.316,0.959,71.629,940.671,
2026-03-31 03:30:00,23.14,0.995,43.423,706.759,
2026-03-31 03:35:00,27.942,0.929,73.517,930.513,
2026-03-31 03:40:00,27.039,0.991,130.475,1012.846,
2026-03-31 03:45:00,24.35,0.989,103.799,1031.71,
2026-03-31 03:50:00,25.511,0.999,85.297,281.001,
2026-03-31 04:00:00,29.593,0.79,164.5,1128.187,
2026-03-31 04:05:00,32.485,1.005,179.878,362.575,
2026-03-31 04:10:00,28.802,0.989,145.378,624.296,
2026-03-31 04:15:00,28.755,0.983,171.906,229.034,
2026-03-31 04:20:00,31.069,1.002,168.303,179.032,
2026-03-31 04:25:00,31.275,0.992,170.238,171.556,
2026-03-31 04:30:00,23.796,1.004,86.606,197.836,
2026-03-31 04:35:00,27.209,1.003,119.79,274.856,
2026-03-31 04:40:00,27.727,1.008,143.128,133.393,
2026-03-31 04:45:00,27.121,0.971,82.983,766.393,
2026-03-31 04:50:00,33.342,0.946,118.459,1841.027,
2026-03-31 04:55:00,34.426,1.005,184.644,3518.878,
2026-03-31 05:00:00,33.048,0.953,218.849,495.501,
2026-03-31 05:05:00,34.027,0.907,118.071,1431.367,
2026-03-31 05:10:00,40.632,0.992,222.406,1495.013,
2026-03-31 05:15:00,38.357,0.965,151.638,709.038,
2026-03-31 05:20:00,47.563,0.955,241.188,3098.255,
2026-03-31 05:25:00,53.084,0.923,428.322,1251.734,
2026-03-31 05:30:00,45.023,0.908,195.348,1146.348,
2026-03-31 05:35:00,43.824,0.969,322.842,1508.2,
2026-03-31 05:40:00,59.244,0.965,487.799,1734.945,
2026-03-31 05:45:00,49.057,0.906,262.745,2418.217,
2026-03-31 05:50:00,45.336,0.978,263.008,1359.211,
2026-03-31 05:55:00,56.846,0.939,389.521,3322.954,
2026-03-31 06:00:00,47.708,0.823,335.605,2376.559,
2026-03-31 06:10:00,52.49,0.772,382.779,3485.692,
2026-03-31 23:05:00,18.597,0.866,61.549,512.709,
2026-03-31 23:10:00,28.289,0.919,150.313,226.346,
2026-03-31 23:15:00,28.817,1.007,142.016,192.019,
2026-03-31 23:20:00,29.85,1.002,149.737,120.593,
2026-03-31 23:25:00,30.015,1.001,160.484,68.157,
2026-03-31 23:30:00,26.377,1.005,111.898,125.629,
2026-03-31 23:35:00,26.655,1.004,134.398,116.261,
2026-03-31 23:40:00,27.059,0.988,143.425,490.387,
2026-03-31 23:45:00,26.144,0.989,122.562,181.035,
2026-03-31 23:50:00,26.977,1.004,129.685,170.97,
2026-03-31 23:55:00,25.006,0.999,112.037,157.548,
2026-04-01 00:00:00,25.454,0.909,84.205,421.699,
2026-04-01 00:05:00,24.175,1.004,102.825,183.312,
2026-04-01 00:10:00,21.988,0.983,75.736,932.884,
2026-04-01 00:15:00,22.738,0.965,67.039,232.432,
2026-04-01 00:20:00,20.277,0.992,60.132,321.137,
2026-04-01 00:25:00,20.71,1.002,37.423,454.576,
2026-04-01 00:30:00,22.648,0.964,73.609,235.972,
2026-04-01 00:35:00,24.32,1.001,70.045,1255.828,
2026-04-01 00:40:00,28.048,0.989,132.352,1839.461,
2026-04-01 00:45:00,25.847,1.002,98.026,111.484,
2026-04-01 00:50:00,31.3,1.005,159.125,250.014,
2026-04-01 00:55:00,34.012,1.001,205.577,248.554,
2026-04-01 01:00:00,35.449,1.006,157.545,136.578,
2026-04-01 01:05:00,31.021,1.004,138.602,173.192,
2026-04-01 01:10:00,34.732,1.002,171.879,155.04,
2026-04-01 01:15:00,33.772,1.0,196.04,99.892,
2026-04-01 01:20:00,33.856,1.001,192.337,119.96,
2026-04-01 01:25:00,39.793,0.936,229.305,1766.591,
2026-04-01 01:30:00,33.874,0.997,152.017,253.1,
2026-04-01 01:35:00,33.863,1.006,144.207,190.047,
2026-04-01 01:40:00,36.748,0.944,202.958,342.149,
2026-04-01 01:45:00,36.331,0.94,138.034,929.998,
2026-04-01 01:55:00,39.107,1.006,219.679,183.172,
2026-04-01 02:00:00,40.062,0.92,187.967,665.512,
2026-04-01 02:05:00,39.793,0.986,196.16,528.109,
2026-04-01 02:10:00,34.984,0.989,166.644,896.72,
2026-04-01 02:15:00,41.267,1.0,202.092,1241.975,
2026-04-01 02:20:00,33.179,0.976,135.795,557.945,
2026-04-01 02:25:00,30.047,0.999,92.243,499.177,
2026-04-01 02:40:00,45.162,0.985,512.862,2970.936,
2026-04-01 02:45:00,33.332,0.961,125.353,1158.845,
2026-04-01 02:50:00,33.285,0.943,112.034,865.385,
2026-04-01 02:55:00,29.118,1.0,96.623,142.652,
2026-04-01 03:10:00,37.311,0.978,219.825,224.215,
2026-04-01 03:15:00,34.669,0.979,203.776,315.482,
2026-04-01 03:20:00,39.68,1.006,236.897,114.185,
2026-04-01 03:25:00,38.423,1.002,226.054,122.731,
2026-04-01 03:30:00,40.472,0.988,198.039,149.165,
2026-04-01 03:35:00,39.032,0.989,233.131,142.926,
2026-04-01 03:40:00,39.455,0.972,239.39,167.109,
2026-04-01 03:45:00,35.186,0.884,162.134,531.278,
2026-04-01 03:50:00,48.318,0.978,363.506,873.021,
2026-04-01 03:55:00,44.854,0.942,274.777,357.414,
2026-04-01 04:00:00,35.874,0.929,146.865,1441.527,
2026-04-01 04:05:00,37.167,0.88,171.752,1484.142,
2026-04-01 04:20:00,35.308,0.969,157.303,2390.866,
2026-04-01 04:35:00,29.563,1.005,83.46,478.004,
2026-04-01 04:40:00,33.975,0.947,992.768,8482.016,
2026-04-01 04:45:00,28.931,0.976,120.812,326.619,
2026-04-01 04:50:00,36.08,0.864,218.71,1119.114,
2026-04-01 04:55:00,50.581,0.952,368.219,1198.01,
2026-04-01 05:00:00,48.901,0.986,411.179,850.506,
2026-04-01 05:05:00,46.286,0.981,348.134,318.415,
2026-04-01 05:10:00,44.98,1.004,364.548,904.423,
2026-04-01 05:15:00,45.438,0.988,805.453,4740.297,
2026-04-01 05:20:00,48.253,0.95,354.093,1540.386,
2026-04-01 05:25:00,46.187,0.946,229.23,1477.85,
2026-04-01 05:30:00,51.086,0.933,317.116,4174.327,
2026-04-01 05:35:00,55.745,0.96,417.248,1728.825,
2026-04-01 05:40:00,46.868,0.94,321.922,2195.814,
2026-04-01 05:45:00,41.25,0.96,186.925,1208.77,
2026-04-01 05:50:00,51.699,0.938,1251.811,3597.196,
2026-04-01 05:55:00,37.414,0.931,196.039,1167.612,
2026-04-01 06:00:00,53.253,0.84,424.917,852.949,
2026-04-01 06:05:00,42.421,0.733,271.547,2891.426,
2026-04-04 00:00:00,19.218,1.003,71.83,49.732,
2026-04-04 00:05:00,18.948,0.956,72.868,316.328,
2026-04-04 00:10:00,19.53,0.95,69.098,87.011,
2026-04-04 00:15:00,21.888,0.987,94.268,173.851,
2026-04-04 00:20:00,21.603,1.003,77.418,926.695,
2026-04-04 00:25:00,18.269,0.995,46.851,977.024,
2026-04-04 00:30:00,16.978,0.931,32.406,272.888,
2026-04-04 00:35:00,24.94,0.98,72.253,958.186,
2026-04-04 00:40:00,21.443,0.933,87.234,327.535,
2026-04-04 00:45:00,22.675,1.003,98.933,144.282,
2026-04-04 00:50:00,21.571,1.002,87.996,93.328,
2026-04-04 00:55:00,21.331,0.958,79.28,1270.437,
2026-04-04 01:00:00,25.206,0.929,82.589,1525.39,
2026-04-04 01:05:00,32.124,1.005,125.25,372.194,
2026-04-04 01:10:00,32.339,0.997,141.538,125.081,
2026-04-04 01:15:00,35.461,1.006,177.702,316.766,
2026-04-04 01:20:00,34.886,1.003,167.441,159.196,
2026-04-04 01:25:00,34.99,1.002,189.757,185.806,
2026-04-04 01:30:00,32.287,1.007,160.64,196.195,
2026-04-04 01:35:00,37.758,1.005,189.516,230.412,
2026-04-04 01:40:00,37.044,0.997,176.96,251.563,
2026-04-04 01:45:00,37.982,1.002,172.089,256.754,
2026-04-04 02:05:00,33.279,1.003,160.123,275.447,
2026-04-04 02:10:00,28.236,0.997,94.247,553.62,
2026-04-04 02:15:00,34.685,0.971,191.132,638.899,
2026-04-04 02:20:00,28.259,0.965,120.538,472.123,
2026-04-04 02:25:00,36.189,0.987,194.367,754.286,
2026-04-04 02:30:00,30.822,1.005,152.999,764.916,
2026-04-04 02:35:00,36.664,1.005,247.312,217.629,
2026-04-04 02:40:00,35.214,0.945,222.248,204.423,
2026-04-04 02:45:00,30.379,1.005,147.485,142.015,
2026-04-04 02:50:00,34.663,0.999,141.099,449.351,
2026-04-04 02:55:00,37.346,1.006,222.125,157.945,
2026-04-04 03:00:00,37.069,0.936,226.284,523.419,
2026-04-04 03:05:00,37.908,0.966,200.826,927.269,
2026-04-04 03:10:00,40.962,1.004,241.95,318.705,
2026-04-04 03:15:00,47.483,0.953,415.432,2138.417,
2026-04-04 03:20:00,33.269,1.005,145.125,2184.199,
2026-04-04 03:25:00,47.691,0.983,282.126,1221.901,
2026-04-04 03:30:00,38.394,0.985,194.861,363.617,
2026-04-04 03:35:00,45.715,0.985,310.256,1964.601,
2026-04-04 03:40:00,39.633,0.973,204.995,1742.131,
2026-04-04 03:45:00,41.009,0.902,165.808,1640.572,
2026-04-04 03:50:00,26.69,0.982,92.975,814.961,
2026-04-04 03:55:00,27.7,0.952,49.325,971.13,
2026-04-04 04:00:00,19.015,0.983,36.772,949.184,
2026-04-04 04:05:00,23.74,1.004,68.234,691.963,
2026-04-04 04:10:00,37.386,0.892,145.596,1072.567,
2026-04-04 04:15:00,50.825,0.973,280.94,1512.206,
2026-04-04 04:20:00,46.738,0.943,202.801,987.938,
2026-04-04 04:25:00,38.742,1.002,303.849,972.397,
2026-04-04 04:30:00,38.817,0.729,266.513,1421.919,
2026-04-04 04:40:00,32.817,0.976,180.259,518.023,
2026-04-04 04:45:00,39.653,0.959,199.484,556.394,
2026-04-04 04:50:00,51.225,0.987,299.984,460.588,
2026-04-04 04:55:00,46.378,0.951,259.721,3201.872,
2026-04-04 05:00:00,47.711,1.005,257.936,1366.39,
2026-04-04 05:05:00,51.412,0.971,391.61,1886.302,
2026-04-04 05:10:00,47.861,0.973,264.134,1923.526,
2026-04-04 05:15:00,56.017,0.987,395.8,939.848,
2026-04-04 05:20:00,44.111,1.004,317.351,650.731,
2026-04-04 05:25:00,49.236,1.001,329.746,352.174,
2026-04-04 05:30:00,52.215,1.003,361.037,323.158,
2026-04-04 05:35:00,41.989,0.977,277.582,342.612,
2026-04-04 05:40:00,40.982,0.945,296.953,1188.136,
2026-04-04 05:45:00,41.558,0.789,194.18,1799.096,
2026-04-04 05:50:00,23.743,0.907,67.517,1549.378,
2026-04-04 22:30:00,29.336,0.951,124.683,946.635,
2026-04-04 22:35:00,30.187,0.93,167.778,233.851,
2026-04-04 22:40:00,35.289,1.006,205.193,124.854,
2026-04-04 22:45:00,36.662,0.949,281.2,405.305,
2026-04-04 22:50:00,35.017,0.956,205.038,193.691,
2026-04-04 22:55:00,37.792,1.002,252.837,140.259,
2026-04-04 23:00:00,36.42,1.004,195.542,188.988,
2026-04-04 23:05:00,39.501,1.006,329.49,565.802,
2026-04-04 23:10:00,37.09,1.0,250.607,219.033,
2026-04-04 23:15:00,43.846,1.003,369.592,204.191,
2026-04-04 23:20:00,40.847,1.003,276.094,134.926,
2026-04-04 23:25:00,42.775,1.0,295.473,155.907,
2026-04-04 23:30:00,42.391,1.006,332.326,73.76,
2026-04-04 23:35:00,42.038,0.891,219.979,1537.059,
2026-04-04 23:40:00,30.643,0.969,153.923,541.199,
2026-04-04 23:45:00,30.331,0.995,141.582,993.378,
2026-04-04 23:50:00,26.392,1.004,113.643,530.804,
2026-04-04 23:55:00,29.513,1.003,116.017,949.148,
2026-04-05 00:00:00,33.279,0.973,126.391,989.511,
2026-04-05 00:05:00,34.855,1.0,193.901,943.728,
2026-04-05 00:10:00,40.979,0.988,283.202,1181.11,
2026-04-05 00:15:00,34.065,1.007,154.175,273.747,
2026-04-05 00:20:00,33.231,0.992,147.443,387.209,
2026-04-05 00:25:00,38.292,0.887,95.882,1148.154,
2026-04-05 00:30:00,33.98,0.937,124.845,653.702,
2026-04-05 00:35:00,30.682,0.998,103.077,247.049,
2026-04-05 00:40:00,41.908,0.984,205.375,575.439,
2026-04-05 00:45:00,44.223,0.981,298.252,3183.174,
2026-04-05 00:50:00,34.013,0.985,155.067,575.574,
2026-04-05 00:55:00,51.43,0.974,302.371,3215.173,
2026-04-05 01:00:00,32.158,0.998,147.65,1289.647,
2026-04-05 01:05:00,38.868,0.971,154.17,796.999,
2026-04-05 01:10:00,31.323,0.953,79.981,944.468,
2026-04-05 01:15:00,49.538,1.006,280.456,1057.023,
2026-04-05 01:20:00,45.749,0.961,202.083,1125.655,
2026-04-05 01:25:00,51.477,0.935,438.054,836.522,
2026-04-05 01:30:00,42.286,0.957,283.874,1033.412,
2026-04-05 01:35:00,33.509,0.972,166.527,191.393,
2026-04-05 01:40:00,48.795,0.933,292.443,929.382,
2026-04-05 01:45:00,87.754,0.933,1035.342,1548.858,
2026-04-05 01:50:00,47.377,0.872,252.403,965.725,
2026-04-05 01:55:00,43.217,0.934,307.789,1131.188,
2026-04-05 02:00:00,38.178,0.939,148.157,652.534,
2026-04-05 02:05:00,46.208,1.005,246.097,674.718,
2026-04-05 02:10:00,39.903,0.997,152.311,737.186,
2026-04-05 02:15:00,38.632,1.005,323.21,867.478,
2026-04-05 02:20:00,31.249,0.99,112.728,493.003,
2026-04-05 02:25:00,32.908,0.989,109.728,367.741,
2026-04-05 02:30:00,40.683,0.945,196.241,1070.283,
2026-04-05 02:35:00,38.29,1.002,230.698,453.126,
2026-04-05 02:40:00,44.704,1.001,248.35,660.478,
2026-04-05 02:45:00,51.723,0.956,461.282,1326.901,
2026-04-05 02:50:00,50.768,1.004,289.079,1550.24,
2026-04-05 02:55:00,53.686,0.986,444.117,535.082,
2026-04-05 03:00:00,49.691,1.006,356.361,709.26,
2026-04-05 03:05:00,50.79,1.002,420.155,638.654,
2026-04-05 03:10:00,59.367,1.003,514.181,425.362,
2026-04-05 03:15:00,59.522,0.973,430.597,896.059,
2026-04-05 03:20:00,64.862,1.002,720.995,232.749,
2026-04-05 03:25:00,67.744,0.989,666.473,357.292,
2026-04-05 03:30:00,54.058,0.986,384.196,2027.897,
2026-04-05 03:35:00,56.698,0.998,428.223,655.434,
2026-04-05 03:40:00,58.335,0.989,451.397,591.248,
2026-04-05 03:45:00,57.489,1.004,417.563,360.57,
2026-04-05 03:50:00,53.493,1.0,357.786,204.643,
2026-04-05 03:55:00,63.937,0.966,497.766,1620.876,
2026-04-05 04:00:00,52.478,1.003,349.348,2671.448,
2026-04-05 04:05:00,53.925,0.958,254.414,2084.68,
2026-04-05 04:10:00,47.67,0.902,242.621,1975.635,
2026-04-05 04:15:00,56.004,0.946,492.544,2548.978,
2026-04-05 04:20:00,57.743,0.926,478.496,1906.569,
2026-04-05 04:25:00,46.157,0.945,205.259,1219.257,
2026-04-05 04:30:00,56.68,0.99,438.261,2303.736,
2026-04-05 04:35:00,44.738,0.951,132.802,1363.286,
2026-04-05 04:40:00,46.697,0.995,233.477,944.197,
2026-04-05 04:45:00,35.479,1.007,113.959,295.058,
2026-04-05 04:50:00,69.195,0.89,668.654,3661.075,
2026-04-05 04:55:00,40.139,0.897,140.367,1385.762,
2026-04-05 05:05:00,51.23,0.838,529.767,609.461,
2026-04-05 23:00:00,24.404,0.9,91.014,510.551,
2026-04-05 23:05:00,35.639,0.934,223.726,225.35,
2026-04-05 23:10:00,30.071,1.002,175.717,313.587,
2026-04-05 23:15:00,31.744,0.942,174.03,345.504,
2026-04-05 23:20:00,30.221,1.005,151.456,191.565,
2026-04-05 23:25:00,35.155,1.002,185.318,203.964,
2026-04-05 23:30:00,35.938,0.987,190.312,275.779,
2026-04-05 23:35:00,37.433,0.946,209.579,361.755,
2026-04-05 23:40:00,29.007,1.002,148.346,161.557,
2026-04-05 23:45:00,29.615,0.968,131.792,160.707,
2026-04-05 23:50:00,30.489,0.987,108.361,433.475,
2026-04-05 23:55:00,31.271,1.004,135.131,276.981,
2026-04-06 00:00:00,31.374,1.003,109.153,387.44,
2026-04-06 00:05:00,29.321,1.003,111.222,753.218,
2026-04-06 00:10:00,28.398,1.004,100.329,905.521,
2026-04-06 00:15:00,30.266,0.969,115.957,1049.071,
2026-04-06 00:20:00,43.046,0.957,166.017,941.783,
2026-04-06 00:25:00,39.303,0.975,168.466,945.503,
2026-04-06 00:30:00,34.905,0.976,176.43,414.694,
2026-04-06 00:35:00,32.26,1.002,171.731,467.187,
2026-04-06 00:40:00,27.435,1.005,78.159,304.415,
2026-04-06 00:45:00,30.553,1.004,142.456,183.837,
2026-04-06 00:50:00,37.585,1.003,182.789,302.3,
2026-04-06 00:55:00,35.434,1.008,140.507,202.408,
2026-04-06 01:00:00,37.366,1.001,181.598,299.547,
2026-04-06 01:05:00,36.915,0.947,220.064,1303.023,
2026-04-06 01:10:00,42.846,1.004,229.617,278.2,
2026-04-06 01:15:00,45.438,0.951,245.053,2697.514,
2026-04-06 01:20:00,55.791,0.917,273.456,3229.318,
2026-04-06 01:25:00,34.86,1.005,205.759,318.888,
2026-04-06 01:30:00,41.967,0.895,151.784,1327.308,
2026-04-06 01:35:00,51.745,0.918,269.585,1378.083,
2026-04-06 01:40:00,63.573,0.966,580.454,760.467,
2026-04-06 01:45:00,40.008,0.921,150.969,1330.694,
2026-04-06 01:50:00,46.963,0.877,169.257,1656.263,
2026-04-06 01:55:00,55.178,0.92,357.076,2235.379,
2026-04-06 02:00:00,71.714,0.936,677.684,781.424,
2026-04-06 02:05:00,46.272,0.834,325.744,1047.447,
2026-04-06 02:10:00,32.456,0.984,170.031,726.895,
2026-04-06 02:15:00,35.017,0.941,156.989,736.691,
2026-04-06 02:20:00,36.784,0.949,162.184,914.906,
2026-04-06 02:25:00,35.863,0.983,120.655,552.075,
2026-04-06 02:30:00,25.744,1.004,86.945,776.168,
2026-04-06 02:35:00,30.736,1.006,95.212,1837.256,
2026-04-06 02:40:00,24.985,0.992,68.323,234.299,
2026-04-06 02:45:00,28.338,0.961,126.179,785.537,
2026-04-06 02:50:00,34.751,0.954,141.945,474.258,
2026-04-06 02:55:00,27.441,0.958,97.616,903.987,
2026-04-06 03:00:00,20.395,0.977,57.642,619.518,
2026-04-06 03:05:00,30.371,0.986,76.452,312.303,
2026-04-06 03:10:00,43.095,0.93,320.209,1485.391,
2026-04-06 03:15:00,40.51,0.994,180.354,905.391,
2026-04-06 03:20:00,43.101,0.921,159.508,586.364,
2026-04-06 03:25:00,43.435,1.003,309.436,1045.265,
2026-04-06 03:30:00,47.128,0.986,425.686,461.108,
2026-04-06 03:35:00,29.151,1.004,120.001,980.562,
2026-04-06 03:40:00,33.727,1.007,204.606,187.963,
2026-04-06 03:45:00,32.348,1.005,166.058,249.238,
2026-04-06 03:50:00,32.792,1.004,183.315,255.555,
2026-04-06 03:55:00,38.54,1.004,210.135,443.96,
2026-04-06 04:00:00,32.149,0.931,129.984,299.971,
2026-04-06 04:05:00,66.186,0.94,636.136,3104.472,
2026-04-06 04:10:00,56.395,0.981,358.419,979.186,
2026-04-06 04:15:00,52.513,0.902,414.831,1876.768,
2026-04-06 04:20:00,58.979,0.966,404.64,675.006,
2026-04-06 04:25:00,42.988,1.001,259.426,1129.073,
2026-04-06 04:30:00,42.767,0.937,272.813,2472.595,
2026-04-06 04:35:00,50.863,0.988,302.359,1896.729,
2026-04-06 04:40:00,42.556,0.957,179.79,2680.709,
2026-04-06 04:45:00,45.198,0.962,229.093,1754.205,
2026-04-06 04:50:00,53.787,0.986,356.434,3379.586,
2026-04-06 04:55:00,38.964,0.707,288.555,1929.665,
2026-04-06 05:00:00,38.465,0.704,832.924,2019.901,
2026-04-06 22:50:00,20.687,0.886,68.944,100.531,
2026-04-06 22:55:00,20.015,0.937,62.301,130.858,
2026-04-06 23:00:00,19.197,0.997,74.023,62.434,
2026-04-06 23:05:00,18.998,1.003,72.93,101.577,
2026-04-06 23:10:00,21.614,1.0,97.179,145.841,
2026-04-06 23:15:00,45.391,0.957,277.611,64.153,
2026-04-06 23:20:00,24.977,1.003,114.018,673.276,
2026-04-06 23:25:00,22.57,0.854,100.476,2467.003,
2026-04-06 23:30:00,22.284,1.002,110.743,279.366,
2026-04-06 23:35:00,25.496,0.985,108.746,419.608,
2026-04-06 23:40:00,21.823,0.993,79.341,623.754,
2026-04-06 23:45:00,24.337,0.935,81.484,682.06,
2026-04-06 23:50:00,24.448,1.003,86.767,878.353,
2026-04-06 23:55:00,23.996,1.003,107.3,635.817,
2026-04-07 00:00:00,22.131,1.0,40.508,747.885,
2026-04-07 00:05:00,24.785,0.999,99.025,673.365,
2026-04-07 00:10:00,26.048,0.997,98.956,1581.892,
2026-04-07 00:15:00,19.025,0.948,59.503,1757.463,
2026-04-07 00:20:00,19.277,1.002,56.945,1330.201,
2026-04-07 00:25:00,25.0,1.0,95.458,836.721,
2026-04-07 00:30:00,22.82,1.005,95.916,512.758,
2026-04-07 00:35:00,23.395,1.004,108.025,248.138,
2026-04-07 00:40:00,25.991,1.004,124.023,189.685,
2026-04-07 00:45:00,25.406,0.975,108.093,296.531,
2026-04-07 00:50:00,29.098,1.003,114.118,153.234,
2026-04-07 00:55:00,31.255,0.987,135.691,429.321,
2026-04-07 01:00:00,28.433,1.003,177.007,183.7,
2026-04-07 01:05:00,27.944,0.943,144.244,245.867,
2026-04-07 01:10:00,28.767,0.966,108.487,392.429,
2026-04-07 01:15:00,34.094,0.996,240.411,407.506,
2026-04-07 01:20:00,28.563,0.998,127.842,321.744,
2026-04-07 01:25:00,28.891,1.001,118.109,298.685,
2026-04-07 01:30:00,27.627,1.001,124.324,259.51,
2026-04-07 01:40:00,40.448,1.003,254.834,396.548,
2026-04-07 01:45:00,44.722,0.916,282.531,700.772,
2026-04-07 01:50:00,46.216,0.929,374.521,1295.246,
2026-04-07 01:55:00,40.336,1.001,243.06,252.455,
2026-04-07 02:00:00,33.182,1.002,159.887,1303.143,
2026-04-07 02:05:00,31.82,0.993,118.557,935.848,
2026-04-07 02:10:00,29.392,1.003,122.846,885.831,
2026-04-07 02:15:00,31.121,0.979,120.57,1940.601,
2026-04-07 02:20:00,42.733,0.921,284.653,1177.559,
2026-04-07 02:25:00,29.327,0.972,136.873,337.978,
2026-04-07 02:30:00,30.1,0.974,187.857,4473.009,
2026-04-07 02:35:00,29.926,0.932,134.332,372.687,
2026-04-07 02:40:00,38.752,0.923,299.13,4673.102,
2026-04-07 02:45:00,40.726,1.0,252.521,504.222,
2026-04-07 02:50:00,38.011,0.979,245.542,3360.878,
2026-04-07 02:55:00,30.118,0.973,123.002,374.727,
2026-04-07 03:00:00,38.519,0.953,217.864,5101.136,
2026-04-07 03:05:00,33.133,1.007,174.581,483.223,
2026-04-07 03:10:00,33.057,0.907,180.87,5394.935,
2026-04-07 03:15:00,35.595,0.978,174.359,869.521,
2026-04-07 03:20:00,38.942,1.004,267.157,276.223,
2026-04-07 03:25:00,33.922,0.982,223.025,546.802,
2026-04-07 03:30:00,37.165,1.0,271.611,344.818,
2026-04-07 03:35:00,34.35,1.005,223.38,238.984,
2026-04-07 03:40:00,36.12,0.998,217.851,241.828,
2026-04-07 03:45:00,34.822,0.965,419.356,4313.954,
2026-04-07 03:50:00,38.048,0.93,190.579,1194.23,
2026-04-07 03:55:00,32.681,1.006,195.659,2058.546,
2026-04-07 04:00:00,20.8,0.904,129.484,1003.776,
2026-04-07 04:05:00,30.613,0.962,330.854,2931.222,
2026-04-07 04:10:00,26.111,0.926,62.884,1113.949,
2026-04-07 04:15:00,31.045,0.941,210.12,1190.763,
2026-04-07 04:20:00,28.71,0.94,144.622,1604.279,
2026-04-07 04:25:00,34.128,0.941,114.768,801.284,
2026-04-07 04:30:00,37.875,0.942,301.092,1202.292,
2026-04-07 04:35:00,43.353,1.004,356.35,1769.808,
2026-04-07 04:40:00,40.499,0.957,443.845,5997.377,
2026-04-07 04:45:00,35.993,0.925,188.347,5139.182,
2026-04-07 04:50:00,37.829,0.923,150.795,1075.126,
2026-04-07 04:55:00,33.264,0.972,396.743,3098.467,
2026-04-07 22:15:00,27.378,0.934,175.532,127.506,
2026-04-07 22:20:00,31.254,0.92,246.82,1568.83,
2026-04-07 22:25:00,22.535,0.873,82.848,79.8,
2026-04-07 22:30:00,21.17,1.003,90.683,115.216,
2026-04-07 22:35:00,22.75,1.001,92.424,144.492,
2026-04-07 22:40:00,23.965,1.005,97.513,84.098,
2026-04-07 22:45:00,20.904,1.004,75.534,139.726,
2026-04-07 22:50:00,20.176,1.005,73.004,110.432,
2026-04-07 22:55:00,25.235,0.961,103.78,624.828,
2026-04-07 23:00:00,22.537,1.005,78.708,546.495,
2026-04-07 23:05:00,23.655,0.985,82.517,546.663,
2026-04-07 23:10:00,22.253,1.003,78.123,486.925,
2026-04-07 23:15:00,25.873,0.843,76.678,278.543,
2026-04-07 23:20:00,17.434,1.002,78.546,181.804,
2026-04-07 23:25:00,20.477,0.965,76.194,520.373,
2026-04-07 23:30:00,16.593,0.979,57.18,596.569,
2026-04-07 23:35:00,16.686,0.978,31.099,396.095,
2026-04-07 23:40:00,16.739,1.005,41.961,314.742,
2026-04-07 23:45:00,21.217,1.004,69.286,205.653,
2026-04-07 23:50:00,22.216,0.987,79.688,525.943,
2026-04-07 23:55:00,18.885,1.006,49.013,226.329,
2026-04-08 00:00:00,19.357,1.0,48.033,208.221,
2026-04-08 00:05:00,18.513,1.001,58.741,104.964,
2026-04-08 00:10:00,19.912,1.003,50.139,133.52,
2026-04-08 00:15:00,32.504,0.956,151.94,541.43,
2026-04-08 00:20:00,47.506,0.988,394.442,317.179,
2026-04-08 00:25:00,39.798,1.005,248.727,294.884,
2026-04-08 00:30:00,33.756,0.813,171.786,242.402,
2026-04-08 00:40:00,23.709,1.006,72.492,237.085,
2026-04-08 00:45:00,24.758,0.944,80.123,407.509,
2026-04-08 00:50:00,22.286,1.001,70.169,1969.729,
2026-04-08 00:55:00,24.367,0.764,46.678,453.737,
2026-04-08 01:00:00,28.731,1.001,115.736,711.514,
2026-04-08 01:05:00,32.594,1.007,90.562,823.361,
2026-04-08 01:10:00,35.72,0.946,139.326,534.385,
2026-04-08 01:15:00,36.476,0.965,186.846,1096.464,
2026-04-08 01:20:00,40.68,0.917,234.88,918.521,
2026-04-08 01:25:00,46.101,0.99,258.727,1636.542,
2026-04-08 01:30:00,42.902,1.003,260.372,1127.854,
2026-04-08 01:35:00,47.639,0.988,266.723,1826.887,
2026-04-08 01:40:00,54.355,0.935,423.919,961.435,
2026-04-08 01:45:00,34.118,1.003,144.074,417.783,
2026-04-08 01:50:00,24.231,1.006,97.122,165.983,
2026-04-08 01:55:00,30.073,1.003,188.021,198.74,
2026-04-08 02:00:00,25.919,0.992,122.009,212.168,
2026-04-08 02:05:00,29.411,0.968,159.617,1280.736,
2026-04-08 02:10:00,28.262,0.987,177.873,937.651,
2026-04-08 02:15:00,26.321,1.004,88.235,104.251,
2026-04-08 02:20:00,26.156,0.987,117.751,511.579,
2026-04-08 02:25:00,28.001,0.949,125.126,1535.263,
2026-04-08 02:30:00,25.155,1.004,104.335,167.141,
2026-04-08 02:35:00,20.371,1.005,76.957,1488.595,
2026-04-08 02:40:00,20.546,0.974,34.916,607.321,
2026-04-08 02:45:00,17.775,0.962,39.715,201.678,
2026-04-08 02:50:00,20.474,0.976,158.521,1191.757,
2026-04-08 02:55:00,22.023,0.994,154.575,2434.964,
2026-04-08 03:00:00,25.57,0.883,130.058,1075.671,
2026-04-08 03:05:00,29.981,0.974,105.363,467.403,
2026-04-08 03:10:00,32.303,0.841,102.189,614.278,
2026-04-08 03:15:00,33.536,0.744,222.142,765.064,
2026-04-08 03:40:00,41.627,1.002,328.615,468.296,
2026-04-08 03:45:00,40.683,1.006,292.229,111.015,
2026-04-08 03:50:00,40.948,1.002,329.286,188.151,
2026-04-08 03:55:00,45.098,0.979,333.11,175.726,
2026-04-08 04:00:00,47.634,0.888,378.44,1052.7,
2026-04-08 04:05:00,38.001,0.961,264.693,675.787,
2026-04-08 04:10:00,39.176,0.939,190.907,1563.708,
2026-04-08 04:15:00,35.782,0.93,125.355,2665.861,
2026-04-08 04:20:00,30.495,0.949,171.134,1931.124,
2026-04-08 04:25:00,33.133,1.004,141.523,2034.155,
2026-04-08 04:30:00,32.831,1.004,146.114,1198.203,
2026-04-08 04:35:00,40.732,0.86,172.761,3354.499,
2026-04-08 04:40:00,30.386,0.976,153.078,531.011,
2026-04-08 04:45:00,39.497,0.919,199.399,1607.266,
2026-04-08 04:50:00,36.98,0.949,188.686,2092.632,
2026-04-08 04:55:00,40.36,0.938,161.797,3511.379,
2026-04-08 05:00:00,41.793,0.949,196.842,1958.781,
2026-04-08 05:05:00,56.14,0.782,426.426,4606.241,
2026-04-08 22:10:00,25.036,0.935,137.016,205.205,
2026-04-08 22:15:00,33.058,0.889,205.016,133.222,
2026-04-08 22:20:00,24.837,0.98,156.836,266.706,
2026-04-08 22:25:00,26.017,1.005,122.542,150.515,
2026-04-08 22:30:00,29.209,1.004,145.649,466.669,
2026-04-08 22:35:00,25.139,1.002,107.666,117.598,
2026-04-08 22:40:00,25.054,1.001,122.331,159.765,
2026-04-08 22:45:00,25.369,1.005,115.052,120.741,
2026-04-08 22:50:00,24.406,1.001,100.183,169.165,
2026-04-08 22:55:00,21.786,1.004,83.991,115.639,
2026-04-08 23:00:00,23.904,1.005,88.653,154.403,
2026-04-08 23:05:00,24.893,0.986,109.844,190.832,
2026-04-08 23:25:00,20.514,1.002,51.581,801.403,
2026-04-08 23:30:00,23.298,0.991,93.918,658.495,
2026-04-08 23:35:00,25.083,1.005,93.564,135.954,
2026-04-08 23:40:00,25.695,0.997,135.471,110.728,
2026-04-08 23:45:00,23.836,1.004,105.335,161.676,
2026-04-08 23:50:00,22.757,1.002,82.655,128.677,
2026-04-08 23:55:00,33.034,0.93,154.409,411.279,
2026-04-09 00:00:00,29.542,1.0,142.093,124.534,
2026-04-09 00:05:00,35.608,1.002,214.804,129.751,
2026-04-09 00:10:00,33.467,0.985,150.522,428.468,
2026-04-09 00:15:00,25.811,0.948,101.279,155.361,
2026-04-09 00:20:00,31.332,1.004,138.813,144.868,
2026-04-09 00:25:00,27.003,0.972,85.517,170.949,
2026-04-09 00:30:00,25.25,0.916,65.893,538.826,
2026-04-09 00:35:00,23.296,0.96,63.849,353.264,
2026-04-09 00:40:00,20.154,1.007,59.673,151.993,
2026-04-09 00:45:00,22.696,0.858,119.755,747.698,
2026-04-09 00:50:00,23.185,1.003,103.33,225.958,
2026-04-09 00:55:00,23.202,0.996,77.374,168.404,
2026-04-09 01:00:00,22.597,0.982,82.986,140.215,
2026-04-09 01:05:00,27.11,0.926,101.591,1067.868,
2026-04-09 01:10:00,24.36,0.986,85.723,478.665,
2026-04-09 01:15:00,20.04,0.987,73.098,483.947,
2026-04-09 01:20:00,19.226,1.005,57.176,381.123,
2026-04-09 01:25:00,26.959,0.999,92.059,706.008,
2026-04-09 01:30:00,33.705,0.932,163.053,599.87,
2026-04-09 01:35:00,20.476,0.921,34.685,192.67,
2026-04-09 01:40:00,39.503,0.955,175.596,347.783,
2026-04-09 01:45:00,33.373,0.975,166.678,747.085,
2026-04-09 01:50:00,33.575,0.969,110.305,874.815,
2026-04-09 01:55:00,39.698,0.946,170.565,1088.199,
2026-04-09 02:00:00,33.867,1.007,216.062,313.464,
2026-04-09 02:05:00,33.77,0.984,136.883,850.917,
2026-04-09 02:10:00,31.409,0.99,134.117,219.479,
2026-04-09 02:15:00,47.256,0.955,326.057,587.61,
2026-04-09 02:20:00,42.825,1.002,291.102,311.414,
2026-04-09 02:25:00,45.725,0.996,309.32,220.204,
2026-04-09 02:30:00,48.975,1.004,315.639,351.919,
2026-04-09 02:35:00,47.183,1.005,259.979,388.387,
2026-04-09 02:40:00,41.711,0.99,212.01,305.789,
2026-04-09 02:45:00,28.931,0.907,108.388,463.09,
2026-04-09 02:50:00,39.334,0.985,213.775,284.562,
2026-04-09 02:55:00,39.277,0.987,182.019,333.37,
2026-04-09 03:00:00,48.463,0.907,270.474,1834.547,
2026-04-09 03:05:00,42.476,1.006,237.218,313.674,
2026-04-09 03:10:00,49.001,0.948,248.878,866.125,
2026-04-09 03:15:00,43.513,0.908,285.584,1435.15,
2026-04-09 03:20:00,29.194,0.977,113.196,1076.078,
2026-04-09 03:25:00,26.799,0.977,139.732,1612.685,
2026-04-09 03:30:00,26.711,0.975,94.381,1400.499,
2026-04-09 03:35:00,30.863,0.956,138.377,1330.766,
2026-04-09 03:40:00,28.397,1.0,88.015,1099.457,
2026-04-09 03:45:00,34.444,0.904,176.239,1064.141,
2026-04-09 03:50:00,37.373,0.985,122.353,246.157,
2026-04-09 03:55:00,32.458,0.999,134.369,1454.406,
2026-04-09 04:00:00,73.47,0.809,801.593,2539.013,
2026-04-09 04:05:00,77.252,0.929,989.265,764.504,
2026-04-09 04:10:00,62.203,0.986,412.551,1355.951,
2026-04-09 04:15:00,56.712,1.002,464.027,381.844,
2026-04-09 04:20:00,67.04,0.985,555.908,405.428,
2026-04-09 04:25:00,64.619,0.955,501.993,1114.0,
2026-04-09 04:30:00,55.796,0.94,308.287,2405.15,
2026-04-09 04:35:00,78.956,0.914,648.174,3622.745,
2026-04-09 04:40:00,61.615,0.905,326.512,2059.371,
2026-04-09 04:45:00,67.236,0.872,466.642,2906.597,
2026-04-09 04:50:00,58.801,0.84,293.953,2593.161,
2026-04-09 23:00:00,27.443,0.947,114.263,128.34,
2026-04-09 23:05:00,25.901,0.913,98.268,229.782,
2026-04-09 23:10:00,25.773,0.849,136.855,131.702,
2026-04-09 23:15:00,26.288,1.005,138.715,127.941,
2026-04-09 23:20:00,28.668,0.987,160.019,705.16,
2026-04-09 23:25:00,26.391,1.001,115.112,125.092,
2026-04-09 23:30:00,26.094,1.006,101.882,138.128,
2026-04-09 23:35:00,26.65,0.998,120.981,144.952,
2026-04-09 23:40:00,25.195,0.965,82.856,219.935,
2026-04-09 23:45:00,25.842,1.005,120.647,192.333,
2026-04-09 23:50:00,24.197,1.002,80.697,128.802,
2026-04-09 23:55:00,28.776,1.005,136.691,161.339,
2026-04-10 00:00:00,30.652,0.998,150.36,291.299,
2026-04-10 00:05:00,28.18,0.981,133.833,465.141,
2026-04-10 00:10:00,30.104,0.969,173.81,741.285,
2026-04-10 00:15:00,26.464,1.001,57.57,624.193,
2026-04-10 00:20:00,32.524,0.972,152.795,813.641,
2026-04-10 00:25:00,32.348,0.971,136.155,852.183,
2026-04-10 00:30:00,28.863,0.973,79.204,430.773,
2026-04-10 00:35:00,31.01,0.971,111.757,287.092,
2026-04-10 00:40:00,31.614,0.964,105.686,523.415,
2026-04-10 00:45:00,29.071,0.92,102.107,579.166,
2026-04-10 00:50:00,35.653,0.983,197.847,378.243,
2026-04-10 00:55:00,35.244,1.004,231.569,340.776,
2026-04-10 01:00:00,32.544,0.959,158.785,454.574,
2026-04-10 01:05:00,33.852,1.003,179.463,248.451,
2026-04-10 01:10:00,34.247,1.006,161.275,269.236,
2026-04-10 01:15:00,33.936,1.001,188.028,151.038,
2026-04-10 01:20:00,34.403,0.997,154.223,184.567,
2026-04-10 01:25:00,38.285,1.006,174.529,155.26,
2026-04-10 01:30:00,33.894,0.998,174.24,254.795,
2026-04-10 01:35:00,49.841,0.881,347.583,2542.341,
2026-04-10 01:40:00,46.294,1.007,243.489,247.017,
2026-04-10 01:45:00,55.662,0.955,348.098,1809.652,
2026-04-10 01:50:00,42.894,0.974,235.732,210.376,
2026-04-10 01:55:00,41.389,1.003,207.922,230.625,
2026-04-10 02:00:00,45.42,0.977,269.234,1021.515,
2026-04-10 02:05:00,47.332,0.899,203.381,2036.541,
2026-04-10 02:10:00,26.276,0.989,95.239,1085.829,
2026-04-10 02:15:00,24.286,0.987,89.598,182.285,
2026-04-10 02:20:00,15.276,1.002,18.509,234.821,
2026-04-10 02:25:00,21.413,0.998,69.587,359.004,
2026-04-10 02:30:00,23.741,0.939,142.498,2559.526,
2026-04-10 02:35:00,34.149,0.945,174.626,304.858,
2026-04-10 02:40:00,28.653,0.967,72.876,647.754,
2026-04-10 02:45:00,30.387,0.985,124.49,442.645,
2026-04-10 02:50:00,23.422,0.986,80.085,838.044,
2026-04-10 02:55:00,28.079,0.966,141.888,907.861,
2026-04-10 03:00:00,27.161,0.995,111.633,260.118,
2026-04-10 03:05:00,29.061,1.005,143.885,330.869,
2026-04-10 03:10:00,29.088,1.002,161.101,631.164,
2026-04-10 03:15:00,29.247,1.002,196.814,1133.017,
2026-04-10 03:20:00,32.889,0.985,187.819,697.755,
2026-04-10 03:25:00,27.173,1.002,135.361,119.425,
2026-04-10 03:30:00,29.435,1.005,143.643,228.411,
2026-04-10 03:35:00,29.009,1.0,143.994,191.105,
2026-04-10 03:40:00,27.659,0.982,151.208,477.857,
2026-04-10 03:45:00,22.813,0.944,67.973,512.736,
2026-04-10 03:50:00,28.273,1.005,176.032,223.6,
2026-04-10 03:55:00,27.649,0.986,171.651,1210.858,
2026-04-10 04:00:00,34.54,0.768,249.936,2786.62,
2026-04-10 04:05:00,32.097,1.0,149.368,1147.611,
2026-04-10 04:10:00,29.564,0.958,159.826,673.777,
2026-04-10 04:15:00,29.339,0.939,119.857,773.825,
2026-04-10 04:20:00,30.837,0.938,124.566,1845.422,
2026-04-10 04:25:00,32.888,0.913,198.992,1406.331,
2026-04-10 04:30:00,44.62,0.947,269.943,1299.944,
2026-04-10 04:35:00,42.269,0.933,284.356,1056.179,
2026-04-10 04:40:00,51.1,0.993,294.154,1999.621,
2026-04-10 04:45:00,43.855,0.981,276.531,1233.975,
2026-04-10 04:50:00,43.088,0.853,161.207,4682.084,
2026-04-10 04:55:00,29.105,0.79,180.828,891.168,
2026-04-10 05:00:00,29.112,0.783,174.012,1394.181,
2026-04-10 22:55:00,14.784,0.966,25.659,338.788,
2026-04-10 23:00:00,22.356,0.929,79.914,183.324,
2026-04-10 23:05:00,28.655,1.006,168.173,128.581,
2026-04-10 23:10:00,28.418,0.934,133.215,415.173,
2026-04-10 23:15:00,24.604,0.858,90.057,231.873,
2026-04-10 23:20:00,24.853,1.006,99.323,184.675,
2026-04-10 23:25:00,24.676,1.002,118.926,174.953,
2026-04-10 23:30:00,23.391,1.003,82.923,113.124,
2026-04-10 23:35:00,21.45,0.985,94.854,190.382,
2026-04-10 23:40:00,18.042,1.004,55.049,84.965,
2026-04-10 23:45:00,20.14,1.005,61.638,199.412,
2026-04-10 23:50:00,20.132,0.918,57.644,181.588,
2026-04-10 23:55:00,24.386,0.996,106.492,173.712,
2026-04-11 00:00:00,18.741,0.966,71.266,904.261,
2026-04-11 00:05:00,20.889,0.955,71.48,294.081,
2026-04-11 00:10:00,16.409,1.004,28.712,260.322,
2026-04-11 00:15:00,14.765,0.985,38.641,236.802,
2026-04-11 00:20:00,13.236,1.007,18.107,245.852,
2026-04-11 00:25:00,17.26,0.968,33.815,770.723,
2026-04-11 00:30:00,28.279,1.003,243.337,239.205,
2026-04-11 00:35:00,28.168,1.004,150.394,610.14,
2026-04-11 00:40:00,21.374,1.004,93.258,266.046,
2026-04-11 00:45:00,22.371,1.003,134.812,1588.045,
2026-04-11 00:50:00,17.668,1.003,56.627,72.875,
2026-04-11 00:55:00,16.289,1.006,37.064,227.818,
2026-04-11 01:00:00,22.294,0.931,98.389,1460.04,
2026-04-11 01:05:00,22.873,1.002,91.806,110.022,
2026-04-11 01:10:00,25.775,1.003,112.462,169.544,
2026-04-11 01:15:00,29.525,0.951,108.434,752.602,
2026-04-11 01:20:00,30.352,1.003,126.634,115.877,
2026-04-11 01:25:00,31.937,1.003,169.088,124.23,
2026-04-11 01:30:00,31.423,0.997,155.15,177.815,
2026-04-11 01:35:00,28.806,1.003,168.06,226.055,
2026-04-11 01:40:00,29.127,1.003,153.096,103.963,
2026-04-11 01:45:00,35.627,1.004,228.631,109.684,
2026-04-11 01:50:00,29.839,0.957,158.821,1115.984,
2026-04-11 01:55:00,25.967,1.003,115.072,1553.597,
2026-04-11 02:00:00,21.818,0.997,77.393,917.934,
2026-04-11 02:05:00,33.636,0.966,144.199,397.115,
2026-04-11 02:10:00,27.306,0.991,136.821,1261.166,
2026-04-11 02:15:00,21.175,0.947,47.187,1302.508,
2026-04-11 02:20:00,19.813,1.003,84.057,80.254,
2026-04-11 02:25:00,19.933,1.005,79.741,100.108,
2026-04-11 02:30:00,17.987,1.002,87.833,89.117,
2026-04-11 02:35:00,23.059,0.996,118.072,240.561,
2026-04-11 02:40:00,24.946,0.941,141.591,277.192,
2026-04-11 02:45:00,21.981,0.998,69.976,246.549,
2026-04-11 02:50:00,26.832,0.977,119.467,475.699,
2026-04-11 02:55:00,25.843,0.978,99.678,195.933,
2026-04-11 03:00:00,25.056,0.948,83.749,306.945,
2026-04-11 03:05:00,25.389,0.92,109.855,341.468,
2026-04-11 03:10:00,26.426,0.982,123.316,2687.805,
2026-04-11 03:15:00,27.43,0.988,196.101,1097.25,
2026-04-11 03:20:00,24.902,1.004,89.256,334.999,
2026-04-11 03:25:00,23.703,0.939,108.673,211.615,
2026-04-11 03:30:00,27.034,0.955,95.631,1279.263,
2026-04-11 03:35:00,28.207,0.98,92.589,584.858,
2026-04-11 03:40:00,33.029,0.928,89.977,1318.676,
2026-04-11 03:45:00,28.132,0.99,92.011,786.859,
2026-04-11 03:50:00,22.784,0.973,79.744,478.614,
2026-04-11 03:55:00,20.308,0.962,67.923,109.993,
2026-04-11 04:00:00,25.165,1.0,71.902,1590.95,
2026-04-11 04:05:00,24.877,0.983,86.074,656.113,
2026-04-11 04:10:00,24.422,0.991,136.016,1549.131,
2026-04-11 04:15:00,33.204,0.947,184.939,1358.226,
2026-04-11 04:20:00,31.014,0.989,135.072,3983.988,
2026-04-11 04:25:00,30.701,1.004,147.864,429.751,
2026-04-11 04:30:00,37.318,0.947,241.748,1836.324,
2026-04-11 04:35:00,29.65,0.964,137.061,277.335,
2026-04-11 04:40:00,35.8,0.966,166.396,388.555,
2026-04-11 04:45:00,33.495,0.931,179.615,207.613,
2026-04-11 04:50:00,37.838,0.871,238.496,317.568,
2026-04-11 04:55:00,28.32,0.979,109.458,873.092,
2026-04-11 05:00:00,38.73,0.818,215.844,2479.753,
2026-04-11 05:05:00,32.154,0.879,296.758,3477.225,
2026-04-12 00:00:00,23.559,0.935,96.861,1081.415,
2026-04-12 00:05:00,21.469,0.993,67.81,231.974,
2026-04-12 00:10:00,20.819,1.003,60.982,465.45,
2026-04-12 00:15:00,24.465,0.965,61.714,318.911,
2026-04-12 00:20:00,20.599,0.956,58.165,677.572,
2026-04-12 00:25:00,20.983,1.003,90.92,115.127,
2026-04-12 00:30:00,24.039,1.005,88.043,140.432,
2026-04-12 00:35:00,21.059,1.0,66.581,148.816,
2026-04-12 00:40:00,29.052,0.946,102.634,1427.362,
2026-04-12 00:45:00,33.286,1.003,158.538,93.713,
2026-04-12 00:50:00,31.926,0.974,156.4,199.944,
2026-04-12 00:55:00,32.053,0.936,162.359,1239.631,
2026-04-12 01:00:00,31.001,0.967,156.016,626.62,
2026-04-12 01:05:00,32.491,0.987,242.472,1849.566,
2026-04-12 01:10:00,31.046,0.967,147.443,378.62,
2026-04-12 01:15:00,26.793,0.987,155.832,1611.034,
2026-04-12 01:20:00,25.245,0.969,92.857,147.796,
2026-04-12 01:25:00,25.84,1.003,127.423,164.933,
2026-04-12 01:30:00,29.651,0.931,117.298,617.944,
2026-04-12 01:35:00,30.781,0.94,171.65,1010.512,
2026-04-12 01:40:00,23.725,0.965,75.434,436.804,
2026-04-12 01:45:00,24.69,0.907,97.299,1190.988,
2026-04-12 01:50:00,19.331,0.976,59.888,210.966,
2026-04-12 01:55:00,26.851,0.984,96.835,459.818,
2026-04-12 02:00:00,19.921,0.974,39.491,349.573,
2026-04-12 02:05:00,29.748,0.972,142.395,757.173,
2026-04-12 02:10:00,24.778,0.97,86.061,696.183,
2026-04-12 02:15:00,26.937,1.006,123.965,227.099,
2026-04-12 02:20:00,28.869,0.98,107.836,408.51,
2026-04-12 02:25:00,23.823,1.005,90.464,312.547,
2026-04-12 02:30:00,26.61,1.005,107.802,110.907,
2026-04-12 02:35:00,26.913,1.001,119.897,206.579,
2026-04-12 02:40:00,24.989,1.007,118.889,73.529,
2026-04-12 02:45:00,27.987,0.974,173.996,1446.919,
2026-04-12 02:50:00,26.747,0.952,116.231,1434.03,
2026-04-12 02:55:00,25.118,1.004,138.798,214.857,
2026-04-12 03:00:00,27.562,0.995,150.769,814.298,
2026-04-12 03:05:00,25.709,0.914,152.498,800.919,
2026-04-12 03:10:00,27.865,0.985,137.168,514.199,
2026-04-12 03:15:00,28.225,0.926,106.182,1003.552,
2026-04-12 03:20:00,35.384,0.997,195.557,2815.251,
2026-04-12 03:25:00,32.957,0.984,123.094,678.554,
2026-04-12 03:30:00,34.026,0.992,77.076,1245.906,
2026-04-12 03:35:00,33.51,1.005,159.292,1926.451,
2026-04-12 03:50:00,36.99,1.003,190.757,1379.068,
2026-04-12 03:55:00,32.443,0.93,108.794,762.441,
2026-04-12 04:10:00,31.794,0.99,214.94,381.527,
2026-04-12 04:15:00,28.5,0.986,117.648,161.912,
2026-04-12 04:20:00,29.816,0.947,153.899,1744.008,
2026-04-12 04:25:00,31.665,1.004,163.595,584.649,
2026-04-12 04:30:00,27.096,0.975,132.018,428.168,
2026-04-12 04:35:00,27.108,0.873,69.961,1767.224,
2026-04-12 04:40:00,31.105,0.874,164.884,1697.91,
2026-04-12 04:45:00,28.214,0.817,136.698,1281.61,
2026-04-12 04:50:00,31.721,0.951,86.042,1736.278,
2026-04-12 04:55:00,37.811,0.857,329.18,1721.783,
2026-04-12 23:10:00,32.808,0.921,224.719,131.054,
2026-04-12 23:15:00,35.11,0.959,219.738,119.926,
2026-04-12 23:20:00,36.951,0.969,180.411,210.66,
2026-04-12 23:25:00,33.619,1.006,190.978,155.43,
2026-04-12 23:30:00,32.968,0.999,182.545,203.081,
2026-04-12 23:35:00,34.136,1.004,208.094,97.801,
2026-04-12 23:40:00,33.114,0.916,177.126,249.527,
2026-04-12 23:45:00,22.655,1.007,80.675,86.858,
2026-04-12 23:50:00,26.139,1.004,104.626,216.77,
2026-04-12 23:55:00,26.223,1.0,102.891,306.222,
2026-04-13 00:00:00,33.837,0.892,187.078,1063.861,
2026-04-13 00:05:00,33.838,0.938,156.357,614.246,
2026-04-13 00:10:00,34.697,0.998,221.391,123.128,
2026-04-13 00:15:00,38.766,0.989,199.979,503.773,
2026-04-13 00:20:00,37.494,1.002,240.577,201.227,
2026-04-13 00:25:00,38.692,0.962,220.468,260.012,
2026-04-13 00:30:00,35.685,1.0,159.341,823.215,
2026-04-13 00:35:00,37.239,1.001,138.144,884.647,
2026-04-13 00:40:00,37.514,1.001,134.44,485.18,
2026-04-13 00:45:00,36.507,0.99,202.941,839.109,
2026-04-13 00:50:00,32.931,1.003,137.906,211.099,
2026-04-13 00:55:00,33.517,1.008,175.811,186.235,
2026-04-13 01:00:00,34.385,0.964,153.621,387.662,
2026-04-13 01:05:00,42.12,0.995,214.926,136.612,
2026-04-13 01:10:00,38.561,1.003,173.643,247.408,
2026-04-13 01:15:00,44.392,1.005,241.794,320.359,
2026-04-13 01:20:00,44.506,1.005,250.989,371.169,
2026-04-13 01:25:00,42.232,0.998,241.874,282.723,
2026-04-13 01:30:00,46.252,1.004,331.543,279.569,
2026-04-13 01:35:00,43.571,1.007,167.827,281.17,
2026-04-13 01:40:00,46.498,1.004,250.613,232.428,
2026-04-13 01:45:00,52.87,0.922,247.646,1897.573,
2026-04-13 01:50:00,41.094,1.002,261.503,338.215,
2026-04-13 01:55:00,45.272,1.001,319.136,260.516,
2026-04-13 02:00:00,41.83,0.923,245.767,420.616,
2026-04-13 02:05:00,34.0,0.959,186.058,500.48,
2026-04-13 02:10:00,43.105,0.901,222.449,559.458,
2026-04-13 02:15:00,37.604,0.941,175.107,590.375,
2026-04-13 02:30:00,29.33,0.989,78.694,380.079,
2026-04-13 02:35:00,29.242,0.987,131.648,1439.632,
2026-04-13 02:40:00,20.051,0.995,30.854,322.67,
2026-04-13 02:45:00,31.118,0.938,171.492,883.602,
2026-04-13 02:50:00,34.674,1.006,207.663,384.436,
2026-04-13 02:55:00,41.427,1.004,333.533,808.762,
2026-04-13 03:00:00,31.784,1.0,188.495,750.352,
2026-04-13 03:05:00,30.42,1.006,157.64,236.378,
2026-04-13 03:10:00,33.48,0.937,185.141,1022.31,
2026-04-13 03:15:00,27.639,0.979,123.689,1171.2,
2026-04-13 03:20:00,25.849,0.953,107.91,544.758,
2026-04-13 03:25:00,33.066,0.981,183.288,458.484,
2026-04-13 03:30:00,32.977,0.89,173.04,1300.428,
2026-04-13 03:35:00,33.818,0.987,129.255,1716.972,
2026-04-13 03:40:00,32.848,0.921,176.32,350.137,
2026-04-13 03:45:00,33.839,0.944,121.714,987.997,
2026-04-13 03:50:00,30.807,0.943,164.338,1147.059,
2026-04-13 03:55:00,25.75,0.978,44.353,750.551,
2026-04-13 04:00:00,33.028,0.821,150.764,463.189,
2026-04-13 04:05:00,38.164,1.006,184.458,438.042,
2026-04-13 04:10:00,31.977,0.944,159.19,438.036,
2026-04-13 04:15:00,36.889,0.954,333.198,333.485,
2026-04-13 04:20:00,31.078,0.76,240.15,1105.648,
2026-04-13 04:25:00,31.358,0.952,173.058,1952.563,
2026-04-13 04:30:00,33.379,0.919,262.5,2252.675,
2026-04-13 04:35:00,33.777,0.947,225.487,636.869,
2026-04-13 23:05:00,28.099,0.993,138.839,173.99,
2026-04-13 23:10:00,28.86,0.931,136.901,206.753,
2026-04-13 23:15:00,30.816,0.996,204.029,187.461,
2026-04-13 23:20:00,34.884,1.004,252.752,174.003,
2026-04-13 23:25:00,34.705,1.005,248.978,410.106,
2026-04-13 23:30:00,34.401,1.002,266.199,280.817,
2026-04-13 23:35:00,36.523,1.002,276.848,196.59,
2026-04-13 23:40:00,34.947,1.003,247.672,154.225,
2026-04-13 23:45:00,37.581,0.933,255.802,109.673,
2026-04-13 23:50:00,36.325,1.006,240.228,191.103,
2026-04-13 23:55:00,36.639,1.004,230.808,162.793,
2026-04-14 00:00:00,36.557,0.984,197.82,366.371,
2026-04-14 00:05:00,35.078,0.983,195.442,253.038,
2026-04-14 00:10:00,34.356,0.995,212.588,392.766,
2026-04-14 00:15:00,20.343,0.955,62.08,902.278,
2026-04-14 00:20:00,22.012,1.005,71.392,2383.486,
2026-04-14 00:25:00,20.18,0.966,34.169,374.734,
2026-04-14 00:30:00,17.426,0.991,32.412,442.47,
2026-04-14 00:35:00,20.542,0.982,44.294,662.661,
2026-04-14 00:40:00,24.58,1.003,99.245,1309.45,
2026-04-14 00:45:00,27.723,0.999,98.329,294.246,
2026-04-14 00:50:00,35.617,0.946,145.232,639.924,
2026-04-14 00:55:00,27.41,0.97,92.656,239.419,
2026-04-14 01:00:00,20.17,0.987,52.042,266.598,
2026-04-14 01:05:00,21.712,1.003,76.763,245.076,
2026-04-14 01:10:00,24.326,1.006,74.228,205.557,
2026-04-14 01:15:00,21.291,1.0,73.243,376.799,
2026-04-14 01:20:00,24.206,1.007,74.125,258.831,
2026-04-14 01:25:00,25.789,1.004,88.384,285.413,
2026-04-14 01:30:00,27.545,1.005,110.818,139.099,
2026-04-14 01:35:00,31.43,0.911,136.698,834.25,
2026-04-14 01:40:00,32.15,1.005,152.328,126.865,
2026-04-14 01:45:00,39.373,0.933,211.385,2662.702,
2026-04-14 01:50:00,39.001,1.006,220.361,239.014,
2026-04-14 01:55:00,36.101,0.951,133.262,412.162,
2026-04-14 02:00:00,58.289,0.965,479.057,569.029,
2026-04-14 02:05:00,47.977,0.931,265.409,2629.021,
2026-04-14 02:10:00,43.656,0.869,157.654,1398.089,
2026-04-14 02:15:00,32.238,0.986,90.521,186.925,
2026-04-14 02:30:00,31.163,0.936,90.934,314.635,
2026-04-14 02:35:00,29.592,0.954,81.015,1390.744,
2026-04-14 02:40:00,32.199,0.979,122.534,1026.035,
2026-04-14 02:45:00,21.586,0.985,55.142,1447.569,
2026-04-14 02:50:00,29.729,0.932,116.958,627.139,
2026-04-14 02:55:00,33.598,1.003,147.104,401.712,
2026-04-14 03:00:00,31.115,0.904,135.869,1055.111,
2026-04-14 03:05:00,40.77,1.002,196.202,345.09,
2026-04-14 03:10:00,51.637,0.969,311.669,2360.007,
2026-04-14 03:15:00,60.618,0.929,780.906,1809.113,
2026-04-14 03:20:00,58.647,1.0,560.679,491.921,
2026-04-14 03:25:00,59.665,0.955,584.998,255.37,
2026-04-14 03:30:00,34.267,0.984,169.567,337.693,
2026-04-14 03:35:00,26.154,1.003,72.479,262.282,
2026-04-14 03:40:00,28.501,1.002,99.05,233.28,
2026-04-14 03:45:00,24.741,0.993,79.256,243.224,
2026-04-14 03:50:00,28.357,1.001,113.347,283.971,
2026-04-14 03:55:00,30.293,1.008,152.982,262.187,
2026-04-14 04:00:00,24.687,1.004,80.234,227.713,
2026-04-14 04:05:00,43.328,0.905,192.086,4199.432,
2026-04-14 04:10:00,41.91,0.933,169.19,1677.245,
2026-04-14 04:15:00,57.413,0.959,450.604,3303.846,
2026-04-14 04:20:00,47.642,0.854,195.421,2411.832,
2026-04-14 04:25:00,58.385,1.004,434.262,2009.721,
2026-04-14 04:30:00,60.157,0.959,447.569,2768.948,
2026-04-14 04:35:00,40.822,0.939,172.487,1109.585,
2026-04-14 04:40:00,58.035,0.802,219.289,3267.491,
2026-04-14 04:45:00,36.106,0.988,131.038,376.168,
2026-04-14 04:50:00,42.94,0.948,338.97,2312.208,
2026-04-14 04:55:00,36.836,0.876,165.556,618.578,
2026-04-14 05:00:00,38.352,0.941,220.474,1512.18,
2026-04-14 05:05:00,47.661,0.995,390.338,3411.155,
2026-04-14 23:20:00,46.523,1.003,409.558,1792.56,
2026-04-14 23:25:00,35.355,0.907,202.992,255.652,
2026-04-14 23:30:00,45.64,0.891,373.441,344.09,
2026-04-14 23:35:00,44.415,0.931,314.103,139.789,
2026-04-14 23:40:00,44.144,1.003,383.102,225.931,
2026-04-14 23:45:00,42.6,1.007,384.139,122.295,
2026-04-14 23:50:00,42.402,1.002,391.421,152.975,
2026-04-14 23:55:00,46.978,1.005,425.545,172.11,
2026-04-15 00:00:00,43.363,0.913,393.433,157.125,
2026-04-15 00:05:00,35.32,0.982,233.541,1134.828,
2026-04-15 00:10:00,34.426,1.006,153.512,373.461,
2026-04-15 00:15:00,35.124,1.005,185.161,460.396,
2026-04-15 00:20:00,31.792,0.951,126.263,381.105,
2026-04-15 00:25:00,24.939,0.988,77.015,771.952,
2026-04-15 00:30:00,15.689,0.991,19.576,706.227,
2026-04-15 00:35:00,20.551,1.001,66.247,221.75,
2026-04-15 00:40:00,21.309,1.004,57.437,260.151,
2026-04-15 00:45:00,21.816,1.004,62.473,226.812,
2026-04-15 00:50:00,22.903,1.008,71.847,250.037,
2026-04-15 00:55:00,20.444,0.99,59.642,169.708,
2026-04-15 01:00:00,22.151,0.982,70.201,394.663,
2026-04-15 01:05:00,28.099,1.003,125.523,225.101,
2026-04-15 01:10:00,23.813,1.005,90.884,104.515,
2026-04-15 01:15:00,22.822,0.992,63.741,522.922,
2026-04-15 01:20:00,19.653,0.947,55.755,135.688,
2026-04-15 01:25:00,21.086,0.976,70.437,600.51,
2026-04-15 01:30:00,27.271,0.945,140.075,851.089,
2026-04-15 01:35:00,23.786,0.774,60.34,298.098,
2026-04-15 01:40:00,27.866,0.889,147.604,572.049,
2026-04-15 01:45:00,19.773,1.005,54.152,174.168,
2026-04-15 01:50:00,23.901,0.976,72.53,2706.77,
2026-04-15 01:55:00,25.261,1.004,117.435,117.488,
2026-04-15 02:00:00,25.817,1.003,115.325,195.202,
2026-04-15 02:05:00,25.422,1.005,104.8,99.904,
2026-04-15 02:10:00,21.064,0.959,79.133,1204.244,
2026-04-15 02:15:00,16.701,0.99,41.463,358.356,
2026-04-15 02:20:00,19.521,0.981,44.844,384.986,
2026-04-15 02:25:00,21.444,1.004,54.54,1843.864,
2026-04-15 02:30:00,31.316,0.945,108.386,386.394,
2026-04-15 02:35:00,28.334,1.004,122.193,426.878,
2026-04-15 02:40:00,23.896,0.906,64.111,309.777,
2026-04-15 02:45:00,22.745,1.003,66.806,344.6,
2026-04-15 02:50:00,25.951,0.987,61.613,1010.13,
2026-04-15 03:05:00,39.953,0.958,216.941,1668.797,
2026-04-15 03:10:00,44.903,0.979,243.564,509.773,
2026-04-15 03:15:00,42.224,0.963,297.318,556.442,
2026-04-15 03:20:00,39.434,1.001,247.05,562.904,
2026-04-15 03:25:00,45.261,0.981,301.794,345.314,
2026-04-15 03:30:00,54.927,1.009,421.491,345.977,
2026-04-15 03:35:00,55.936,1.004,534.027,221.778,
2026-04-15 03:40:00,50.648,1.005,327.048,258.159,
2026-04-15 03:45:00,51.837,1.002,380.94,439.645,
2026-04-15 03:50:00,57.53,1.005,454.708,301.348,
2026-04-15 03:55:00,57.854,1.004,397.492,118.016,
2026-04-15 04:00:00,52.5,1.004,382.32,332.85,
2026-04-15 04:05:00,54.89,1.007,419.234,211.87,
2026-04-15 04:10:00,46.61,0.939,262.963,524.485,
2026-04-15 04:15:00,51.55,0.878,226.775,3627.487,
2026-04-15 04:20:00,34.689,0.948,131.32,188.081,
2026-04-15 04:25:00,47.2,0.988,156.421,2046.447,
2026-04-15 04:30:00,54.711,0.935,297.259,1285.758,
2026-04-15 04:35:00,50.945,0.975,336.593,1200.741,
2026-04-15 04:40:00,36.657,0.724,140.224,1179.311,
2026-04-15 04:45:00,40.886,0.865,291.133,4127.423,
2026-04-17 00:00:00,27.944,1.001,116.538,160.555,
2026-04-17 00:05:00,30.147,1.004,125.198,172.164,
2026-04-17 00:10:00,31.371,1.005,144.566,327.14,
2026-04-17 00:15:00,38.044,0.994,234.158,137.071,
2026-04-17 00:20:00,41.934,1.006,282.077,277.561,
2026-04-17 00:25:00,39.753,0.963,202.117,483.682,
2026-04-17 00:30:00,38.712,0.975,221.504,378.472,
2026-04-17 00:35:00,45.986,0.93,324.42,209.153,
2026-04-17 00:40:00,38.771,0.986,233.754,242.093,
2026-04-17 00:45:00,39.513,0.998,228.437,428.631,
2026-04-17 00:50:00,37.675,1.003,171.693,357.77,
2026-04-17 00:55:00,43.194,0.94,216.171,986.19,
2026-04-17 01:00:00,44.444,0.963,323.575,396.161,
2026-04-17 01:05:00,41.783,1.002,343.775,326.039,
2026-04-17 01:10:00,38.699,0.895,179.408,1060.051,
2026-04-17 01:15:00,32.139,0.985,91.561,1995.679,
2026-04-17 01:20:00,27.562,0.989,70.309,750.562,
2026-04-17 01:25:00,27.33,0.998,128.091,1064.099,
2026-04-17 01:30:00,37.77,0.999,157.11,2305.322,
2026-04-17 01:35:00,37.384,0.955,171.686,705.551,
2026-04-17 01:40:00,39.229,0.991,226.742,546.034,
2026-04-17 01:45:00,37.551,0.936,176.098,1563.23,
2026-04-17 01:50:00,40.102,0.996,245.311,374.388,
2026-04-17 01:55:00,34.934,0.999,208.697,289.457,
2026-04-17 02:00:00,43.243,0.95,272.778,938.218,
2026-04-17 02:05:00,41.679,0.976,237.115,407.663,
2026-04-17 02:10:00,46.307,1.004,286.643,296.963,
2026-04-17 02:15:00,46.591,0.98,306.256,343.474,
2026-04-17 02:20:00,41.374,1.005,217.818,255.114,
2026-04-17 02:25:00,35.797,1.004,151.036,428.357,
2026-04-17 02:30:00,45.244,0.962,321.608,1807.786,
2026-04-17 02:35:00,44.651,0.923,207.121,3031.297,
2026-04-17 02:40:00,40.712,0.708,221.652,1311.402,
2026-04-17 02:55:00,35.89,0.983,138.061,1028.855,
2026-04-17 03:05:00,40.785,0.977,226.406,1550.603,
2026-04-17 03:10:00,44.659,0.951,288.526,631.676,
2026-04-17 03:15:00,39.059,0.953,831.065,2287.757,
2026-04-17 03:20:00,43.765,1.003,228.993,958.073,
2026-04-17 03:25:00,49.816,0.951,428.363,1142.392,
2026-04-17 03:40:00,44.01,0.815,225.182,2493.148,
2026-04-17 03:45:00,41.446,0.98,287.402,1248.238,
2026-04-17 03:50:00,46.483,0.915,195.104,1605.044,
2026-04-17 03:55:00,41.725,0.955,151.068,1715.979,
2026-04-17 04:00:00,44.076,0.979,265.039,3731.811,
2026-04-17 04:05:00,34.333,0.945,124.158,674.208,
2026-04-17 04:10:00,41.139,0.911,117.494,1818.368,
2026-04-17 04:15:00,45.096,0.942,280.935,1034.348,
2026-04-17 04:20:00,53.392,1.001,405.937,3910.432,
2026-04-17 04:25:00,40.093,0.957,153.987,773.356,
2026-04-17 04:30:00,43.613,1.001,247.424,678.036,
2026-04-17 04:35:00,51.029,0.937,411.239,1410.262,
2026-04-17 04:40:00,49.549,0.987,297.852,1155.898,
2026-04-17 04:45:00,49.899,0.987,428.692,480.726,
2026-04-17 04:50:00,43.47,1.001,257.705,329.983,
2026-04-17 04:55:00,42.215,1.002,279.331,459.623,
2026-04-17 05:00:00,39.382,1.001,279.721,298.46,
2026-04-17 05:05:00,42.081,0.943,190.949,341.772,
2026-04-17 05:10:00,51.985,0.91,317.644,3722.413,
2026-04-17 05:15:00,56.43,0.936,373.857,1934.329,
2026-04-17 05:20:00,34.191,0.85,164.008,3097.636,
2026-04-17 05:25:00,32.314,0.9,160.307,2740.656,
2026-04-17 05:30:00,26.748,0.944,80.032,784.629,
2026-04-17 05:35:00,23.772,0.949,78.68,257.587,
2026-04-17 05:40:00,27.146,0.925,77.039,1611.922,
2026-04-17 05:45:00,33.349,0.957,154.712,1223.926,
2026-04-17 23:25:00,33.355,0.934,225.554,325.651,
2026-04-17 23:30:00,40.259,0.77,226.805,110.158,
2026-04-17 23:40:00,32.583,0.864,265.052,1052.517,
2026-04-17 23:45:00,29.672,1.004,172.873,162.806,
2026-04-17 23:50:00,32.295,1.004,237.612,198.269,
2026-04-17 23:55:00,28.49,0.965,161.033,243.287,
2026-04-18 00:00:00,28.204,1.002,156.407,174.199,
2026-04-18 00:05:00,25.335,1.005,119.376,130.486,
2026-04-18 00:10:00,25.883,1.001,134.218,147.842,
2026-04-18 00:15:00,26.771,1.004,119.715,92.061,
2026-04-18 01:05:00,21.73,1.005,60.708,272.871,
2026-04-18 01:10:00,26.345,1.002,67.664,804.343,
2026-04-18 01:15:00,26.358,0.973,99.518,594.548,
2026-04-18 01:20:00,29.228,0.963,111.45,428.472,
2026-04-18 01:25:00,31.701,1.002,150.06,458.136,
2026-04-18 01:30:00,35.251,1.006,172.156,520.921,
2026-04-18 01:35:00,35.724,0.95,182.904,231.998,
2026-04-18 01:40:00,19.675,0.857,58.966,197.083,
2026-04-18 02:20:00,29.13,0.96,112.649,213.454,
2026-04-18 02:25:00,28.444,1.003,94.443,310.814,
2026-04-18 02:30:00,28.06,1.004,113.343,108.504,
2026-04-18 02:35:00,27.547,1.006,97.738,443.762,
2026-04-18 02:40:00,30.465,0.952,109.405,1698.895,
2026-04-18 02:45:00,25.505,1.003,88.056,367.912,
2026-04-18 02:50:00,30.448,0.965,112.79,884.174,
2026-04-18 02:55:00,31.793,0.993,138.026,531.231,
2026-04-18 03:00:00,30.616,1.004,101.021,1202.734,
2026-04-18 03:05:00,43.046,0.93,286.713,2416.255,
2026-04-18 03:10:00,43.654,0.931,281.573,2963.509,
2026-04-18 03:15:00,28.474,0.864,228.142,1318.48,
2026-04-18 03:20:00,27.299,0.94,135.472,651.009,
2026-04-18 03:25:00,26.104,1.005,114.656,178.984,
2026-04-18 03:30:00,28.701,0.924,104.731,2210.495,
2026-04-18 03:35:00,35.241,0.925,150.812,3170.611,
2026-04-18 03:40:00,26.037,0.996,92.398,317.539,
2026-04-18 03:45:00,36.494,0.874,246.156,2714.087,
2026-04-18 03:50:00,26.253,0.897,158.155,1674.46,
2026-04-18 03:55:00,27.384,0.925,108.867,1091.871,
2026-04-18 04:00:00,36.356,0.936,158.793,758.547,
2026-04-18 04:05:00,34.432,0.939,232.245,2556.983,
2026-04-18 04:10:00,41.628,1.005,379.535,2450.843,
2026-04-18 04:15:00,38.095,0.957,223.404,1188.679,
2026-04-18 04:20:00,24.17,0.993,71.283,541.621,
2026-04-18 04:25:00,26.161,1.005,79.44,2139.903,
2026-04-18 04:30:00,22.255,0.96,77.299,441.589,
2026-04-18 04:35:00,29.71,0.949,160.039,1074.22,
2026-04-18 04:40:00,30.261,0.941,171.799,2681.217,
2026-04-18 04:45:00,38.125,0.942,169.656,1565.866,
2026-04-18 04:50:00,37.625,0.902,148.567,3029.124,
2026-04-18 04:55:00,51.493,0.908,545.852,7049.167,
2026-04-18 05:00:00,39.869,0.989,234.218,697.076,
2026-04-18 05:05:00,37.119,0.961,158.606,653.242,
2026-04-18 05:10:00,32.741,0.941,251.048,3778.369,
2026-04-18 05:15:00,36.374,0.85,248.052,1368.506,
2026-04-18 05:20:00,55.725,0.889,599.611,9599.044,
2026-04-18 05:25:00,49.832,0.905,276.647,2774.791,
2026-04-18 05:30:00,48.715,0.892,215.213,3582.604,
2026-04-18 05:35:00,51.562,0.905,248.731,2281.309,
2026-04-18 05:40:00,41.249,0.888,264.464,3449.232,
2026-04-18 05:45:00,36.41,0.867,192.047,7766.63,
2026-04-18 05:50:00,34.166,0.803,140.235,1772.278,
2026-04-18 05:55:00,55.525,0.91,630.356,2316.832,
2026-04-18 06:00:00,55.391,0.948,589.179,1984.888,
2026-04-18 06:05:00,61.615,0.923,452.758,6225.872,
2026-04-18 06:10:00,46.915,0.938,301.756,2051.641,
2026-04-18 06:15:00,51.043,0.911,294.774,2453.798,
2026-04-18 06:20:00,28.784,0.784,150.268,1275.725,
2026-04-18 06:25:00,27.201,0.84,109.856,986.805,
2026-04-20 00:00:00,23.4,0.787,44.013,1116.034,
2026-04-20 00:05:00,23.752,0.776,103.4,237.429,
2026-04-20 00:10:00,21.641,1.001,143.19,513.227,
2026-04-20 00:15:00,21.841,0.964,40.877,497.019,
2026-04-20 00:20:00,22.904,0.998,97.012,326.529,
2026-04-20 00:25:00,23.616,0.904,125.471,707.625,
2026-04-20 00:30:00,25.003,0.712,100.467,1709.14,
2026-04-20 00:35:00,26.271,0.852,185.648,1940.186,
2026-04-20 00:40:00,25.256,0.951,103.392,769.253,
2026-04-20 00:45:00,27.455,0.906,118.906,434.189,
2026-04-20 00:55:00,22.222,0.889,54.138,1016.574,
2026-04-20 01:00:00,20.465,0.989,69.825,232.367,
2026-04-20 01:05:00,32.135,0.969,209.153,364.579,
2026-04-20 01:10:00,27.291,0.838,148.265,240.864,
2026-04-20 01:15:00,24.778,0.982,122.516,240.223,
2026-04-20 01:20:00,34.243,0.89,181.59,370.786,
2026-04-20 01:25:00,41.926,1.003,382.838,520.346,
2026-04-20 01:30:00,46.134,1.004,380.624,266.406,
2026-04-20 01:35:00,51.324,1.005,485.011,373.618,
2026-04-20 01:40:00,36.464,0.956,155.352,196.297,
2026-04-20 01:45:00,28.977,1.004,137.607,129.406,
2026-04-20 01:50:00,33.754,0.957,123.742,329.678,
2026-04-20 01:55:00,117.342,0.951,2735.224,1864.858,
2026-04-20 02:00:00,102.61,0.953,1053.057,1557.789,
2026-04-20 02:05:00,70.388,0.948,778.95,1085.796,
2026-04-20 02:10:00,61.664,0.95,438.678,1315.786,
2026-04-20 02:15:00,112.959,0.905,1294.569,1104.352,
2026-04-20 02:20:00,31.685,0.923,101.928,623.822,
2026-04-20 02:25:00,24.594,1.005,72.561,208.335,
2026-04-20 02:30:00,27.767,0.968,121.619,317.313,
2026-04-20 02:35:00,28.207,0.758,129.282,1011.974,
2026-04-20 03:05:00,44.936,0.918,162.468,975.173,
2026-04-20 03:10:00,20.723,1.0,45.489,353.856,
2026-04-20 03:15:00,32.789,0.903,96.251,1149.095,
2026-04-20 03:20:00,33.986,0.83,157.846,2308.066,
2026-04-20 03:25:00,41.667,1.003,198.801,1096.417,
2026-04-20 03:30:00,25.674,1.004,93.844,579.099,
2026-04-20 03:35:00,49.936,0.76,259.801,2222.142,
2026-04-20 03:40:00,65.953,0.941,691.332,2902.332,
2026-04-20 03:45:00,33.059,0.965,136.217,628.594,
2026-04-20 03:50:00,34.833,0.892,181.326,1279.368,
2026-04-20 03:55:00,57.332,0.922,454.891,2611.791,
2026-04-20 04:15:00,81.807,0.733,478.246,3680.769,
2026-04-20 04:25:00,36.299,1.003,304.737,922.716,
2026-04-20 04:30:00,53.773,0.948,360.904,1542.983,
2026-04-20 04:35:00,68.038,0.935,543.602,1680.823,
2026-04-20 04:40:00,106.865,0.949,1509.163,1998.781,
2026-04-20 04:45:00,96.702,0.985,1382.373,1970.647,
2026-04-20 04:50:00,83.606,0.958,1023.122,5085.297,
2026-04-20 04:55:00,34.133,0.968,120.565,1893.793,
2026-04-20 05:00:00,32.446,0.887,94.13,1756.337,
2026-04-20 05:05:00,72.6,1.004,854.053,1034.267,
2026-04-20 05:10:00,98.773,0.98,1506.517,2253.128,
2026-04-20 05:15:00,47.251,0.905,211.331,796.648,
2026-04-20 05:20:00,163.305,0.927,5719.366,5928.012,
2026-04-20 05:25:00,180.78,0.961,5273.624,2593.004,
2026-04-20 05:30:00,137.733,0.974,3071.711,6197.77,
2026-04-20 05:35:00,83.031,0.96,810.014,2383.814,
2026-04-20 05:45:00,31.014,0.964,302.186,1729.166,
2026-04-22 00:00:00,41.439,0.997,223.659,349.38,
2026-04-22 00:05:00,39.435,1.0,160.376,471.399,
2026-04-22 00:10:00,60.747,0.903,471.872,2250.192,
2026-04-22 00:15:00,30.685,1.003,134.127,586.046,
2026-04-22 00:20:00,41.77,0.912,179.25,987.477,
2026-04-22 00:25:00,36.869,1.005,129.781,381.086,
2026-04-22 00:30:00,30.74,1.004,114.264,320.717,
2026-04-22 00:35:00,37.234,0.962,173.386,333.457,
2026-04-22 00:40:00,39.368,0.969,211.682,1071.499,
2026-04-22 00:45:00,35.826,0.974,136.229,1084.557,
2026-04-22 00:50:00,26.39,0.968,47.127,400.494,
2026-04-22 00:55:00,29.812,0.948,80.332,567.329,
2026-04-22 01:00:00,25.356,0.982,82.891,418.156,
2026-04-22 01:05:00,24.925,0.99,36.459,399.884,
2026-04-22 01:10:00,28.451,0.96,74.91,265.546,
2026-04-22 01:15:00,30.609,0.969,96.509,768.117,
2026-04-22 01:20:00,31.798,0.98,130.303,475.606,
2026-04-22 01:25:00,36.676,0.983,164.066,569.738,
2026-04-22 01:30:00,35.524,1.005,168.583,302.374,
2026-04-22 01:35:00,33.151,1.005,159.216,482.791,
2026-04-22 01:40:00,42.041,0.926,197.402,972.27,
2026-04-22 01:45:00,34.138,1.004,152.172,150.341,
2026-04-22 01:50:00,35.144,1.006,205.474,289.066,
2026-04-22 01:55:00,35.164,1.003,198.18,221.796,
2026-04-22 02:00:00,36.817,1.006,205.886,413.289,
2026-04-22 02:05:00,30.203,1.001,126.292,330.443,
2026-04-22 02:10:00,35.829,1.007,218.666,141.055,
2026-04-22 02:15:00,34.088,1.003,185.624,184.956,
2026-04-22 02:20:00,40.166,1.006,239.118,519.779,
2026-04-22 02:25:00,32.539,0.903,171.585,3887.12,
2026-04-22 02:30:00,35.62,1.002,168.287,323.647,
2026-04-22 02:35:00,37.521,0.979,204.246,1144.819,
2026-04-22 02:40:00,42.943,0.94,330.056,3606.71,
2026-04-22 02:45:00,41.122,0.981,236.984,1504.376,
2026-04-22 02:50:00,31.55,0.962,196.31,3639.419,
2026-04-22 02:55:00,34.014,0.957,122.15,985.729,
2026-04-22 03:00:00,26.061,0.961,58.803,233.738,
2026-04-22 03:05:00,30.367,1.003,120.751,1813.751,
2026-04-22 03:10:00,37.036,1.005,211.856,844.158,
2026-04-22 03:15:00,39.502,0.968,240.255,1048.24,
2026-04-22 03:20:00,39.868,0.956,212.638,3060.127,
2026-04-22 03:25:00,37.373,0.964,261.785,1510.423,
2026-04-22 03:30:00,36.366,0.959,239.984,373.03,
2026-04-22 03:35:00,33.712,0.98,151.633,328.278,
2026-04-22 03:40:00,36.673,1.001,216.307,223.922,
2026-04-22 03:45:00,35.201,0.975,173.676,2521.383,
2026-04-22 03:50:00,34.034,0.957,158.643,1224.864,
2026-04-22 03:55:00,35.618,1.004,196.353,232.217,
2026-04-22 04:00:00,36.748,0.979,192.641,271.853,
2026-04-22 04:05:00,29.841,0.961,109.304,495.021,
2026-04-22 04:10:00,38.426,0.944,217.564,2338.685,
2026-04-22 04:15:00,35.237,0.93,191.621,2162.538,
2026-04-22 04:20:00,34.303,0.93,110.664,1233.293,
2026-04-22 04:25:00,34.17,0.957,181.894,2874.249,
2026-04-22 04:30:00,30.696,0.97,162.777,991.735,
2026-04-22 04:35:00,25.702,1.004,63.576,830.592,
2026-04-22 04:40:00,32.407,0.88,206.588,4604.55,
2026-04-22 04:45:00,54.561,0.969,380.137,798.386,
2026-04-22 04:50:00,34.897,1.002,156.721,305.925,
2026-04-22 05:05:00,47.601,0.885,284.132,1984.81,
2026-04-22 05:10:00,41.974,0.964,236.494,2072.91,
2026-04-22 05:15:00,36.017,0.975,332.678,1459.661,
2026-04-22 05:20:00,50.01,0.982,261.666,1185.587,
2026-04-22 05:25:00,44.946,1.006,294.543,1469.96,
2026-04-22 05:30:00,48.879,1.005,666.912,2311.614,
2026-04-22 05:35:00,42.41,1.003,278.994,1167.88,
2026-04-22 05:40:00,43.669,0.949,185.819,1828.045,
2026-04-22 05:45:00,73.541,0.96,890.797,2991.81,
2026-04-22 05:55:00,67.27,0.894,619.407,2612.57,
2026-04-22 06:00:00,59.158,0.759,396.461,3245.591,
2026-04-22 06:05:00,46.698,0.72,464.763,5270.22,
2026-04-22 20:50:00,114.046,0.987,2087.288,833.718,
2026-04-22 20:55:00,156.085,0.968,3527.592,1041.15,
2026-04-22 21:00:00,155.96,1.003,4512.392,1721.562,
2026-04-22 21:05:00,141.472,1.003,3919.739,1703.446,
2026-04-22 21:10:00,123.119,1.003,2737.855,1900.444,
2026-04-22 21:15:00,93.982,1.003,1070.636,1967.611,
2026-04-22 21:20:00,33.913,1.005,207.089,1165.488,
2026-04-22 21:25:00,53.026,0.996,455.611,1214.142,
2026-04-22 21:30:00,38.563,1.006,318.842,966.266,
2026-04-22 21:35:00,23.962,1.003,120.352,854.4,
2026-04-22 21:40:00,22.999,1.004,92.141,605.691,
2026-04-22 21:45:00,27.232,0.916,100.539,611.525,
2026-04-22 21:50:00,104.631,0.924,1929.552,1526.485,
2026-04-22 21:55:00,49.071,0.979,352.204,819.189,
2026-04-22 22:00:00,38.772,1.001,210.906,884.713,
2026-04-22 22:05:00,29.374,0.963,91.974,445.054,
2026-04-22 22:15:00,31.3,1.006,147.792,198.855,
2026-04-22 22:20:00,25.578,1.005,100.404,169.448,
2026-04-22 22:25:00,35.169,0.967,148.846,523.935,
2026-04-22 22:30:00,35.348,1.002,182.679,1007.093,
2026-04-22 22:35:00,44.594,0.945,266.869,278.56,
2026-04-22 22:40:00,38.746,1.001,247.536,155.53,
2026-04-22 22:45:00,38.596,1.001,240.006,121.047,
2026-04-22 22:50:00,40.268,0.979,212.597,238.116,
2026-04-22 22:55:00,34.019,0.989,195.744,225.096,
2026-04-22 23:00:00,59.128,0.949,628.591,748.059,
2026-04-22 23:05:00,85.773,1.005,972.223,1052.208,
2026-04-22 23:10:00,84.651,1.006,1357.755,1600.46,
2026-04-22 23:15:00,95.792,1.001,1399.822,1778.682,
2026-04-22 23:20:00,58.115,0.96,498.732,1688.845,
2026-04-22 23:30:00,80.899,0.878,678.951,1123.269,
2026-04-22 23:35:00,62.609,1.004,478.825,991.67,
2026-04-22 23:40:00,54.008,1.005,340.511,1276.035,
2026-04-22 23:45:00,88.902,0.986,1011.861,760.456,
2026-04-22 23:50:00,70.579,0.99,802.21,621.937,
2026-04-22 23:55:00,43.884,0.899,191.659,543.168,
2026-04-23 00:00:00,80.409,0.963,834.088,1377.105,
2026-04-23 00:05:00,57.628,0.941,408.415,960.742,
2026-04-23 00:10:00,30.775,1.005,82.548,470.979,
2026-04-23 00:15:00,35.432,0.977,159.727,1054.662,
2026-04-23 00:20:00,35.8,0.986,167.396,449.806,
2026-04-23 00:25:00,32.47,0.979,158.752,571.375,
2026-04-23 00:30:00,31.37,0.92,74.843,1027.804,
2026-04-23 00:35:00,77.584,0.894,698.716,1468.429,
2026-04-23 00:40:00,82.038,0.969,725.177,1551.333,
2026-04-23 00:45:00,106.208,1.004,1169.691,2449.166,
2026-04-23 00:50:00,179.189,0.979,5195.734,1690.603,
2026-04-23 00:55:00,117.134,1.005,2301.149,1350.413,
2026-04-23 01:00:00,125.036,0.995,2284.596,2569.364,
2026-04-23 01:05:00,74.516,1.008,836.517,2371.564,
2026-04-23 01:10:00,80.562,1.002,996.343,2324.076,
2026-04-23 01:15:00,94.467,0.945,823.005,2735.876,
2026-04-23 01:20:00,154.773,1.005,2929.298,4518.226,
2026-04-23 01:25:00,84.377,1.006,1106.417,1693.058,
2026-04-23 01:30:00,71.117,0.966,930.505,1942.549,
2026-04-23 01:35:00,85.291,0.997,952.663,3032.855,
2026-04-23 01:40:00,106.58,0.91,1242.751,2520.103,
2026-04-23 01:45:00,144.241,0.926,2879.788,2634.4,
2026-04-23 01:50:00,130.078,0.942,1866.59,4586.391,
2026-04-23 01:55:00,53.125,0.811,210.051,690.596,
2026-04-23 02:00:00,42.401,0.97,241.887,429.356,
2026-04-23 02:05:00,49.098,0.972,297.909,367.164,
2026-04-23 02:10:00,41.925,0.975,231.482,526.785,
2026-04-23 02:15:00,37.808,0.91,180.921,1446.558,
2026-04-23 02:20:00,44.731,0.963,230.173,477.423,
2026-04-23 02:25:00,36.396,0.943,134.805,672.401,
2026-04-23 02:30:00,34.295,0.953,122.084,434.728,
2026-04-23 02:35:00,31.172,0.96,125.909,640.612,
2026-04-23 02:40:00,32.309,0.956,130.684,799.706,
2026-04-23 02:45:00,33.525,0.967,130.354,2188.374,
2026-04-23 02:50:00,32.783,0.958,127.478,893.906,
2026-04-23 02:55:00,32.201,0.967,127.475,458.169,
2026-04-23 03:00:00,22.6,0.995,64.34,713.636,
2026-04-23 03:05:00,28.522,0.976,146.975,1780.299,
2026-04-23 03:10:00,33.822,0.935,161.331,907.202,
2026-04-23 03:15:00,37.974,0.809,120.197,463.554,
2026-04-23 03:45:00,73.017,1.006,1038.437,643.743,
2026-04-23 03:50:00,84.912,0.972,1058.44,972.418,
2026-04-23 03:55:00,69.934,0.976,451.653,1450.229,
2026-04-23 04:00:00,113.497,0.974,2850.554,1264.346,
2026-04-23 04:05:00,48.425,0.956,235.094,1663.104,
2026-04-23 04:10:00,51.842,0.946,330.176,1593.617,
2026-04-23 04:15:00,30.608,0.911,114.607,481.867,
2026-04-23 04:20:00,39.83,0.976,207.316,2051.581,
2026-04-23 04:25:00,25.403,0.971,70.209,364.711,
2026-04-23 04:30:00,41.153,0.967,302.004,1757.042,
2026-04-23 04:50:00,44.224,0.975,246.288,970.255,
2026-04-23 04:55:00,35.088,0.976,118.119,563.303,
2026-04-23 05:00:00,42.716,0.977,234.894,900.474,
2026-04-23 05:05:00,40.335,0.916,195.277,1258.928,
2026-04-23 05:10:00,31.412,0.962,93.034,1075.765,
2026-04-23 05:15:00,32.323,1.0,116.399,523.479,
2026-04-23 05:20:00,37.067,0.954,151.938,2253.571,
2026-04-23 05:25:00,39.489,0.953,205.762,1428.482,
2026-04-23 05:30:00,41.928,0.943,281.661,1106.659,
2026-04-23 05:35:00,41.916,0.966,250.226,545.301,
2026-04-23 05:40:00,28.584,0.891,83.973,962.514,
2026-04-23 05:45:00,33.967,0.966,160.243,523.492,
2026-04-23 05:50:00,44.55,0.973,363.183,456.223,
2026-04-23 05:55:00,38.111,0.951,207.235,818.485,
2026-04-23 06:00:00,43.019,0.91,281.135,335.088,
2026-04-23 06:05:00,57.446,0.948,482.35,1239.103,
2026-04-23 06:10:00,54.335,0.918,457.539,783.408,
2026-04-23 20:30:00,79.145,0.926,871.911,1319.23,
2026-04-23 20:35:00,107.515,0.904,1638.5,815.03,
2026-04-23 20:40:00,145.027,0.88,3184.572,14312.781,
2026-04-23 20:45:00,128.537,0.837,2674.91,1214.36,
2026-04-23 20:50:00,104.128,0.928,1732.418,737.376,
2026-04-23 20:55:00,96.145,1.004,1503.21,477.225,
2026-04-23 21:00:00,90.43,1.004,1146.193,544.294,
2026-04-23 21:05:00,95.673,0.95,1407.034,781.371,
2026-04-23 21:10:00,129.399,0.962,2555.292,1372.938,
2026-04-23 21:15:00,136.731,0.979,3181.411,6591.169,
2026-04-23 21:20:00,78.921,1.005,3496.214,10208.998,
2026-04-23 21:25:00,110.367,1.003,4029.62,10325.144,
2026-04-23 21:30:00,96.856,0.991,1141.899,912.663,
2026-04-23 21:35:00,121.005,0.956,4282.728,1293.109,
2026-04-23 21:40:00,94.701,1.003,1219.143,848.734,
2026-04-23 21:45:00,104.342,0.959,2176.079,1479.74,
2026-04-23 21:50:00,46.597,0.981,379.875,826.76,
2026-04-23 21:55:00,68.62,0.95,585.957,1208.788,
2026-04-23 22:00:00,71.834,1.001,515.068,944.361,
2026-04-23 22:05:00,43.507,1.007,225.288,562.462,
2026-04-23 22:10:00,44.862,1.004,228.54,1888.586,
2026-04-23 22:15:00,95.887,1.004,1362.311,1340.14,
2026-04-23 22:20:00,67.799,1.005,624.044,1484.28,
2026-04-23 22:25:00,127.255,0.997,2856.143,2361.897,
2026-04-23 22:30:00,130.201,0.961,2414.702,2151.662,
2026-04-23 22:35:00,158.728,1.007,4382.191,1762.041,
2026-04-23 22:40:00,185.845,0.945,3318.402,2502.218,
2026-04-23 22:45:00,211.9,1.003,6471.069,1436.134,
2026-04-23 22:50:00,204.44,1.007,6945.828,1406.041,
2026-04-23 22:55:00,214.225,1.004,6201.334,844.766,
2026-04-23 23:00:00,198.777,0.941,7811.523,875.105,
2026-04-23 23:05:00,37.996,1.003,237.977,254.701,
2026-04-23 23:10:00,35.746,0.993,142.583,399.742,
2026-04-23 23:15:00,37.247,1.006,167.298,433.548,
2026-04-23 23:20:00,40.105,0.975,263.385,285.485,
2026-04-23 23:25:00,49.673,1.005,331.831,722.713,
2026-04-23 23:30:00,63.17,0.974,675.911,745.944,
2026-04-23 23:35:00,66.036,1.001,751.428,389.765,
2026-04-23 23:40:00,45.885,0.886,225.832,1088.592,
2026-04-23 23:45:00,55.14,0.995,330.887,811.03,
2026-04-23 23:50:00,54.769,0.898,366.233,980.596,
2026-04-23 23:55:00,23.467,1.003,72.336,201.06,
2026-04-24 00:00:00,34.219,0.815,114.87,602.596,
2026-04-24 00:05:00,34.335,0.956,96.219,815.918,
2026-04-24 00:10:00,26.632,0.756,109.814,1170.405,
2026-04-24 00:15:00,78.522,0.735,1399.44,2245.258,
2026-04-24 00:20:00,40.69,1.002,249.213,584.337,
2026-04-24 00:25:00,84.018,0.967,695.562,1375.498,
2026-04-24 00:30:00,89.746,0.937,1298.11,1392.412,
2026-04-24 00:35:00,86.161,0.735,793.75,1461.777,
2026-04-24 00:40:00,59.147,0.93,656.64,482.55,
2026-04-24 00:45:00,47.963,1.007,296.465,727.091,
2026-04-24 00:50:00,84.189,1.005,1173.19,1590.234,
2026-04-24 00:55:00,74.691,1.005,799.294,1334.23,
2026-04-24 01:00:00,77.176,0.962,816.056,1828.37,
2026-04-24 01:05:00,61.327,0.987,373.218,1145.444,
2026-04-24 01:10:00,97.217,0.928,2004.106,1380.188,
2026-04-24 01:15:00,42.215,0.986,177.102,395.604,
2026-04-24 01:20:00,42.665,0.99,149.619,3749.751,
2026-04-24 01:25:00,77.217,0.981,929.106,4216.617,
2026-04-24 01:30:00,44.232,0.99,276.058,1110.418,
2026-04-24 01:35:00,65.118,0.987,675.391,2210.79,
2026-04-24 01:40:00,184.767,0.985,6498.701,4570.556,
2026-04-24 01:45:00,186.631,1.002,7983.811,2462.265,
2026-04-24 01:50:00,59.49,1.007,433.041,1636.136,
2026-04-24 01:55:00,73.279,1.007,737.883,2456.153,
2026-04-24 02:00:00,63.438,1.001,783.601,1449.23,
2026-04-24 02:05:00,71.117,0.992,756.778,2995.581,
2026-04-24 02:10:00,180.136,0.975,5844.436,3593.892,
2026-04-24 02:15:00,66.998,0.941,602.283,1934.25,
2026-04-24 02:20:00,160.432,0.976,5202.367,2447.363,
2026-04-24 02:25:00,84.248,0.984,1396.306,2197.344,
2026-04-24 02:30:00,90.613,0.99,713.748,1604.793,
2026-04-24 02:35:00,77.391,0.975,975.14,1589.205,
2026-04-24 02:40:00,80.367,0.944,455.082,679.69,
2026-04-24 02:45:00,44.233,0.965,151.062,1260.689,
2026-04-24 02:50:00,203.766,1.003,6315.698,3328.909,
2026-04-24 02:55:00,163.302,0.958,5298.677,2831.67,
2026-04-24 03:00:00,74.634,0.983,862.64,1431.551,
2026-04-24 03:05:00,29.005,0.98,98.585,456.207,
2026-04-24 03:10:00,52.053,0.974,265.783,2264.972,
2026-04-24 03:15:00,45.445,0.971,256.049,1607.949,
2026-04-24 03:20:00,65.581,0.971,482.128,1986.373,
2026-04-24 03:25:00,82.623,0.889,1364.959,2391.994,
2026-04-24 03:30:00,60.433,1.005,398.296,1754.504,
2026-04-24 03:35:00,44.421,0.951,249.772,783.791,
2026-04-24 03:40:00,31.387,0.989,95.437,217.26,
2026-04-24 03:45:00,62.411,0.951,600.181,986.893,
2026-04-24 03:50:00,38.63,1.005,143.889,931.182,
2026-04-24 03:55:00,37.514,0.973,169.378,1177.592,
2026-04-24 04:00:00,39.112,0.926,117.002,1749.563,
2026-04-24 04:05:00,38.5,0.999,142.968,1647.211,
2026-04-24 04:10:00,49.541,0.994,224.384,5192.135,
2026-04-24 04:15:00,38.355,1.007,207.325,287.437,
2026-04-24 04:20:00,24.163,0.992,53.083,206.485,
2026-04-24 04:25:00,81.074,1.001,837.631,1632.521,
2026-04-24 04:30:00,68.117,1.006,514.901,1469.826,
2026-04-24 04:35:00,69.17,0.959,883.154,1092.639,
2026-04-24 04:40:00,35.016,1.006,206.669,495.572,
2026-04-24 04:45:00,42.046,1.004,245.016,556.322,
2026-04-24 04:50:00,39.93,1.004,172.72,777.596,
2026-04-24 04:55:00,41.971,0.98,210.94,632.575,
2026-04-24 05:00:00,39.642,0.96,146.257,997.028,
2026-04-24 05:05:00,40.182,0.919,210.035,676.259,
2026-04-24 05:10:00,38.103,0.948,196.247,518.923,
2026-04-24 05:15:00,47.993,0.94,266.398,1231.947,
2026-04-24 05:20:00,41.452,0.917,137.295,1497.036,
2026-04-24 05:25:00,44.718,0.963,240.213,2338.604,
2026-04-24 05:30:00,54.054,0.927,322.383,1092.917,
2026-04-24 05:35:00,55.609,0.934,442.956,2496.325,
2026-04-24 05:40:00,46.559,0.887,283.903,1487.253,
2026-04-24 05:45:00,43.903,0.893,233.677,979.592,
2026-04-24 05:50:00,57.777,0.95,338.878,1294.567,
2026-04-24 05:55:00,93.408,0.957,1308.643,1712.046,
2026-04-24 06:00:00,43.921,0.982,190.682,822.778,
2026-04-24 06:10:00,51.495,0.801,492.533,1048.101,
2026-04-24 06:15:00,35.408,0.847,192.856,2243.746,
2026-04-24 06:20:00,46.408,0.852,210.473,1867.543,
2026-04-24 06:25:00,50.421,0.994,385.621,519.097,
2026-04-24 06:30:00,73.985,0.945,581.176,1250.772,
2026-04-24 06:40:00,32.182,0.766,139.876,1647.028,
2026-04-24 06:45:00,37.678,0.833,334.5,1370.321,
2026-04-24 06:50:00,47.039,0.756,513.75,774.649,
2026-04-24 06:55:00,27.531,0.932,116.723,550.699,
2026-04-24 07:00:00,23.896,0.848,90.645,785.002,
2026-04-24 07:05:00,39.404,0.78,302.952,2167.558,
2026-04-24 07:10:00,33.942,0.751,330.787,1079.242,
2026-04-24 07:15:00,28.825,0.876,133.257,601.675,
2026-04-24 20:45:00,27.925,0.834,130.147,114.321,
2026-04-24 20:50:00,45.596,0.989,443.18,455.162,
2026-04-24 20:55:00,44.003,1.003,367.268,189.929,
2026-04-24 21:00:00,38.961,0.979,252.176,330.084,
2026-04-24 21:05:00,35.27,1.003,178.049,194.837,
2026-04-24 21:10:00,32.603,1.007,152.382,197.904,
2026-04-24 21:15:00,30.903,0.982,129.98,262.446,
2026-04-24 21:20:00,25.571,0.996,86.366,217.438,
2026-04-24 21:25:00,32.49,0.983,164.159,125.253,
2026-04-24 21:30:00,30.861,1.006,159.704,183.29,
2026-04-24 21:35:00,29.222,0.936,381.33,553.839,
2026-04-24 21:40:00,36.469,0.991,219.564,475.127,
2026-04-24 21:45:00,31.14,1.004,139.697,137.68,
2026-04-24 21:50:00,30.185,1.003,143.732,127.415,
2026-04-24 21:55:00,32.031,0.909,140.352,434.608,
2026-04-24 22:00:00,52.371,0.99,317.144,351.415,
2026-04-24 22:05:00,25.123,1.002,98.074,90.84,
2026-04-24 22:10:00,34.153,0.957,154.725,202.256,
2026-04-24 22:15:00,28.211,1.002,92.426,882.248,
2026-04-24 22:20:00,31.05,0.973,78.714,755.663,
2026-04-24 22:25:00,24.759,1.005,67.484,1437.939,
2026-04-24 22:30:00,33.831,0.985,141.36,316.203,
2026-04-24 22:35:00,29.406,0.97,117.036,289.721,
2026-04-24 22:40:00,44.111,0.894,286.281,494.025,
2026-04-24 22:45:00,61.104,1.003,587.947,310.025,
2026-04-24 22:50:00,29.111,0.991,111.614,162.326,
2026-04-24 22:55:00,45.645,0.99,224.996,1305.116,
2026-04-24 23:00:00,46.435,1.006,284.594,325.845,
2026-04-24 23:05:00,44.278,1.002,300.636,321.122,
2026-04-24 23:10:00,40.598,1.005,255.864,176.252,
2026-04-24 23:15:00,36.164,1.005,157.482,193.098,
2026-04-24 23:20:00,49.867,0.891,269.757,889.883,
2026-04-24 23:25:00,92.629,0.939,802.642,394.005,
2026-04-24 23:30:00,66.849,0.906,514.386,1087.032,
2026-04-24 23:35:00,37.834,1.008,192.683,255.845,
2026-04-24 23:40:00,34.92,1.003,114.857,313.439,
2026-04-24 23:45:00,53.08,0.984,286.187,1116.605,
2026-04-24 23:50:00,68.12,0.964,489.72,1735.393,
2026-04-24 23:55:00,60.252,0.897,248.524,861.811,
2026-04-25 00:00:00,35.689,0.996,161.823,342.818,
2026-04-25 00:05:00,42.777,0.989,228.686,755.759,
2026-04-25 00:10:00,55.162,0.975,307.005,429.422,
2026-04-25 00:15:00,41.173,0.939,122.576,568.2,
2026-04-25 00:20:00,78.055,0.924,1089.33,1096.423,
2026-04-25 00:25:00,100.434,1.002,1111.855,3616.223,
2026-04-25 00:30:00,79.144,0.947,799.064,1513.183,
2026-04-25 00:35:00,65.694,0.964,591.246,1701.626,
2026-04-25 00:40:00,64.728,0.98,465.43,998.604,
2026-04-25 00:45:00,48.843,0.994,286.91,597.588,
2026-04-25 00:50:00,59.558,0.925,320.177,1270.573,
2026-04-25 00:55:00,60.974,0.896,282.659,851.716,
2026-04-25 01:00:00,54.377,0.923,368.395,1273.516,
2026-04-25 01:05:00,66.803,0.945,283.522,1826.48,
2026-04-25 01:10:00,30.828,1.003,92.573,587.952,
2026-04-25 01:15:00,55.341,0.97,480.389,1273.622,
2026-04-25 01:20:00,37.502,0.967,138.436,831.747,
2026-04-25 01:25:00,43.396,0.967,200.017,791.76,
2026-04-25 01:30:00,40.733,1.007,222.813,570.651,
2026-04-25 01:35:00,37.944,1.004,198.122,408.097,
2026-04-25 01:40:00,49.056,0.963,307.554,666.921,
2026-04-25 01:45:00,43.797,0.947,234.311,742.027,
2026-04-25 01:50:00,56.385,0.991,388.603,1093.681,
2026-04-25 01:55:00,29.664,0.922,87.407,345.937,
2026-04-25 02:00:00,66.457,1.005,670.244,1418.655,
2026-04-25 02:05:00,43.076,1.003,204.45,671.115,
2026-04-25 02:10:00,34.115,1.009,160.388,458.939,
2026-04-25 02:15:00,42.265,1.004,207.514,887.814,
2026-04-25 02:20:00,50.343,0.995,192.354,909.57,
2026-04-25 02:25:00,57.293,1.006,343.908,598.724,
2026-04-25 02:30:00,56.416,1.002,416.676,754.916,
2026-04-25 02:35:00,69.302,0.949,502.465,1142.079,
2026-04-25 02:40:00,67.439,0.906,474.47,1665.766,
2026-04-25 02:45:00,32.987,0.984,108.056,419.214,
2026-04-25 02:50:00,35.678,0.985,130.675,1280.713,
2026-04-25 02:55:00,40.014,0.968,141.258,990.173,
2026-04-25 03:00:00,95.335,0.953,845.337,3196.997,
2026-04-25 03:05:00,66.362,0.943,477.108,1291.353,
2026-04-25 03:10:00,40.44,0.912,155.624,2459.107,
2026-04-25 03:15:00,28.071,0.977,82.482,655.643,
2026-04-25 03:20:00,32.774,0.951,116.294,813.299,
2026-04-25 03:25:00,42.385,0.947,186.358,1462.254,
2026-04-25 03:30:00,38.86,0.921,149.743,799.648,
2026-04-25 03:35:00,45.821,0.993,263.687,909.589,
2026-04-25 03:40:00,43.213,0.951,173.215,552.928,
2026-04-25 03:45:00,43.775,0.968,174.693,1608.404,
2026-04-25 03:50:00,39.599,0.94,133.025,2229.623,
2026-04-25 03:55:00,47.259,0.959,318.388,634.568,
2026-04-25 04:00:00,39.808,0.919,173.302,695.816,
2026-04-25 04:05:00,32.697,1.003,122.376,408.477,
2026-04-25 04:10:00,31.116,0.986,97.977,713.686,
2026-04-25 04:15:00,33.2,0.947,166.287,626.996,
2026-04-25 04:20:00,39.79,0.968,171.139,664.408,
2026-04-25 04:25:00,41.645,0.996,237.829,780.593,
2026-04-25 04:30:00,46.251,0.969,262.082,470.4,
2026-04-25 04:35:00,40.177,1.003,271.421,204.858,
2026-04-25 04:40:00,47.191,0.963,308.447,607.118,
2026-04-25 04:45:00,60.434,1.004,343.998,341.743,
2026-04-25 04:50:00,40.78,0.976,193.066,665.421,
2026-04-25 04:55:00,42.389,0.986,245.669,382.879,
2026-04-25 05:00:00,35.118,0.902,110.949,1095.885,
2026-04-25 05:05:00,41.871,0.963,181.883,754.673,
2026-04-25 05:10:00,46.681,0.967,150.766,2525.357,
2026-04-25 05:15:00,45.741,0.942,269.304,782.574,
2026-04-25 05:20:00,36.728,0.907,128.607,2345.935,
2026-04-25 05:25:00,43.508,0.871,327.928,2369.726,
2026-04-25 05:30:00,60.393,0.984,452.678,2097.054,
2026-04-25 05:35:00,38.492,0.887,102.492,1503.065,
2026-04-25 05:45:00,52.757,0.966,450.919,1573.226,
2026-04-25 05:50:00,37.641,0.934,206.985,473.331,
2026-04-25 05:55:00,66.255,0.94,604.089,683.484,
2026-04-25 06:00:00,44.372,0.925,279.322,1066.415,
2026-04-25 06:05:00,39.374,0.912,170.154,1189.924,
2026-04-25 06:10:00,45.726,0.925,377.457,1029.972,
2026-04-25 06:15:00,32.457,0.717,237.243,3572.449,
2026-04-25 06:20:00,24.381,0.873,90.902,1018.871,
2026-04-25 06:25:00,32.626,0.877,161.918,1401.093,
2026-04-25 22:25:00,69.33,0.741,658.684,2532.985,
2026-04-25 22:30:00,48.979,0.932,369.805,3835.758,
2026-04-25 22:35:00,54.808,0.845,536.418,3356.468,
2026-04-25 22:40:00,31.122,0.726,86.736,1342.071,
2026-04-25 22:45:00,30.679,0.982,133.177,352.198,
2026-04-25 22:55:00,39.327,0.985,254.878,281.871,
2026-04-25 23:00:00,59.876,0.98,577.917,428.609,
2026-04-25 23:05:00,50.106,1.006,452.553,269.947,
2026-04-25 23:10:00,50.965,0.986,352.094,351.112,
2026-04-25 23:15:00,49.388,1.004,389.766,268.171,
2026-04-25 23:20:00,52.264,1.004,469.545,214.666,
2026-04-25 23:25:00,48.554,1.004,353.871,297.455,
2026-04-25 23:30:00,46.847,1.007,321.152,285.946,
2026-04-25 23:35:00,49.793,0.995,343.754,182.292,
2026-04-25 23:40:00,39.639,0.932,212.202,809.953,
2026-04-25 23:45:00,38.299,1.006,167.258,439.493,
2026-04-25 23:50:00,38.203,1.004,177.478,260.721,
2026-04-25 23:55:00,40.235,0.864,158.479,667.435,
2026-04-26 00:00:00,56.128,1.0,424.221,580.131,
2026-04-26 00:05:00,52.272,1.005,436.492,208.608,
2026-04-26 00:10:00,32.026,0.971,144.297,98.031,
2026-04-26 00:15:00,52.64,0.947,341.644,959.01,
2026-04-26 00:20:00,53.451,0.923,292.834,1255.296,
2026-04-26 00:25:00,48.807,1.003,398.475,598.214,
2026-04-26 00:30:00,39.172,0.944,159.139,966.716,
2026-04-26 00:35:00,43.648,0.892,179.196,683.555,
2026-04-26 00:40:00,47.044,0.978,241.308,476.009,
2026-04-26 00:45:00,40.723,0.999,216.942,240.982,
2026-04-26 00:50:00,52.206,0.983,352.402,1476.17,
2026-04-26 00:55:00,43.684,0.97,179.157,831.061,
2026-04-26 01:00:00,39.751,0.982,179.78,438.077,
2026-04-26 01:05:00,41.852,0.978,158.086,644.955,
2026-04-26 01:10:00,44.727,1.007,276.145,175.541,
2026-04-26 01:15:00,46.333,1.003,265.086,194.464,
2026-04-26 01:20:00,45.733,1.003,207.605,237.273,
2026-04-26 01:25:00,48.265,1.008,248.883,401.884,
2026-04-26 01:30:00,49.948,1.005,302.417,381.596,
2026-04-26 01:35:00,64.04,0.941,475.273,1172.857,
2026-04-26 01:40:00,52.282,1.004,393.94,240.486,
2026-04-26 01:45:00,52.152,0.984,374.491,1250.343,
2026-04-26 01:50:00,44.896,1.005,239.592,144.954,
2026-04-26 01:55:00,48.647,1.004,299.161,342.673,
2026-04-26 02:00:00,57.454,0.947,362.132,379.724,
2026-04-26 02:05:00,56.31,1.002,421.921,337.155,
2026-04-26 02:10:00,39.694,0.969,232.833,1215.077,
2026-04-26 02:15:00,35.442,1.001,170.086,424.542,
2026-04-26 02:20:00,31.23,0.947,121.781,431.451,
2026-04-26 02:25:00,35.202,0.991,134.224,884.875,
2026-04-26 02:30:00,38.881,0.929,142.339,921.788,
2026-04-26 02:35:00,42.991,0.949,252.273,675.744,
2026-04-26 02:40:00,30.186,0.973,140.42,1024.149,
2026-04-26 02:45:00,39.03,0.889,409.609,3415.053,
2026-04-26 02:50:00,36.18,0.971,158.106,551.929,
2026-04-26 02:55:00,41.379,0.945,147.656,1418.45,
2026-04-26 03:00:00,53.359,0.88,357.977,962.427,
2026-04-26 03:05:00,41.461,0.826,209.748,748.399,
2026-04-26 03:10:00,36.754,0.778,113.653,418.609,
2026-04-26 03:15:00,33.267,0.978,123.487,1921.262,
2026-04-26 03:20:00,34.238,0.971,74.259,376.384,
2026-04-26 03:25:00,40.795,0.916,226.987,1976.982,
2026-04-26 03:30:00,42.494,0.955,142.5,1702.191,
2026-04-26 03:35:00,67.759,0.943,577.075,527.759,
2026-04-26 03:40:00,76.701,0.951,737.324,1419.898,
2026-04-26 03:45:00,54.346,0.961,399.692,751.097,
2026-04-26 03:50:00,79.188,1.003,796.158,694.456,
2026-04-26 03:55:00,43.793,1.001,287.376,373.716,
2026-04-26 04:00:00,57.219,0.981,670.001,2890.279,
2026-04-26 04:05:00,45.779,0.945,229.648,1375.383,
2026-04-26 04:10:00,58.014,0.945,502.682,1556.671,
2026-04-26 04:15:00,48.232,0.88,236.571,1536.181,
2026-04-26 04:20:00,98.599,0.944,1308.862,1757.027,
2026-04-26 04:25:00,108.729,0.92,1568.788,2748.488,
2026-04-26 04:30:00,101.512,0.918,807.366,2562.715,
2026-04-26 04:35:00,114.217,0.899,1488.603,2826.117,
2026-04-26 04:40:00,90.031,0.932,967.841,2953.69,
2026-04-26 04:45:00,97.295,0.876,1092.443,3293.453,
2026-04-26 04:50:00,41.035,0.962,192.293,635.931,
2026-04-26 04:55:00,41.638,0.985,174.6,2232.887,
2026-04-26 05:00:00,47.166,0.966,170.619,663.654,
2026-04-26 05:05:00,49.595,0.97,255.233,1290.88,
2026-04-26 05:10:00,52.875,0.84,216.102,1195.952,
2026-04-26 05:15:00,50.547,0.908,211.152,667.178,
2026-04-26 05:20:00,50.098,0.853,258.845,776.101,
2026-04-26 05:25:00,47.742,0.717,117.238,647.079,
2026-04-26 21:55:00,36.974,0.92,157.086,191.032,
2026-04-26 22:00:00,43.593,0.828,278.218,506.293,
2026-04-26 22:05:00,23.726,0.824,71.218,209.736,
2026-04-26 22:10:00,46.591,0.929,332.329,169.687,
2026-04-26 22:15:00,42.19,0.942,235.994,341.976,
2026-04-26 22:20:00,41.921,1.007,285.312,242.614,
2026-04-26 22:25:00,40.064,1.002,262.111,93.802,
2026-04-26 22:30:00,41.917,0.993,271.391,80.396,
2026-04-26 22:35:00,33.588,0.936,158.145,292.919,
2026-04-26 22:40:00,36.952,0.964,161.993,652.952,
2026-04-26 22:45:00,37.968,0.986,184.814,279.694,
2026-04-26 22:50:00,34.485,0.878,123.876,834.821,
2026-04-26 22:55:00,31.235,0.981,147.112,507.864,
2026-04-26 23:00:00,27.204,1.003,104.673,276.437,
2026-04-26 23:05:00,23.906,0.989,83.827,435.746,
2026-04-26 23:10:00,23.381,0.931,61.595,383.938,
2026-04-26 23:15:00,23.186,0.988,68.667,608.57,
2026-04-26 23:20:00,23.979,0.986,62.908,820.014,
2026-04-26 23:25:00,22.186,0.973,62.406,797.468,
2026-04-26 23:30:00,20.874,1.001,46.112,680.819,
2026-04-26 23:35:00,23.463,0.927,51.679,702.562,
2026-04-26 23:40:00,38.395,0.999,206.719,294.626,
2026-04-26 23:45:00,45.034,0.995,283.032,331.176,
2026-04-26 23:50:00,52.868,0.995,456.919,211.391,
2026-04-26 23:55:00,47.386,1.0,331.698,191.983,
2026-04-27 00:00:00,48.023,1.0,338.55,227.788,
2026-04-27 00:05:00,57.667,0.752,293.699,523.318,
2026-04-27 00:10:00,55.61,0.799,259.818,1228.989,
2026-04-27 00:15:00,50.425,0.987,294.966,374.185,
2026-04-27 00:20:00,46.561,0.987,221.024,554.739,
2026-04-27 00:25:00,48.648,0.974,450.752,1933.491,
2026-04-27 00:30:00,39.658,0.958,171.92,320.704,
2026-04-27 00:35:00,48.481,0.959,304.789,237.23,
2026-04-27 00:40:00,58.685,0.997,483.602,1197.819,
2026-04-27 00:45:00,52.279,0.999,347.25,1166.554,
2026-04-27 00:50:00,51.872,0.976,324.976,1607.266,
2026-04-27 00:55:00,50.702,0.983,317.245,972.129,
2026-04-27 01:00:00,53.565,0.962,263.858,2710.417,
2026-04-27 01:05:00,43.982,1.004,264.658,1336.952,
2026-04-27 01:10:00,48.433,0.984,289.592,1434.846,
2026-04-27 01:15:00,40.892,0.94,164.412,1428.806,
2026-04-27 01:20:00,46.388,1.003,258.372,368.041,
2026-04-27 01:25:00,45.8,1.006,244.048,594.37,
2026-04-27 01:30:00,39.192,0.937,215.011,863.246,
2026-04-27 01:35:00,33.035,1.003,133.664,443.715,
2026-04-27 01:40:00,22.032,0.955,28.712,319.241,
2026-04-27 01:45:00,34.832,0.986,95.436,890.334,
2026-04-27 01:50:00,29.656,1.007,147.555,1607.002,
2026-04-27 01:55:00,25.686,0.951,61.983,231.965,
2026-04-27 02:00:00,28.905,0.995,90.122,1075.179,
2026-04-27 02:05:00,21.162,0.984,61.144,403.789,
2026-04-27 02:10:00,34.58,1.004,135.334,1333.345,
2026-04-27 02:15:00,29.783,1.004,81.36,348.922,
2026-04-27 02:20:00,27.978,0.991,101.614,386.688,
2026-04-27 02:25:00,32.903,1.008,158.375,325.754,
2026-04-27 02:30:00,32.046,0.982,119.225,333.295,
2026-04-27 02:35:00,33.439,0.99,135.526,315.972,
2026-04-27 02:40:00,31.242,1.005,143.497,288.562,
2026-04-27 02:45:00,31.552,0.992,136.068,161.415,
2026-04-27 02:50:00,34.264,1.005,154.114,313.672,
2026-04-27 02:55:00,54.234,0.91,291.287,2930.819,
2026-04-27 03:00:00,55.144,1.003,403.487,437.58,
2026-04-27 03:05:00,55.927,0.977,397.775,539.366,
2026-04-27 03:10:00,67.269,0.98,354.725,1379.674,
2026-04-27 03:15:00,57.059,0.997,268.497,858.333,
2026-04-27 03:20:00,53.103,1.009,329.301,791.615,
2026-04-27 03:25:00,46.448,0.887,226.835,1543.846,
2026-04-27 03:30:00,43.081,0.937,240.161,1425.623,
2026-04-27 03:35:00,42.771,1.006,243.829,1861.213,
2026-04-27 03:40:00,44.955,0.965,159.675,488.268,
2026-04-27 04:10:00,93.079,0.935,507.205,1682.871,
2026-04-27 04:15:00,58.79,0.965,295.339,1708.286,
2026-04-27 04:20:00,56.414,0.951,236.668,1662.766,
2026-04-27 04:25:00,63.155,0.925,387.394,2160.995,
2026-04-27 04:30:00,94.026,0.954,801.303,3644.208,
2026-04-27 04:35:00,65.413,0.971,548.754,2074.578,
2026-04-27 04:40:00,94.207,0.866,931.059,2067.056,
2026-04-27 04:45:00,117.295,0.925,1309.805,3073.38,
2026-04-27 04:50:00,57.385,0.796,251.964,1254.446,
2026-04-27 04:55:00,39.232,0.968,290.727,1875.472,
2026-04-27 05:00:00,39.042,0.909,245.324,2915.871,
2026-04-27 05:05:00,25.517,1.0,124.03,422.922,
2026-04-27 05:10:00,29.155,0.95,146.359,1434.561,
2026-04-27 05:15:00,24.095,0.932,62.003,157.93,
2026-04-27 05:20:00,41.834,0.809,235.271,1520.569,
2026-04-27 05:25:00,48.753,1.004,389.428,1609.525,
2026-04-27 05:30:00,66.428,0.975,607.722,1405.512,
2026-04-27 05:35:00,39.248,0.959,150.801,1219.605,
2026-04-27 05:40:00,58.393,0.937,468.152,981.01,
2026-04-27 05:45:00,105.178,1.005,1815.753,2114.343,
2026-04-27 05:50:00,85.714,0.956,884.738,3256.344,
2026-04-27 05:55:00,87.106,0.968,1032.274,1625.711,
2026-04-27 06:00:00,82.626,0.873,1051.302,1689.384,
2026-04-27 06:05:00,94.982,0.915,1073.086,2705.699,
2026-04-27 06:10:00,103.296,0.987,2277.006,2760.636,
2026-04-27 06:15:00,86.957,0.933,844.491,3302.363,
2026-04-27 06:20:00,116.912,0.949,2010.052,1720.48,
2026-04-27 22:00:00,30.719,0.887,184.315,608.789,
2026-04-27 22:05:00,54.952,0.917,417.747,376.076,
2026-04-27 22:10:00,65.205,1.005,569.954,211.6,
2026-04-27 22:15:00,64.754,0.975,445.287,533.634,
2026-04-27 22:20:00,74.952,1.002,751.971,277.977,
2026-04-27 22:25:00,72.693,1.007,771.265,251.352,
2026-04-27 22:30:00,66.002,1.001,645.609,167.893,
2026-04-27 22:35:00,70.503,0.991,665.261,551.814,
2026-04-27 22:40:00,66.531,1.003,611.742,156.968,
2026-04-27 22:45:00,55.367,0.909,445.302,621.777,
2026-04-27 22:50:00,45.949,1.004,264.567,593.365,
2026-04-27 22:55:00,40.242,0.982,231.736,251.772,
2026-04-27 23:00:00,24.872,1.003,71.635,199.916,
2026-04-27 23:05:00,30.689,1.004,129.734,177.825,
2026-04-27 23:10:00,31.686,0.962,103.852,253.432,
2026-04-27 23:15:00,33.397,1.007,146.426,528.26,
2026-04-27 23:20:00,31.389,0.986,119.725,746.085,
2026-04-27 23:25:00,41.853,0.924,176.634,1176.922,
2026-04-27 23:30:00,44.374,0.952,250.395,1397.4,
2026-04-27 23:35:00,24.075,1.005,59.269,329.314,
2026-04-27 23:40:00,29.338,0.955,94.816,707.423,
2026-04-27 23:45:00,30.474,1.003,94.066,241.295,
2026-04-27 23:50:00,31.505,0.778,96.548,807.33,
2026-04-28 00:00:00,38.156,0.877,211.687,286.679,
2026-04-28 00:05:00,44.101,0.988,213.872,1130.076,
2026-04-28 00:10:00,36.676,0.945,180.106,176.68,
2026-04-28 00:15:00,34.014,1.008,162.943,409.606,
2026-04-28 00:20:00,39.585,0.985,235.202,263.193,
2026-04-28 00:25:00,39.689,0.975,147.7,609.073,
2026-04-28 00:30:00,36.765,0.984,156.298,368.284,
2026-04-28 00:35:00,37.57,0.957,158.044,938.295,
2026-04-28 00:40:00,35.223,0.947,126.708,400.05,
2026-04-28 00:45:00,35.778,0.909,132.856,506.917,
2026-04-28 00:50:00,31.904,0.99,127.84,438.652,
2026-04-28 00:55:00,42.497,0.968,188.863,636.885,
2026-04-28 01:00:00,37.724,0.942,175.513,610.757,
2026-04-28 01:05:00,41.042,0.996,255.48,883.44,
2026-04-28 01:10:00,37.859,0.984,167.285,636.24,
2026-04-28 01:15:00,37.33,1.007,199.817,155.978,
2026-04-28 01:20:00,34.09,0.98,125.649,648.098,
2026-04-28 01:25:00,35.077,0.922,131.083,966.508,
2026-04-28 01:30:00,32.298,0.943,143.245,889.393,
2026-04-28 01:35:00,26.336,0.991,126.679,2221.899,
2026-04-28 01:40:00,25.526,0.966,75.603,1174.066,
2026-04-28 01:45:00,34.728,0.927,136.652,579.27,
2026-04-28 01:50:00,28.924,0.986,118.968,1042.036,
2026-04-28 01:55:00,35.547,0.944,106.639,929.425,
2026-04-28 02:00:00,32.107,0.99,99.446,1016.232,
2026-04-28 02:05:00,45.308,0.874,249.454,503.546,
2026-04-28 02:10:00,101.565,0.949,1561.465,3062.63,
2026-04-28 02:15:00,51.194,1.006,316.317,1442.775,
2026-04-28 02:20:00,39.462,0.965,201.574,1296.627,
2026-04-28 02:25:00,32.928,0.979,141.349,692.614,
2026-04-28 02:30:00,40.011,1.004,146.844,732.162,
2026-04-28 02:35:00,38.462,1.007,249.955,548.616,
2026-04-28 02:40:00,57.094,0.952,311.041,2074.86,
2026-04-28 02:45:00,64.721,1.007,451.286,1515.107,
2026-04-28 02:50:00,43.123,0.991,154.309,1253.54,
2026-04-28 02:55:00,43.002,0.969,236.879,1380.975,
2026-04-28 03:00:00,56.253,0.959,348.887,3018.105,
2026-04-28 03:05:00,62.823,0.977,354.993,1716.211,
2026-04-28 03:10:00,73.118,0.993,682.208,3123.099,
2026-04-28 03:15:00,33.076,1.007,135.639,685.86,
2026-04-28 03:20:00,39.351,0.963,132.211,625.537,
2026-04-28 03:25:00,42.568,0.922,141.575,3146.968,
2026-04-28 03:30:00,65.639,0.944,573.186,3449.967,
2026-04-28 03:35:00,47.206,0.986,220.688,676.789,
2026-04-28 03:40:00,38.777,0.942,179.472,647.15,
2026-04-28 03:45:00,50.264,0.977,209.072,1661.696,
2026-04-28 03:50:00,47.243,0.974,336.318,1518.781,
2026-04-28 03:55:00,62.421,1.006,419.115,1465.142,
2026-04-28 04:00:00,50.737,0.975,338.763,1536.697,
2026-04-28 04:05:00,54.63,0.98,383.877,1476.751,
2026-04-28 04:10:00,44.858,0.898,139.997,1890.652,
2026-04-28 04:15:00,41.349,0.971,151.981,796.378,
2026-04-28 04:20:00,34.402,0.968,118.875,510.2,
2026-04-28 04:25:00,44.03,0.97,205.757,595.66,
2026-04-28 04:30:00,39.304,1.007,180.067,525.216,
2026-04-28 04:35:00,42.423,0.959,245.299,547.754,
2026-04-28 04:40:00,39.954,0.951,219.458,608.791,
2026-04-28 04:45:00,36.607,0.968,181.451,1125.662,
2026-04-28 04:50:00,40.609,0.974,195.587,242.461,
2026-04-28 04:55:00,38.032,0.957,168.705,810.493,
2026-04-28 05:00:00,45.914,0.93,229.18,2055.421,
2026-04-28 05:20:00,31.851,0.993,116.776,2202.4,
2026-04-28 05:25:00,32.824,0.955,120.759,485.463,
2026-04-28 05:30:00,38.182,0.899,188.895,1491.408,
2026-04-28 05:35:00,45.258,0.962,242.364,379.416,
2026-04-28 05:40:00,40.4,0.944,218.625,458.788,
2026-04-28 05:45:00,42.571,0.911,223.679,2370.387,
2026-04-28 05:50:00,46.812,0.936,358.957,1750.755,
2026-04-28 05:55:00,45.524,0.932,300.161,3005.915,
2026-04-28 06:20:00,31.217,0.817,238.101,389.003,
2026-04-28 06:30:00,44.897,0.817,376.619,3686.043,
2026-04-28 06:35:00,35.791,0.721,510.574,2699.824,
2026-04-28 06:45:00,33.06,1.003,155.915,663.824,
2026-04-28 06:50:00,26.246,1.003,90.477,363.832,
2026-04-28 21:40:00,24.083,0.704,57.647,761.568,
2026-04-28 21:45:00,23.092,0.985,60.241,1082.869,
2026-04-28 21:50:00,19.842,0.986,38.26,935.432,
2026-04-28 21:55:00,38.646,0.977,203.525,220.489,
2026-04-28 22:00:00,45.364,0.946,330.993,127.65,
2026-04-28 22:05:00,42.378,1.002,269.398,160.066,
2026-04-28 22:10:00,41.738,1.001,305.981,228.73,
2026-04-28 22:15:00,43.461,1.006,300.165,252.273,
2026-04-28 22:20:00,40.823,1.003,274.952,166.245,
2026-04-28 22:25:00,42.551,1.005,207.508,122.369,
2026-04-28 22:30:00,38.246,0.979,217.667,96.994,
2026-04-28 22:35:00,44.699,1.001,316.633,127.33,
2026-04-28 22:40:00,40.986,0.943,193.094,261.245,
2026-04-28 22:45:00,46.253,1.006,281.06,395.657,
2026-04-28 22:50:00,41.435,0.99,251.323,830.837,
2026-04-28 22:55:00,51.977,0.98,326.922,1485.783,
2026-04-28 23:00:00,44.552,0.973,189.062,831.05,
2026-04-28 23:05:00,38.523,1.005,180.871,192.968,
2026-04-28 23:10:00,45.003,0.953,277.29,562.349,
2026-04-28 23:15:00,61.469,0.93,395.391,1006.496,
2026-04-28 23:20:00,56.775,1.005,346.938,711.808,
2026-04-28 23:25:00,35.657,0.943,143.899,638.453,
2026-04-28 23:30:00,36.734,0.979,134.191,225.382,
2026-04-28 23:35:00,40.632,0.96,144.698,825.947,
2026-04-28 23:40:00,33.309,1.005,141.908,663.356,
2026-04-28 23:50:00,44.183,0.913,321.108,536.153,
2026-04-28 23:55:00,50.859,0.968,349.012,774.55,
2026-04-29 00:00:00,47.055,1.002,297.236,228.931,
2026-04-29 00:05:00,54.408,0.985,373.651,577.422,
2026-04-29 00:10:00,53.268,0.976,353.41,1010.67,
2026-04-29 00:15:00,59.217,0.976,401.414,722.94,
2026-04-29 00:20:00,56.214,0.994,362.771,861.658,
2026-04-29 00:25:00,56.75,1.002,406.125,435.759,
2026-04-29 00:30:00,47.829,0.974,226.442,1110.308,
2026-04-29 00:35:00,52.443,0.988,347.551,853.106,
2026-04-29 00:40:00,54.537,0.969,406.441,1279.085,
2026-04-29 00:45:00,49.267,0.894,297.58,879.654,
2026-04-29 00:50:00,47.282,1.004,257.909,377.886,
2026-04-29 00:55:00,51.395,0.967,310.706,370.981,
2026-04-29 01:00:00,71.64,0.933,576.037,1090.839,
2026-04-29 01:05:00,67.434,0.95,430.525,1970.149,
2026-04-29 01:10:00,57.226,0.991,690.232,1009.266,
2026-04-29 01:15:00,62.81,0.969,547.559,1164.267,
2026-04-29 01:20:00,64.076,0.96,528.345,1613.662,
2026-04-29 01:25:00,35.661,0.997,139.631,660.869,
2026-04-29 01:30:00,35.615,1.007,89.083,718.524,
2026-04-29 01:35:00,40.278,0.939,181.213,883.917,
2026-04-29 01:40:00,40.564,0.906,219.814,724.571,
2026-04-29 01:45:00,41.59,0.983,193.695,310.204,
2026-04-29 01:50:00,41.003,0.947,202.442,335.005,
2026-04-29 01:55:00,46.877,0.983,262.601,646.198,
2026-04-29 02:00:00,34.697,0.992,106.057,482.453,
2026-04-29 02:05:00,36.251,1.006,154.579,348.884,
2026-04-29 02:10:00,39.149,1.006,238.005,518.736,
2026-04-29 02:15:00,38.889,0.953,154.367,1167.025,
2026-04-29 02:20:00,44.709,0.986,300.168,255.155,
2026-04-29 02:25:00,48.811,0.987,283.746,776.175,
2026-04-29 02:30:00,52.956,1.005,322.243,522.062,
2026-04-29 02:35:00,51.656,1.005,352.797,308.149,
2026-04-29 02:40:00,48.793,1.005,304.922,235.179,
2026-04-29 02:45:00,52.315,0.994,362.915,696.377,
2026-04-29 02:50:00,48.429,1.005,284.327,495.773,
2026-04-29 02:55:00,51.38,1.004,275.45,582.16,
2026-04-29 03:00:00,46.706,1.001,270.043,490.093,
2026-04-29 03:05:00,47.191,1.006,253.793,500.737,
2026-04-29 03:10:00,60.349,0.93,420.811,1570.274,
2026-04-29 03:15:00,61.126,1.002,404.214,872.402,
2026-04-29 03:20:00,100.139,0.945,1262.793,1666.76,
2026-04-29 03:25:00,73.204,0.945,553.236,1873.661,
2026-04-29 03:30:00,76.669,0.782,609.883,1188.302,
2026-04-29 03:45:00,69.562,0.979,479.064,1980.59,
2026-04-29 03:50:00,67.614,0.969,521.898,3003.795,
2026-04-29 03:55:00,43.038,0.951,165.824,1535.895,
2026-04-29 04:00:00,71.994,0.958,424.422,3999.191,
2026-04-29 04:05:00,86.689,0.974,706.903,1588.576,
2026-04-29 04:10:00,37.567,0.95,152.413,1465.986,
2026-04-29 04:15:00,53.526,1.004,305.91,1619.251,
2026-04-29 04:20:00,37.634,0.988,177.617,414.875,
2026-04-29 04:25:00,45.104,0.982,230.722,963.359,
2026-04-29 04:30:00,61.72,0.852,452.001,1018.812,
2026-04-29 04:35:00,52.41,0.974,254.933,1583.883,
2026-04-29 04:40:00,59.025,0.99,328.35,1379.442,
2026-04-29 04:45:00,36.881,0.929,134.062,251.463,
2026-04-29 04:50:00,67.882,0.927,550.051,1107.455,
2026-04-29 04:55:00,64.335,0.989,428.052,785.122,
2026-04-29 05:00:00,75.187,0.946,577.717,1879.826,
2026-04-29 05:05:00,76.694,0.984,782.0,859.759,
2026-04-29 05:10:00,65.031,1.004,543.099,779.521,
2026-04-29 05:15:00,64.442,0.973,415.663,1670.9,
2026-04-29 05:20:00,52.65,0.913,333.062,3386.36,
2026-04-29 05:25:00,40.484,0.925,173.446,1408.773,
2026-04-29 05:30:00,45.924,0.98,237.519,1621.786,
2026-04-29 05:35:00,39.275,0.931,136.467,1312.838,
2026-04-29 05:40:00,41.012,0.939,178.537,859.674,
2026-04-29 05:50:00,54.234,0.915,445.255,652.366,
2026-04-29 05:55:00,46.574,0.969,336.992,993.921,
2026-04-29 06:00:00,54.603,0.971,305.576,916.445,
2026-04-29 06:05:00,54.092,0.939,394.585,1639.939,
2026-04-29 06:10:00,68.13,0.991,481.006,1247.976,
2026-04-29 06:15:00,65.353,0.755,776.259,2968.009,
2026-04-29 06:25:00,42.413,0.812,205.114,1628.046,
2026-04-29 06:30:00,38.055,0.735,225.178,505.836,
2026-04-29 21:30:00,32.663,0.97,156.892,274.662,
2026-04-29 21:35:00,32.165,0.898,135.88,358.845,
2026-04-29 21:40:00,46.031,0.773,340.52,317.941,
2026-04-29 21:45:00,32.39,0.85,181.696,188.054,
2026-04-29 21:50:00,49.576,0.864,288.796,206.923,
2026-04-29 21:55:00,53.501,0.952,488.259,705.909,
2026-04-29 22:00:00,37.806,1.005,205.029,268.065,
2026-04-29 22:05:00,44.109,1.005,303.277,152.142,
2026-04-29 22:10:00,41.292,1.003,236.199,134.704,
2026-04-29 22:15:00,40.214,1.006,209.163,226.737,
2026-04-29 22:20:00,38.057,0.978,236.157,181.286,
2026-04-29 22:25:00,33.073,1.005,135.093,183.925,
2026-04-29 22:30:00,38.711,0.957,210.348,212.628,
2026-04-29 22:35:00,33.992,1.002,151.1,229.922,
2026-04-29 22:40:00,33.353,0.946,149.276,414.85,
2026-04-29 22:45:00,40.119,0.953,173.958,331.002,
2026-04-29 22:50:00,43.536,0.963,210.633,587.384,
2026-04-29 22:55:00,35.312,1.006,124.101,675.44,
2026-04-29 23:00:00,34.332,1.004,119.711,522.443,
2026-04-29 23:05:00,26.508,1.003,71.882,201.908,
2026-04-29 23:10:00,33.182,0.944,105.82,860.432,
2026-04-29 23:15:00,38.619,0.951,127.493,632.247,
2026-04-29 23:20:00,43.708,1.003,289.439,232.648,
2026-04-29 23:25:00,48.001,1.008,280.051,369.398,
2026-04-29 23:30:00,47.733,1.001,272.568,419.104,
2026-04-29 23:35:00,48.768,0.972,253.562,842.881,
2026-04-29 23:40:00,46.187,0.965,219.846,1969.26,
2026-04-29 23:45:00,33.485,0.958,82.241,327.505,
2026-04-29 23:50:00,36.423,1.006,100.519,98.007,
2026-04-29 23:55:00,37.815,0.934,128.432,185.765,
2026-04-30 00:00:00,49.444,0.999,327.319,462.886,
2026-04-30 00:05:00,52.36,0.968,299.274,1158.714,
2026-04-30 00:10:00,55.587,1.006,381.304,291.14,
2026-04-30 00:15:00,47.729,1.008,224.691,157.559,
2026-04-30 00:20:00,46.869,1.003,267.542,374.908,
2026-04-30 00:25:00,43.556,1.006,224.438,271.926,
2026-04-30 00:30:00,40.878,0.901,186.927,800.282,
2026-04-30 00:35:00,47.064,1.004,291.245,2092.463,
2026-04-30 00:40:00,45.721,1.004,252.067,925.954,
2026-04-30 00:45:00,36.019,0.992,143.505,414.504,
2026-04-30 00:50:00,38.993,1.003,213.664,576.23,
2026-04-30 00:55:00,34.414,0.905,156.099,787.251,
2026-04-30 01:00:00,36.447,1.0,184.677,318.765,
2026-04-30 01:05:00,36.117,0.987,158.214,345.776,
2026-04-30 01:10:00,42.651,0.951,235.168,844.936,
2026-04-30 01:15:00,43.483,0.972,267.792,531.663,
2026-04-30 01:20:00,39.696,0.991,194.978,320.171,
2026-04-30 01:25:00,47.05,0.98,257.52,540.868,
2026-04-30 01:30:00,56.576,1.006,395.637,756.133,
2026-04-30 01:35:00,49.973,1.004,379.22,1163.209,
2026-04-30 01:40:00,46.44,0.988,281.453,1492.516,
2026-04-30 01:45:00,38.564,0.97,213.252,475.83,
2026-04-30 01:50:00,44.305,0.991,249.242,1560.74,
2026-04-30 01:55:00,31.48,0.977,108.386,601.493,
2026-04-30 02:00:00,44.719,0.986,318.528,1232.534,
2026-04-30 02:05:00,44.142,0.901,159.415,512.862,
2026-04-30 02:10:00,35.291,0.989,131.125,955.161,
2026-04-30 02:15:00,57.769,0.998,412.236,1045.225,
2026-04-30 02:20:00,35.18,0.99,85.028,553.707,
2026-04-30 02:25:00,39.789,0.987,213.418,667.868,
2026-04-30 02:30:00,40.589,0.953,204.667,525.88,
2026-04-30 02:35:00,44.72,0.989,263.451,985.235,
2026-04-30 02:40:00,48.349,0.861,238.484,1391.868,
2026-04-30 02:45:00,35.186,0.999,78.19,201.036,
2026-04-30 02:50:00,40.592,0.857,191.928,846.076,
2026-04-30 03:05:00,44.326,1.006,350.07,355.668,
2026-04-30 03:10:00,42.691,1.004,239.856,364.874,
2026-04-30 03:15:00,53.122,1.005,384.766,316.148,
2026-04-30 03:20:00,49.304,1.004,317.233,252.327,
2026-04-30 03:25:00,44.182,0.949,189.49,533.503,
2026-04-30 03:30:00,31.467,1.005,128.278,178.63,
2026-04-30 03:35:00,41.49,0.984,235.543,433.299,
2026-04-30 03:40:00,32.44,0.954,103.564,276.341,
2026-04-30 03:45:00,40.163,1.005,258.704,771.59,
2026-04-30 03:50:00,32.622,0.956,149.065,505.367,
2026-04-30 03:55:00,32.26,0.951,139.932,606.019,
2026-04-30 04:00:00,26.393,0.982,60.271,329.417,
2026-04-30 04:05:00,23.912,0.971,76.363,308.498,
2026-04-30 04:10:00,24.113,0.974,41.938,208.245,
2026-04-30 04:15:00,39.602,0.892,230.165,602.27,
2026-04-30 04:20:00,33.63,1.001,172.268,366.287,
2026-04-30 04:25:00,30.144,0.94,100.22,373.133,
2026-04-30 04:30:00,32.212,0.977,113.811,406.784,
2026-04-30 04:35:00,34.293,0.965,113.145,456.391,
2026-04-30 04:40:00,25.751,1.006,70.705,428.068,
2026-04-30 04:45:00,28.095,1.003,118.223,157.909,
2026-04-30 04:50:00,26.776,0.991,104.565,180.594,
2026-04-30 04:55:00,31.925,0.981,135.322,381.583,
2026-04-30 05:00:00,34.677,0.939,171.716,731.724,
2026-04-30 05:05:00,29.608,0.917,89.052,1532.694,
2026-04-30 05:10:00,31.097,0.974,89.227,635.195,
2026-04-30 05:15:00,29.018,0.938,78.584,1056.135,
2026-04-30 05:20:00,24.822,0.925,38.426,253.054,
2026-04-30 05:25:00,30.299,0.941,92.306,1494.724,
2026-04-30 05:30:00,34.257,0.908,115.933,653.474,
2026-04-30 05:35:00,37.041,0.92,79.759,1509.616,
2026-04-30 05:40:00,30.614,0.972,123.837,417.18,
2026-04-30 05:45:00,30.973,0.968,72.877,1110.25,
2026-04-30 05:50:00,34.44,1.001,140.331,954.284,
2026-04-30 05:55:00,35.672,1.007,168.335,570.334,
2026-04-30 06:00:00,31.013,0.973,124.243,564.86,
2026-04-30 06:05:00,31.131,0.985,120.257,635.12,
2026-04-30 06:10:00,37.286,0.987,193.049,1874.712,
2026-04-30 23:40:00,27.556,0.986,135.364,115.815,
2026-04-30 23:45:00,40.352,0.925,272.4,107.61,
2026-04-30 23:50:00,40.778,0.981,291.783,120.374,
2026-04-30 23:55:00,37.947,0.945,177.025,324.811,
2026-05-01 00:00:00,34.329,1.0,167.881,223.382,
2026-05-01 00:05:00,33.364,1.006,154.905,131.454,
2026-05-01 00:10:00,39.126,0.963,168.973,153.528,
2026-05-01 00:15:00,30.721,1.006,146.285,357.934,
2026-05-01 00:20:00,34.418,1.001,172.726,137.224,
2026-05-01 00:25:00,32.379,1.007,126.141,172.662,
2026-05-01 00:30:00,31.939,1.004,144.927,228.207,
2026-05-01 00:35:00,33.182,1.004,149.176,124.263,
2026-05-01 00:40:00,32.947,0.972,119.499,246.708,
2026-05-01 00:45:00,31.238,0.987,113.086,605.544,
2026-05-01 00:50:00,23.913,1.004,56.254,409.98,
2026-05-01 00:55:00,28.142,0.975,126.654,535.083,
2026-05-01 01:00:00,32.473,0.991,127.303,810.214,
2026-05-01 01:05:00,36.257,0.982,190.37,967.16,
2026-05-01 01:10:00,32.235,0.95,164.066,324.294,
2026-05-01 01:15:00,37.103,0.914,180.981,845.885,
2026-05-01 01:20:00,36.004,1.007,176.563,195.313,
2026-05-01 01:25:00,36.565,1.003,159.113,342.137,
2026-05-01 01:30:00,32.755,1.004,160.844,210.786,
2026-05-01 01:35:00,36.214,1.002,176.027,380.81,
2026-05-01 01:40:00,43.69,0.976,314.458,797.757,
2026-05-01 01:45:00,36.837,0.885,116.825,1274.099,
2026-05-01 01:50:00,28.428,0.986,95.137,98.253,
2026-05-01 01:55:00,45.599,0.93,205.78,1022.423,
2026-05-01 02:00:00,42.741,0.978,210.013,1203.684,
2026-05-01 02:05:00,45.434,1.001,239.813,519.91,
2026-05-01 02:10:00,56.45,0.962,348.643,1298.181,
2026-05-01 02:15:00,45.315,0.977,263.434,1189.352,
2026-05-01 02:20:00,50.538,0.939,353.483,487.598,
2026-05-01 02:25:00,48.74,0.978,259.436,600.093,
2026-05-01 02:30:00,51.663,0.925,300.007,768.649,
2026-05-01 02:35:00,48.113,0.932,207.386,1571.988,
2026-05-01 02:40:00,50.297,1.004,267.061,1194.191,
2026-05-01 02:45:00,38.479,0.986,179.828,879.656,
2026-05-01 02:50:00,38.864,0.992,183.17,933.077,
2026-05-01 02:55:00,42.277,0.934,146.102,552.639,
2026-05-01 03:00:00,40.585,0.975,186.381,888.405,
2026-05-01 03:05:00,69.217,0.881,1424.769,13125.18,
2026-05-01 03:10:00,51.677,0.92,290.147,1120.701,
2026-05-01 03:15:00,53.864,0.958,279.375,1218.557,
2026-05-01 03:20:00,60.011,0.955,448.485,1513.255,
2026-05-01 03:25:00,56.091,0.987,376.507,1240.972,
2026-05-01 03:30:00,44.753,1.006,244.38,690.608,
2026-05-01 03:35:00,38.607,0.984,144.016,469.5,
2026-05-01 03:40:00,44.788,1.003,234.87,1311.256,
2026-05-01 03:45:00,68.49,0.937,449.49,1816.615,
2026-05-01 03:50:00,58.971,1.005,378.959,740.455,
2026-05-01 03:55:00,48.331,0.912,231.574,1480.735,
2026-05-01 04:00:00,34.832,1.004,189.475,449.513,
2026-05-01 04:05:00,34.366,1.007,161.573,248.933,
2026-05-01 04:10:00,34.093,0.996,152.195,186.547,
2026-05-01 04:15:00,31.256,1.003,144.142,127.619,
2026-05-01 04:20:00,35.619,0.988,147.31,441.862,
2026-05-01 04:25:00,31.627,0.949,127.886,1499.802,
2026-05-01 04:30:00,36.754,0.954,158.315,1217.52,
2026-05-01 04:35:00,35.54,0.953,155.567,493.147,
2026-05-01 04:40:00,36.437,0.919,103.95,1367.671,
2026-05-01 04:45:00,47.798,0.932,361.196,999.44,
2026-05-01 04:50:00,38.836,0.922,159.911,919.335,
2026-05-01 04:55:00,29.964,0.949,89.19,861.356,
2026-05-01 05:00:00,45.321,0.905,312.214,5316.644,
2026-05-01 05:05:00,33.371,0.92,128.219,1067.911,
2026-05-01 05:10:00,42.737,0.934,257.714,1108.251,
2026-05-01 05:15:00,32.597,0.996,142.61,385.416,
2026-05-01 05:20:00,40.023,0.888,160.382,1240.632,
2026-05-01 05:25:00,46.996,1.004,369.796,1424.45,
2026-05-01 05:30:00,45.785,0.965,258.827,1414.285,
2026-05-01 05:35:00,39.093,0.925,140.498,810.271,
2026-05-01 21:25:00,39.982,0.985,266.851,512.879,
2026-05-01 21:30:00,49.514,0.932,396.462,284.358,
2026-05-01 21:35:00,46.236,0.895,327.681,127.669,
2026-05-01 21:40:00,40.736,1.003,298.759,88.28,
2026-05-01 21:45:00,43.464,1.002,262.198,112.934,
2026-05-01 21:50:00,43.097,0.996,308.638,242.946,
2026-05-01 21:55:00,48.296,0.984,352.85,242.557,
2026-05-01 22:00:00,43.23,1.003,258.346,78.93,
2026-05-01 22:05:00,43.212,1.004,264.208,291.938,
2026-05-01 22:30:00,30.3,0.988,120.273,296.981,
2026-05-01 22:35:00,33.271,1.001,167.651,196.827,
2026-05-01 22:40:00,31.425,1.005,147.416,132.371,
2026-05-01 22:45:00,29.708,0.992,107.897,428.428,
2026-05-01 22:50:00,30.211,0.987,102.545,317.09,
2026-05-01 22:55:00,36.665,1.007,164.506,539.054,
2026-05-01 23:00:00,28.745,0.86,109.269,266.233,
2026-05-01 23:05:00,32.081,0.994,118.661,404.566,
2026-05-01 23:10:00,34.998,0.942,174.519,715.331,
2026-05-01 23:15:00,38.655,0.995,159.723,878.635,
2026-05-01 23:20:00,32.803,1.005,126.544,406.579,
2026-05-01 23:25:00,36.335,1.003,211.59,217.741,
2026-05-01 23:30:00,36.959,0.951,227.764,416.111,
2026-05-01 23:35:00,37.983,1.003,220.585,231.808,
2026-05-01 23:40:00,33.637,1.004,167.324,221.228,
2026-05-01 23:45:00,46.282,0.938,362.466,455.276,
2026-05-01 23:50:00,41.121,0.952,223.973,542.155,
2026-05-01 23:55:00,38.82,1.006,184.451,268.544,
2026-05-02 00:00:00,38.1,0.997,181.845,175.851,
2026-05-02 00:05:00,36.393,1.006,178.603,241.651,
2026-05-02 00:10:00,36.342,0.948,150.726,610.579,
2026-05-02 00:15:00,37.72,0.984,200.017,151.832,
2026-05-02 00:20:00,41.045,0.956,163.003,327.781,
2026-05-02 00:25:00,50.201,0.997,324.185,866.614,
2026-05-02 00:30:00,40.119,0.954,184.688,299.032,
2026-05-02 00:35:00,42.033,0.988,255.78,599.495,
2026-05-02 00:40:00,43.474,0.983,241.555,612.763,
2026-05-02 00:45:00,37.464,0.986,184.181,299.918,
2026-05-02 00:50:00,36.005,0.964,124.275,558.775,
2026-05-02 00:55:00,37.051,1.004,173.199,872.27,
2026-05-02 01:00:00,37.559,0.933,157.807,767.583,
2026-05-02 01:05:00,30.118,0.986,111.204,90.263,
2026-05-02 01:10:00,31.52,0.989,123.598,578.845,
2026-05-02 01:15:00,32.988,0.968,87.897,316.985,
2026-05-02 01:20:00,34.751,0.968,160.459,184.707,
2026-05-02 01:25:00,42.628,1.003,284.141,412.942,
2026-05-02 01:30:00,39.277,0.91,245.104,247.091,
2026-05-02 01:35:00,31.177,1.004,158.832,111.742,
2026-05-02 01:40:00,23.342,1.004,73.629,385.78,
2026-05-02 01:45:00,24.536,0.99,111.244,153.79,
2026-05-02 01:50:00,27.028,1.003,82.561,146.363,
2026-05-02 01:55:00,23.172,0.938,89.678,300.256,
2026-05-02 02:00:00,26.46,1.006,93.198,98.499,
2026-05-02 02:05:00,25.729,1.002,78.233,183.389,
2026-05-02 02:10:00,26.23,1.005,106.328,221.021,
2026-05-02 02:15:00,25.875,0.958,79.37,274.094,
2026-05-02 02:20:00,26.734,1.003,90.948,404.053,
2026-05-02 02:25:00,25.221,0.96,86.479,178.227,
2026-05-02 02:30:00,32.409,0.974,141.667,520.309,
2026-05-02 02:35:00,26.128,0.986,104.215,287.033,
2026-05-02 02:40:00,29.859,0.979,134.842,213.089,
2026-05-02 02:45:00,23.555,0.962,51.921,347.115,
2026-05-02 02:50:00,25.442,0.959,87.836,1219.657,
2026-05-02 02:55:00,21.807,0.974,50.455,343.721,
2026-05-02 03:00:00,27.576,0.964,77.595,1146.751,
2026-05-02 03:05:00,26.649,0.967,124.331,462.227,
2026-05-02 03:10:00,20.609,0.992,60.976,176.786,
2026-05-02 03:15:00,26.577,0.963,97.349,223.171,
2026-05-02 03:20:00,25.278,1.005,100.705,154.834,
2026-05-02 03:25:00,21.951,1.005,67.69,86.253,
2026-05-02 03:30:00,24.707,1.004,97.453,132.206,
2026-05-02 03:35:00,26.092,0.921,78.983,791.724,
2026-05-02 03:40:00,33.3,0.986,135.962,157.808,
2026-05-02 03:45:00,38.124,1.003,230.562,157.325,
2026-05-02 03:50:00,34.405,1.004,168.846,299.93,
2026-05-02 03:55:00,38.879,1.001,201.784,1416.461,
2026-05-02 04:00:00,58.372,0.931,453.221,1864.054,
2026-05-02 04:05:00,36.21,1.003,164.545,600.852,
2026-05-02 04:10:00,32.259,0.995,132.22,1353.978,
2026-05-02 04:15:00,35.901,0.984,150.755,2119.424,
2026-05-02 04:20:00,33.474,0.937,130.516,578.304,
2026-05-02 04:25:00,29.039,0.925,112.458,674.143,
2026-05-02 04:30:00,26.717,0.989,78.626,660.618,
2026-05-02 04:35:00,27.247,0.916,69.285,391.83,
2026-05-02 04:40:00,24.746,1.005,94.575,392.654,
2026-05-02 04:45:00,32.489,0.952,121.228,1232.595,
2026-05-02 04:50:00,40.166,0.979,221.521,410.862,
2026-05-02 04:55:00,35.596,0.973,220.427,350.747,
2026-05-02 05:00:00,27.339,1.007,114.387,147.449,
2026-05-02 05:05:00,29.827,0.949,140.531,294.163,
2026-05-02 05:10:00,31.368,1.004,141.897,329.044,
2026-05-02 05:15:00,34.175,0.983,170.612,2137.952,
2026-05-02 05:20:00,31.589,1.005,137.958,407.287,
2026-05-02 05:25:00,30.355,0.965,123.874,2510.461,
2026-05-02 05:30:00,27.897,1.008,76.086,2783.377,
2026-05-02 05:35:00,39.1,0.868,282.099,5637.056,
2026-05-02 05:40:00,34.298,0.914,149.792,1893.502,
2026-05-02 05:45:00,35.3,0.953,91.086,1115.559,
2026-05-02 05:55:00,77.954,0.936,705.634,1289.628,
2026-05-02 06:00:00,77.073,0.99,903.42,1290.013,
2026-05-02 06:05:00,58.064,0.928,356.922,1744.408,
2026-05-02 06:10:00,45.12,1.007,170.904,289.764,
2026-05-02 06:15:00,39.132,0.976,167.107,364.323,
2026-05-02 06:20:00,40.905,0.987,182.41,651.143,
2026-05-02 06:25:00,42.02,0.992,187.63,341.871,
2026-05-02 06:30:00,45.444,0.965,244.368,1296.272,
2026-05-02 06:35:00,36.245,0.945,165.927,159.065,
2026-05-02 06:40:00,44.73,0.898,363.173,440.124,
2026-05-02 06:45:00,52.38,1.004,512.621,626.421,
2026-05-02 06:50:00,50.977,0.909,331.783,1645.781,
2026-05-02 06:55:00,59.748,0.996,496.078,728.864,
2026-05-05 00:10:00,30.33,0.972,113.015,809.305,
2026-05-05 00:15:00,34.327,0.969,123.798,746.878,
2026-05-05 00:20:00,38.698,0.985,154.163,1055.781,
2026-05-05 00:25:00,35.298,0.963,157.715,702.147,
2026-05-05 00:30:00,58.566,0.999,408.076,1372.561,
2026-05-05 00:35:00,47.316,0.996,212.42,641.596,
2026-05-05 00:40:00,39.668,0.987,181.268,800.094,
2026-05-05 00:45:00,42.098,0.98,149.642,550.792,
2026-05-05 00:50:00,47.368,0.921,186.483,1328.106,
2026-05-05 00:55:00,36.363,0.988,278.566,1209.616,
2026-05-05 01:00:00,31.951,0.985,162.36,772.915,
2026-05-05 01:05:00,28.884,0.989,95.166,599.406,
2026-05-05 01:10:00,29.792,0.89,125.243,504.802,
2026-05-05 01:15:00,28.091,0.955,108.941,551.174,
2026-05-05 01:20:00,35.885,0.923,139.665,651.02,
2026-05-05 01:25:00,32.986,0.934,133.546,457.327,
2026-05-05 01:30:00,34.821,0.947,120.479,1357.723,
2026-05-05 01:35:00,34.529,0.947,772.023,2218.799,
2026-05-05 01:40:00,30.251,0.934,102.586,799.893,
2026-05-05 01:45:00,35.881,0.908,105.41,1398.94,
2026-05-05 01:50:00,38.639,1.005,276.702,586.522,
2026-05-05 01:55:00,34.122,0.912,119.991,2264.651,
2026-05-05 02:00:00,17.199,1.006,27.929,273.449,
2026-05-05 02:05:00,27.643,0.972,104.443,685.432,
2026-05-05 02:10:00,28.031,0.987,79.236,614.86,
2026-05-05 02:15:00,33.473,0.966,168.141,489.493,
2026-05-05 02:20:00,25.899,0.981,71.723,746.934,
2026-05-05 02:25:00,29.428,0.94,126.439,912.415,
2026-05-05 02:30:00,28.567,0.984,84.961,442.542,
2026-05-05 02:35:00,33.727,1.003,135.611,1013.285,
2026-05-05 02:40:00,34.682,0.975,145.694,351.831,
2026-05-05 02:45:00,29.535,0.96,86.383,2229.509,
2026-05-05 02:50:00,32.303,0.974,64.87,904.786,
2026-05-05 02:55:00,43.382,1.007,252.114,440.445,
2026-05-05 03:00:00,53.489,1.006,360.353,493.734,
2026-05-05 03:05:00,38.265,0.978,169.15,306.318,
2026-05-05 03:10:00,33.964,1.008,157.977,239.03,
2026-05-05 03:15:00,34.172,1.005,157.551,204.237,
2026-05-05 03:20:00,33.347,1.006,136.623,176.218,
2026-05-05 03:25:00,45.694,0.974,286.744,1619.063,
2026-05-05 03:30:00,49.603,1.004,374.867,517.815,
2026-05-05 03:35:00,51.631,0.985,342.748,837.069,
2026-05-05 03:40:00,48.786,0.928,300.149,865.022,
2026-05-05 03:45:00,39.676,1.007,186.995,274.882,
2026-05-05 03:50:00,39.123,0.979,178.852,592.152,
2026-05-05 03:55:00,35.373,0.988,144.098,572.611,
2026-05-05 04:00:00,40.142,0.934,193.536,802.322,
2026-05-05 04:05:00,39.743,0.929,210.432,1262.749,
2026-05-05 04:10:00,37.348,0.966,143.32,1618.194,
2026-05-05 04:15:00,36.634,0.955,164.036,1399.285,
2026-05-05 04:20:00,39.664,0.957,175.439,1523.398,
2026-05-05 04:35:00,39.871,0.795,166.858,1636.842,
2026-05-05 04:40:00,56.156,0.83,557.888,3034.804,
2026-05-05 04:45:00,49.362,0.953,313.381,1904.923,
2026-05-05 04:50:00,44.64,0.809,115.242,925.402,
2026-05-05 04:55:00,38.941,0.813,216.403,336.447,
2026-05-05 22:40:00,57.041,0.745,515.314,451.689,
2026-05-05 22:50:00,28.163,0.949,111.85,231.44,
2026-05-05 22:55:00,31.709,0.985,201.571,83.404,
2026-05-05 23:00:00,39.39,1.004,824.269,2787.666,
2026-05-05 23:05:00,42.189,0.964,281.683,145.362,
2026-05-05 23:10:00,39.729,1.002,250.709,234.897,
2026-05-05 23:15:00,49.429,1.004,381.157,152.113,
2026-05-05 23:20:00,48.662,1.004,355.528,169.65,
2026-05-05 23:25:00,49.128,1.005,322.722,120.631,
2026-05-05 23:30:00,47.777,1.003,381.177,130.619,
2026-05-05 23:35:00,60.312,0.941,494.07,784.755,
2026-05-05 23:40:00,47.884,0.929,216.007,766.407,
2026-05-05 23:45:00,41.728,1.003,244.207,144.686,
2026-05-05 23:50:00,40.907,0.906,167.782,538.863,
2026-05-05 23:55:00,43.965,0.972,283.564,585.501,
2026-05-06 00:00:00,41.811,0.999,245.354,300.584,
2026-05-06 00:10:00,90.663,0.942,983.969,925.16,
2026-05-06 00:15:00,37.036,0.954,218.888,667.625,
2026-05-06 00:20:00,30.33,1.005,113.945,980.318,
2026-05-06 00:25:00,42.994,0.985,239.304,524.463,
2026-05-06 00:30:00,36.115,0.983,134.848,1301.997,
2026-05-06 00:35:00,34.847,0.99,155.941,1232.78,
2026-05-06 00:40:00,42.246,0.986,315.791,330.574,
2026-05-06 00:45:00,43.887,0.971,225.804,1993.515,
2026-05-06 00:50:00,64.235,1.003,668.43,674.703,
2026-05-06 00:55:00,47.82,0.998,352.854,1203.175,
2026-05-06 01:00:00,39.106,1.004,180.277,404.12,
2026-05-06 01:05:00,42.525,1.002,256.554,653.428,
2026-05-06 01:10:00,44.87,1.005,302.515,804.722,
2026-05-06 01:15:00,46.261,1.005,257.473,699.45,
2026-05-06 01:20:00,56.938,0.904,423.748,477.025,
2026-05-06 01:25:00,47.055,0.972,239.799,909.22,
2026-05-06 01:30:00,45.102,0.932,223.016,3146.784,
2026-05-06 01:35:00,57.687,0.973,385.45,895.229,
2026-05-06 01:40:00,54.214,0.98,383.666,1123.94,
2026-05-06 01:45:00,59.524,0.978,420.33,1387.606,
2026-05-06 01:50:00,54.871,0.866,290.422,1109.733,
2026-05-06 01:55:00,55.182,0.977,429.255,1556.081,
2026-05-06 02:00:00,58.387,1.002,505.337,1276.471,
2026-05-06 02:05:00,47.153,0.957,472.448,1190.571,
2026-05-06 02:10:00,34.598,0.989,165.506,771.566,
2026-05-06 02:15:00,40.031,0.966,211.205,799.465,
2026-05-06 02:20:00,35.357,0.976,148.763,1700.878,
2026-05-06 02:25:00,30.732,0.981,160.999,1352.232,
2026-05-06 02:30:00,36.007,0.949,189.908,810.652,
2026-05-06 02:35:00,33.924,0.981,154.651,333.339,
2026-05-06 02:40:00,38.584,0.944,227.288,546.522,
2026-05-06 02:45:00,38.272,0.952,186.857,783.068,
2026-05-06 02:50:00,40.493,0.946,195.197,1571.928,
2026-05-06 02:55:00,38.706,0.965,219.244,498.306,
2026-05-06 03:00:00,36.019,0.989,173.636,1295.565,
2026-05-06 03:05:00,40.281,0.989,213.006,1653.967,
2026-05-06 03:10:00,40.925,0.967,267.217,743.295,
2026-05-06 03:15:00,41.05,0.982,220.586,593.143,
2026-05-06 03:20:00,34.166,0.932,82.363,2173.06,
2026-05-06 03:25:00,42.099,0.904,177.59,1342.378,
2026-05-06 03:30:00,40.766,0.951,128.83,1087.75,
2026-05-06 03:35:00,44.937,0.957,205.385,2895.134,
2026-05-06 03:40:00,38.931,1.006,161.881,1444.932,
2026-05-06 03:45:00,22.724,1.007,43.079,677.014,
2026-05-06 03:50:00,36.05,0.936,165.518,1807.19,
2026-05-06 03:55:00,34.233,0.951,157.781,748.765,
2026-05-06 04:00:00,31.496,1.005,152.117,540.367,
2026-05-06 04:05:00,51.751,0.929,294.521,1690.527,
2026-05-06 04:10:00,42.937,0.958,244.233,900.005,
2026-05-06 04:15:00,44.312,0.984,142.487,1510.251,
2026-05-06 04:20:00,44.646,0.928,197.645,1044.289,
2026-05-06 04:25:00,54.49,0.979,301.669,953.609,
2026-05-06 04:30:00,32.462,1.005,91.33,354.747,
2026-05-06 04:35:00,47.204,0.964,309.343,2444.42,
2026-05-06 04:40:00,46.986,1.007,219.601,603.364,
2026-05-06 04:45:00,58.199,0.956,303.12,1083.631,
2026-05-06 04:50:00,50.233,0.953,434.121,2349.333,
2026-05-06 04:55:00,68.674,0.929,650.966,553.701,
2026-05-07 00:00:00,45.06,0.985,207.984,409.556,
2026-05-07 00:05:00,39.026,1.006,200.599,265.909,
2026-05-07 00:10:00,42.06,1.006,201.904,588.305,
2026-05-07 00:15:00,58.032,0.915,381.902,2421.584,
2026-05-07 00:20:00,53.479,1.006,340.605,914.818,
2026-05-07 00:25:00,44.482,0.948,232.095,737.177,
2026-05-07 00:30:00,41.333,1.002,205.244,692.433,
2026-05-07 00:35:00,41.632,1.005,184.92,1441.288,
2026-05-07 00:40:00,47.171,0.989,220.76,806.444,
2026-05-07 00:45:00,51.743,1.005,302.776,462.617,
2026-05-07 00:50:00,54.238,1.002,342.267,342.815,
2026-05-07 00:55:00,53.672,1.008,389.674,556.882,
2026-05-07 01:00:00,52.175,1.003,276.603,448.604,
2026-05-07 01:05:00,58.923,0.943,417.911,2028.146,
2026-05-07 01:10:00,58.708,0.98,408.653,879.487,
2026-05-07 01:15:00,62.806,1.005,361.742,634.814,
2026-05-07 01:20:00,62.266,0.932,346.841,2333.09,
2026-05-07 01:25:00,58.379,1.009,393.596,529.434,
2026-05-07 01:30:00,56.687,0.987,306.137,244.94,
2026-05-07 01:35:00,58.204,0.982,339.722,209.535,
2026-05-07 01:40:00,59.947,0.956,380.264,1082.428,
2026-05-07 01:45:00,67.765,1.001,453.085,329.91,
2026-05-07 01:50:00,67.306,1.004,439.327,438.367,
2026-05-07 01:55:00,62.71,1.005,510.296,166.971,
2026-05-07 02:00:00,62.123,0.956,498.992,363.02,
2026-05-07 02:05:00,48.716,0.978,254.327,1031.067,
2026-05-07 02:10:00,33.286,0.996,88.015,359.311,
2026-05-07 02:15:00,37.76,1.004,202.482,976.992,
2026-05-07 02:20:00,37.135,0.977,160.306,2316.461,
2026-05-07 02:25:00,31.383,0.976,85.136,554.564,
2026-05-07 02:30:00,35.991,1.003,134.042,368.43,
2026-05-07 02:35:00,44.441,1.004,230.402,618.924,
2026-05-07 02:40:00,45.706,0.957,250.292,508.237,
2026-05-07 02:45:00,34.958,1.004,178.996,1219.049,
2026-05-07 02:50:00,28.793,1.007,84.85,361.239,
2026-05-07 02:55:00,38.448,0.987,200.553,706.462,
2026-05-07 03:00:00,38.66,0.989,264.935,326.704,
2026-05-07 03:05:00,34.715,1.005,134.434,435.74,
2026-05-07 03:10:00,30.729,1.003,108.672,583.867,
2026-05-07 03:15:00,30.412,1.002,125.833,129.524,
2026-05-07 03:20:00,28.632,1.007,98.464,120.958,
2026-05-07 03:25:00,42.902,0.947,258.068,1659.196,
2026-05-07 03:30:00,53.374,1.001,367.925,268.236,
2026-05-07 03:35:00,59.616,1.006,447.123,316.941,
2026-05-07 03:40:00,66.806,0.954,510.823,786.381,
2026-05-07 03:45:00,51.568,1.005,260.188,1036.445,
2026-05-07 03:50:00,47.65,1.004,245.547,2724.289,
2026-05-07 03:55:00,44.532,0.893,175.079,573.016,
2026-05-07 04:00:00,35.331,0.976,153.857,483.864,
2026-05-07 04:05:00,23.096,0.945,45.622,1021.087,
2026-05-07 04:10:00,42.205,0.931,213.308,536.395,
2026-05-07 04:15:00,44.457,0.973,191.827,1437.706,
2026-05-07 04:20:00,53.326,0.88,364.27,459.093,
2026-05-07 04:25:00,46.376,0.958,487.75,1378.103,
2026-05-07 04:30:00,44.733,0.979,322.96,572.65,
2026-05-07 04:35:00,61.682,0.955,496.1,280.45,
2026-05-07 04:40:00,58.034,1.004,477.217,398.892,
2026-05-07 04:45:00,58.382,1.005,467.0,207.298,
2026-05-07 04:50:00,57.113,0.954,353.503,3355.578,
2026-05-07 04:55:00,52.486,0.984,312.204,868.405,
2026-05-07 05:00:00,56.738,0.945,446.044,849.226,
2026-05-07 05:05:00,40.504,0.923,188.235,1688.759,
2026-05-07 05:10:00,33.721,0.906,138.307,959.93,
2026-05-07 05:15:00,24.333,0.977,67.913,940.827,
2026-05-07 05:20:00,28.901,0.768,81.588,732.116,
2026-05-07 05:25:00,43.279,0.736,383.259,3843.542,
2026-05-07 23:30:00,35.418,1.004,193.169,321.696,
2026-05-07 23:35:00,41.294,1.004,274.652,191.543,
2026-05-07 23:40:00,37.448,1.005,214.243,171.348,
2026-05-07 23:45:00,35.065,1.007,210.423,161.794,
2026-05-07 23:50:00,37.965,1.004,233.191,131.894,
2026-05-07 23:55:00,35.07,1.002,186.193,139.168,
2026-05-08 00:00:00,41.048,1.002,264.453,217.973,
2026-05-08 00:05:00,40.253,1.003,258.76,203.779,
2026-05-08 00:10:00,44.354,0.862,238.716,576.253,
2026-05-08 00:15:00,43.184,1.001,273.999,202.593,
2026-05-08 00:20:00,39.048,1.009,180.413,144.76,
2026-05-08 00:25:00,39.271,0.967,211.718,323.443,
2026-05-08 00:30:00,39.036,0.874,144.686,964.085,
2026-05-08 00:35:00,46.372,1.003,216.033,231.948,
2026-05-08 00:40:00,44.922,1.007,251.177,203.587,
2026-05-08 00:45:00,52.467,1.006,308.169,413.333,
2026-05-08 00:50:00,52.023,1.004,370.182,165.871,
2026-05-08 00:55:00,48.105,1.004,303.422,137.589,
2026-05-08 01:00:00,54.348,0.924,296.704,240.455,
2026-05-08 01:05:00,29.786,1.004,87.29,457.684,
2026-05-08 01:10:00,23.192,0.981,47.818,167.62,
2026-05-08 01:15:00,20.167,0.989,80.228,938.457,
2026-05-08 01:20:00,24.529,0.953,102.886,862.841,
2026-05-08 01:25:00,28.407,0.999,96.748,1139.199,
2026-05-08 01:30:00,33.055,0.962,122.238,928.235,
2026-05-08 01:35:00,32.929,0.978,153.911,440.627,
2026-05-08 01:40:00,31.519,1.004,106.03,1139.449,
2026-05-08 01:45:00,25.109,1.003,78.8,259.942,
2026-05-08 01:50:00,27.078,1.007,112.553,179.067,
2026-05-08 01:55:00,26.709,1.002,107.584,190.443,
2026-05-08 02:00:00,25.629,1.006,95.48,187.954,
2026-05-08 02:20:00,63.667,0.912,474.155,725.07,
2026-05-08 02:25:00,65.937,0.955,489.504,734.144,
2026-05-08 02:30:00,65.874,0.911,396.689,1749.45,
2026-05-08 02:35:00,68.026,1.005,516.308,1426.199,
2026-05-08 02:40:00,57.104,1.008,457.132,776.198,
2026-05-08 02:45:00,54.933,0.891,441.98,3668.209,
2026-05-08 02:50:00,53.717,0.964,282.809,703.54,
2026-05-08 02:55:00,50.489,1.002,375.055,485.121,
2026-05-08 03:00:00,43.313,0.992,133.438,1712.49,
2026-05-08 03:05:00,37.579,1.002,145.851,895.596,
2026-05-08 03:10:00,45.301,0.986,250.904,2247.828,
2026-05-08 03:15:00,44.835,0.993,159.774,1899.9,
2026-05-08 03:20:00,44.398,0.967,171.737,875.141,
2026-05-08 03:25:00,51.034,0.988,281.586,233.002,
2026-05-08 03:30:00,67.536,0.95,1258.587,3247.49,
2026-05-08 03:35:00,51.76,0.986,247.059,495.716,
2026-05-08 03:40:00,47.697,0.979,236.869,523.436,
2026-05-08 03:45:00,44.498,1.002,143.288,466.65,
2026-05-08 03:50:00,53.299,0.96,297.687,1282.803,
2026-05-08 03:55:00,61.422,1.007,453.399,1230.194,
2026-05-08 04:00:00,50.154,1.004,221.08,998.24,
2026-05-08 04:05:00,56.625,0.984,291.922,1061.449,
2026-05-08 04:10:00,46.147,0.958,196.172,524.517,
2026-05-08 04:15:00,68.662,0.95,805.729,1418.847,
2026-05-08 04:20:00,43.101,1.007,212.757,787.697,
2026-05-08 04:25:00,40.379,1.006,195.912,441.019,
2026-05-08 04:30:00,36.027,1.0,203.866,201.317,
2026-05-08 04:35:00,31.575,1.004,133.376,491.268,
2026-05-08 04:40:00,33.848,1.003,172.673,239.004,
2026-05-08 04:45:00,42.615,0.962,189.925,902.334,
2026-05-08 04:50:00,43.891,0.912,302.656,3057.28,
2026-05-08 04:55:00,40.812,0.967,245.917,2699.684,
2026-05-08 05:00:00,56.316,0.916,503.608,2783.769,
2026-05-08 05:10:00,86.141,0.978,1126.558,2735.117,
2026-05-08 05:15:00,71.674,0.9,501.123,3345.848,
2026-05-08 05:20:00,65.088,0.988,548.305,1043.676,
2026-05-08 05:25:00,74.501,0.958,637.982,1533.257,
2026-05-08 05:30:00,78.69,0.932,809.404,2418.778,
2026-05-08 23:45:00,31.914,0.959,168.624,374.396,
2026-05-08 23:50:00,32.025,0.979,149.448,169.618,
2026-05-08 23:55:00,34.638,0.948,195.546,206.1,
2026-05-09 00:00:00,36.009,1.0,209.77,264.133,
2026-05-09 00:05:00,34.923,1.005,207.625,180.721,
2026-05-09 00:10:00,35.313,1.004,229.609,136.758,
2026-05-09 00:15:00,33.637,1.004,176.213,151.177,
2026-05-09 00:20:00,32.991,1.002,177.962,142.913,
2026-05-09 00:25:00,31.392,0.986,161.443,158.705,
2026-05-09 00:30:00,33.364,1.004,174.816,183.264,
2026-05-09 00:35:00,35.558,1.004,210.787,278.437,
2026-05-09 00:40:00,34.988,0.993,195.718,262.294,
2026-05-09 00:45:00,36.426,0.955,163.533,1343.23,
2026-05-09 00:50:00,36.267,1.004,204.455,434.493,
2026-05-09 00:55:00,37.461,0.958,180.53,1219.037,
2026-05-09 01:00:00,28.138,1.004,87.116,201.996,
2026-05-09 01:05:00,29.874,1.003,110.974,2191.094,
2026-05-09 01:10:00,33.178,0.979,166.344,203.821,
2026-05-09 01:15:00,34.763,0.998,182.119,185.76,
2026-05-09 01:20:00,34.85,0.965,157.28,484.737,
2026-05-09 01:25:00,41.536,0.979,181.902,459.881,
2026-05-09 01:30:00,42.704,1.001,216.35,383.065,
2026-05-09 01:35:00,44.294,0.949,243.228,653.583,
2026-05-09 01:40:00,40.17,1.007,211.87,390.384,
2026-05-09 01:45:00,40.016,1.002,234.418,290.763,
2026-05-09 01:50:00,40.944,0.95,200.138,776.209,
2026-05-09 01:55:00,41.036,1.005,216.451,175.606,
2026-05-09 02:00:00,32.005,0.926,99.755,383.692,
2026-05-09 02:05:00,55.278,0.97,385.27,337.592,
2026-05-09 02:10:00,38.62,1.005,182.898,176.386,
2026-05-09 02:15:00,38.952,0.994,195.942,454.328,
2026-05-09 02:20:00,39.577,0.934,149.278,557.67,
2026-05-09 02:25:00,30.01,1.001,153.439,1313.492,
2026-05-09 02:30:00,36.607,0.976,155.277,1315.615,
2026-05-09 02:35:00,26.295,0.995,109.844,609.827,
2026-05-09 02:40:00,35.266,0.949,133.308,496.266,
2026-05-09 02:45:00,45.577,0.975,292.71,1217.743,
2026-05-09 02:50:00,43.468,1.003,215.986,1499.354,
2026-05-09 02:55:00,35.777,0.945,148.424,1228.807,
2026-05-09 03:00:00,41.664,0.986,286.846,637.745,
2026-05-09 03:05:00,34.094,0.967,144.92,1286.574,
2026-05-09 03:10:00,26.391,1.004,94.372,833.69,
2026-05-09 03:15:00,27.685,0.985,120.131,898.67,
2026-05-09 03:20:00,24.638,1.002,83.482,238.312,
2026-05-09 03:25:00,28.083,1.006,111.256,396.939,
2026-05-09 03:30:00,28.47,0.966,85.185,384.221,
2026-05-09 03:35:00,24.33,1.006,76.492,199.909,
2026-05-09 03:40:00,25.225,1.001,72.443,280.062,
2026-05-09 03:45:00,22.204,1.007,57.322,210.743,
2026-05-09 03:50:00,25.393,1.002,110.045,280.64,
2026-05-09 03:55:00,39.288,0.916,205.41,2806.35,
2026-05-09 04:00:00,46.534,0.96,226.904,436.969,
2026-05-09 04:05:00,64.811,0.997,604.327,1302.861,
2026-05-09 04:10:00,49.705,0.942,288.814,2038.965,
2026-05-09 04:15:00,51.245,0.932,345.511,2409.97,
2026-05-09 04:20:00,39.494,0.963,205.146,830.456,
2026-05-09 04:25:00,35.583,0.982,161.554,561.427,
2026-05-09 04:30:00,39.664,0.97,174.879,1185.202,
2026-05-09 04:35:00,46.286,0.98,241.284,904.829,
2026-05-09 04:40:00,51.288,0.946,267.219,762.368,
2026-05-09 04:45:00,32.823,0.946,249.52,797.145,
2026-05-09 04:50:00,28.184,1.004,118.94,395.655,
2026-05-09 04:55:00,28.355,0.974,165.995,306.646,
2026-05-09 05:00:00,22.246,0.971,73.431,568.93,
2026-05-09 05:05:00,44.103,0.924,229.177,786.278,
2026-05-09 05:10:00,54.457,0.98,393.248,2366.568,
2026-05-09 05:15:00,55.214,0.986,299.262,1386.631,
2026-05-09 05:20:00,64.833,0.974,714.5,722.169,
2026-05-09 05:25:00,73.162,0.933,646.503,2078.046,
2026-05-09 05:30:00,62.342,0.931,472.763,3113.839,
2026-05-09 05:35:00,61.149,0.901,372.419,5024.201,
2026-05-09 05:40:00,49.05,0.901,441.232,1787.5,
2026-05-09 05:45:00,52.688,0.985,363.355,2277.893,
2026-05-09 05:50:00,49.922,0.975,246.479,1763.483,
2026-05-09 05:55:00,53.783,0.939,421.359,671.439,
2026-05-09 06:00:00,50.251,0.984,279.336,1745.072,
2026-05-09 06:05:00,50.445,0.893,295.955,2058.02,
2026-05-09 06:10:00,49.187,0.934,225.6,1279.982,
2026-05-09 06:15:00,35.468,0.847,179.047,1388.071,
2026-05-09 06:20:00,39.704,0.939,319.64,2280.486,
2026-05-09 06:25:00,33.959,0.905,145.502,2279.335,
2026-05-09 06:30:00,34.281,0.957,350.928,1012.888,
2026-05-09 06:50:00,36.833,0.74,243.964,1130.253,
2026-05-09 22:30:00,29.235,0.759,146.801,787.508,
2026-05-09 22:35:00,38.394,0.914,242.254,197.939,
2026-05-09 22:40:00,44.736,0.984,343.217,289.803,
2026-05-09 22:45:00,35.534,1.007,180.946,326.584,
2026-05-09 22:50:00,34.534,1.002,170.435,166.665,
2026-05-09 22:55:00,38.539,1.007,237.116,188.024,
2026-05-09 23:00:00,34.077,1.004,162.938,121.694,
2026-05-09 23:05:00,34.345,1.004,162.213,192.854,
2026-05-09 23:20:00,42.158,1.003,212.675,178.126,
2026-05-09 23:25:00,44.678,1.006,299.991,162.448,
2026-05-09 23:30:00,41.842,1.005,225.725,254.096,
2026-05-09 23:35:00,43.414,1.004,227.613,293.452,
2026-05-09 23:40:00,36.817,1.004,174.533,369.742,
2026-05-09 23:45:00,35.908,0.968,211.846,1033.693,
2026-05-09 23:50:00,21.021,1.004,48.613,343.056,
2026-05-09 23:55:00,19.584,1.006,41.119,317.082,
2026-05-10 00:00:00,27.276,0.939,113.525,1334.493,
2026-05-10 00:05:00,27.34,0.954,102.724,254.106,
2026-05-10 00:10:00,27.517,1.002,109.953,250.629,
2026-05-10 00:15:00,31.424,0.995,135.863,213.723,
2026-05-10 00:20:00,35.453,0.951,142.467,1841.211,
2026-05-10 00:25:00,34.511,0.98,155.933,188.334,
2026-05-10 00:30:00,33.384,0.942,102.352,414.836,
2026-05-10 00:35:00,36.286,1.003,150.696,170.287,
2026-05-10 00:40:00,35.357,0.949,181.255,395.943,
2026-05-10 00:45:00,24.897,1.008,85.649,161.577,
2026-05-10 00:50:00,25.209,1.002,90.188,213.294,
2026-05-10 00:55:00,26.639,0.958,97.281,216.171,
2026-05-10 01:00:00,32.877,0.915,134.333,591.269,
2026-05-10 01:05:00,30.394,1.004,148.518,127.996,
2026-05-10 01:10:00,28.885,0.983,85.98,134.218,
2026-05-10 01:15:00,23.873,0.932,56.069,2472.378,
2026-05-10 01:20:00,33.607,0.97,138.706,669.734,
2026-05-10 01:25:00,36.605,0.904,177.725,1861.315,
2026-05-10 01:30:00,33.755,0.866,143.848,367.723,
2026-05-10 01:35:00,32.044,0.931,108.537,828.693,
2026-05-10 01:40:00,35.618,0.954,171.615,677.549,
2026-05-10 01:45:00,30.143,0.99,125.279,929.266,
2026-05-10 01:50:00,30.717,0.981,104.978,634.47,
2026-05-10 01:55:00,31.965,0.943,557.258,9047.023,
2026-05-10 02:00:00,39.73,0.937,484.888,5791.563,
2026-05-10 02:05:00,33.024,0.991,125.127,2682.386,
2026-05-10 02:10:00,28.591,0.991,127.064,2040.18,
2026-05-10 02:15:00,47.772,0.871,331.568,2432.336,
2026-05-10 02:20:00,39.922,0.966,146.86,364.825,
2026-05-10 02:25:00,45.198,0.993,231.745,427.075,
2026-05-10 02:30:00,38.708,1.005,144.846,888.058,
2026-05-10 02:35:00,53.032,0.985,298.998,452.905,
2026-05-10 02:40:00,33.662,1.004,106.499,140.429,
2026-05-10 02:45:00,46.716,0.986,236.872,1282.547,
2026-05-10 02:50:00,59.498,0.989,288.073,1793.938,
2026-05-10 02:55:00,52.515,1.003,348.661,643.53,
2026-05-10 03:00:00,52.471,0.985,253.617,583.855,
2026-05-10 03:05:00,63.346,0.983,491.882,1339.902,
2026-05-10 03:10:00,61.034,0.981,447.154,519.459,
2026-05-10 03:15:00,66.684,0.976,474.278,650.233,
2026-05-10 03:20:00,71.776,1.007,543.596,934.905,
2026-05-10 03:25:00,60.628,0.955,321.153,5227.348,
2026-05-10 03:30:00,63.224,1.005,455.108,516.207,
2026-05-10 03:35:00,60.828,1.008,412.718,497.832,
2026-05-10 03:40:00,58.605,1.001,323.224,735.272,
2026-05-10 03:45:00,60.668,0.958,430.183,464.639,
2026-05-10 03:50:00,56.754,0.974,457.528,418.78,
2026-05-10 03:55:00,67.512,0.93,660.102,688.518,
2026-05-10 04:00:00,62.077,1.006,482.596,578.388,
2026-05-10 04:05:00,77.847,0.987,732.515,1716.94,
2026-05-10 04:10:00,57.105,0.982,323.018,1970.894,
2026-05-10 04:15:00,54.295,0.947,314.088,2501.559,
2026-05-10 04:20:00,55.263,0.921,290.731,1159.165,
2026-05-10 04:25:00,47.839,0.978,321.877,932.662,
2026-05-10 04:30:00,62.316,0.971,387.062,1876.648,
2026-05-10 04:35:00,48.045,1.008,296.608,535.218,
2026-05-10 04:45:00,52.114,1.003,486.925,2803.014,
2026-05-10 04:50:00,56.176,1.008,310.961,1511.63,
2026-05-10 04:55:00,48.505,1.003,296.473,413.983,
2026-05-10 05:00:00,41.711,0.992,248.137,460.27,
2026-05-10 05:05:00,46.294,1.004,338.763,551.608,
2026-05-10 05:10:00,51.529,0.962,339.998,2097.711,
2026-05-10 05:15:00,44.184,0.979,172.174,885.323,
2026-05-10 05:20:00,51.09,0.983,306.5,657.112,
2026-05-10 05:25:00,45.372,0.92,205.771,3953.427,
2026-05-10 05:30:00,59.665,0.927,482.017,1328.863,
2026-05-10 05:35:00,57.919,0.929,393.6,1072.922,
2026-05-10 05:40:00,39.908,0.953,190.97,879.712,
2026-05-10 05:45:00,35.784,0.946,153.908,1777.487,
2026-05-10 05:50:00,45.027,0.97,189.873,953.012,
2026-05-10 05:55:00,38.138,0.871,131.2,2988.811,
2026-05-10 23:25:00,27.419,0.905,82.241,492.375,
2026-05-10 23:30:00,37.465,0.927,160.537,260.309,
2026-05-10 23:35:00,37.485,1.001,245.598,313.624,
2026-05-10 23:40:00,38.093,1.006,247.07,227.585,
2026-05-10 23:45:00,37.09,1.006,212.908,198.067,
2026-05-10 23:50:00,41.627,1.002,234.624,222.12,
2026-05-10 23:55:00,45.373,1.007,368.802,423.393,
2026-05-11 00:00:00,43.991,1.001,289.099,253.748,
2026-05-11 00:30:00,54.585,0.986,247.879,2915.992,
2026-05-11 00:35:00,55.931,1.003,468.181,339.482,
2026-05-11 00:40:00,62.691,0.979,497.578,1986.715,
2026-05-11 00:45:00,54.162,1.007,315.388,879.726,
2026-05-11 00:50:00,47.085,1.004,176.366,1924.765,
2026-05-11 00:55:00,42.318,0.979,148.124,696.228,
2026-05-11 01:00:00,45.506,0.976,268.595,1163.166,
2026-05-11 01:05:00,44.726,0.897,214.855,595.248,
2026-05-11 01:10:00,51.124,0.95,305.265,492.833,
2026-05-11 01:15:00,47.23,1.005,294.255,609.617,
2026-05-11 01:20:00,61.637,0.9,482.751,1088.828,
2026-05-11 01:25:00,56.528,1.003,391.133,326.984,
2026-05-11 01:30:00,52.605,1.005,316.599,191.229,
2026-05-11 01:35:00,49.958,1.008,310.643,380.482,
2026-05-11 01:40:00,59.4,0.937,730.822,5728.481,
2026-05-11 01:45:00,59.754,0.986,426.046,900.118,
2026-05-11 01:50:00,56.68,0.887,270.988,1295.276,
2026-05-11 02:05:00,48.223,0.81,249.423,600.972,
2026-05-11 02:10:00,58.15,1.005,362.799,616.898,
2026-05-11 02:15:00,61.021,0.949,406.998,1913.463,
2026-05-11 02:20:00,64.677,0.994,439.611,2130.339,
2026-05-11 02:25:00,55.717,0.948,351.396,1535.462,
2026-05-11 02:30:00,64.249,0.898,399.354,803.483,
2026-05-11 02:35:00,48.854,0.974,265.164,1157.432,
2026-05-11 02:40:00,49.517,0.938,237.287,1254.81,
2026-05-11 02:45:00,48.764,0.958,277.108,511.773,
2026-05-11 02:50:00,51.937,0.969,268.145,1540.692,
2026-05-11 02:55:00,45.758,0.95,272.767,636.041,
2026-05-11 03:00:00,38.054,0.845,117.194,852.853,
2026-05-11 03:05:00,56.62,0.905,293.375,2184.787,
2026-05-11 03:10:00,53.768,0.946,401.698,2212.903,
2026-05-11 03:15:00,52.04,0.939,293.309,1645.822,
2026-05-11 03:20:00,36.394,0.984,115.376,481.002,
2026-05-11 03:25:00,37.644,0.943,90.923,1177.553,
2026-05-11 03:30:00,34.644,0.983,112.711,346.834,
2026-05-11 03:35:00,36.847,0.987,152.745,386.699,
2026-05-11 03:40:00,41.82,0.874,235.119,646.725,
2026-05-11 03:50:00,46.224,0.871,362.134,178.502,
2026-05-11 03:55:00,51.01,0.988,407.608,792.726,
2026-05-11 04:00:00,53.616,0.987,481.114,535.751,
2026-05-11 04:05:00,58.334,0.99,475.475,751.649,
2026-05-11 04:10:00,59.467,0.998,461.009,373.869,
2026-05-11 04:15:00,63.445,1.0,517.635,782.475,
2026-05-11 04:20:00,45.343,0.96,211.933,1122.781,
2026-05-11 04:25:00,54.068,0.925,411.421,487.359,
2026-05-11 04:30:00,55.307,1.003,406.94,653.819,
2026-05-11 04:35:00,36.046,1.006,157.176,1504.451,
2026-05-11 04:40:00,32.862,0.988,93.57,613.307,
2026-05-11 04:45:00,44.592,0.932,300.125,1056.31,
2026-05-11 04:50:00,51.061,0.885,348.181,1050.778,
2026-05-11 04:55:00,53.975,0.937,395.965,1778.676,
2026-05-11 05:00:00,50.79,0.94,243.768,521.788,
2026-05-11 05:05:00,53.274,0.894,268.714,2358.263,
2026-05-12 00:00:00,70.158,1.003,560.837,274.619,
2026-05-12 00:05:00,69.667,1.003,596.884,339.44,
2026-05-12 00:10:00,52.437,0.977,330.917,560.642,
2026-05-12 00:25:00,50.182,1.002,365.999,284.701,
2026-05-12 00:30:00,52.885,0.954,340.257,397.831,
2026-05-12 00:35:00,62.1,0.995,393.327,658.964,
2026-05-12 00:40:00,59.312,0.977,513.237,996.878,
2026-05-12 00:45:00,63.127,1.003,457.537,379.374,
2026-05-12 00:50:00,59.643,0.92,313.502,1403.758,
2026-05-12 00:55:00,61.917,1.003,523.111,376.686,
2026-05-12 01:00:00,60.225,0.976,401.428,584.976,
2026-05-12 01:05:00,68.075,0.907,503.18,2393.171,
2026-05-12 01:10:00,62.206,0.905,392.619,1376.636,
2026-05-12 01:15:00,45.536,0.981,207.662,495.876,
2026-05-12 01:20:00,49.644,0.975,226.427,617.724,
2026-05-12 01:25:00,36.239,0.979,150.817,594.032,
2026-05-12 01:30:00,44.354,1.002,287.136,779.935,
2026-05-12 01:45:00,44.591,1.005,218.582,394.091,
2026-05-12 01:50:00,37.657,0.96,187.074,504.606,
2026-05-12 01:55:00,39.547,1.001,213.716,266.351,
2026-05-12 02:00:00,52.989,1.005,359.627,451.274,
2026-05-12 02:05:00,56.586,1.002,368.336,480.429,
2026-05-12 02:10:00,52.483,1.003,272.431,268.813,
2026-05-12 02:15:00,52.471,1.003,383.677,524.643,
2026-05-12 02:20:00,49.971,1.004,319.638,399.364,
2026-05-12 02:25:00,53.469,1.0,384.988,260.614,
2026-05-12 02:30:00,50.045,1.005,262.453,235.625,
2026-05-12 02:35:00,49.97,1.001,275.925,376.895,
2026-05-12 02:50:00,58.638,0.861,413.214,408.64,
2026-05-12 02:55:00,48.499,0.941,228.639,2668.617,
2026-05-12 03:00:00,61.745,0.975,520.513,475.349,
2026-05-12 03:05:00,48.865,0.987,366.982,947.792,
2026-05-12 03:10:00,45.731,0.962,185.455,1065.728,
2026-05-12 03:15:00,44.533,0.971,162.574,302.48,
2026-05-12 03:20:00,61.711,0.934,336.803,833.583,
2026-05-12 03:25:00,44.989,0.918,231.26,1593.734,
2026-05-12 03:30:00,41.405,1.004,176.974,355.867,
2026-05-12 03:35:00,40.883,0.974,227.711,1536.696,
2026-05-12 03:40:00,48.128,0.931,272.331,716.181,
2026-05-12 03:45:00,55.6,0.936,280.457,1310.417,
2026-05-12 03:50:00,47.042,0.977,169.262,438.505,
2026-05-12 03:55:00,53.321,0.961,303.411,1392.139,
2026-05-12 04:00:00,39.081,1.001,276.189,348.508,
2026-05-12 04:05:00,37.784,1.005,195.597,244.55,
2026-05-12 04:10:00,38.284,1.002,211.966,227.069,
2026-05-12 04:15:00,32.144,1.005,147.8,191.633,
2026-05-12 04:20:00,39.895,0.885,168.088,2371.027,
2026-05-12 04:25:00,30.361,0.981,118.404,407.393,
2026-05-12 04:30:00,33.884,1.002,214.148,200.286,
2026-05-12 04:35:00,41.453,0.977,250.646,698.265,
2026-05-12 04:40:00,30.539,1.005,123.841,125.794,
2026-05-12 04:45:00,33.287,0.938,124.884,1437.109,
2026-05-12 04:50:00,37.713,0.919,225.442,1284.059,
2026-05-12 04:55:00,39.575,0.916,157.163,1158.086,
2026-05-12 05:00:00,32.251,0.939,134.864,1698.453,
2026-05-12 05:05:00,42.914,0.755,158.794,309.186,
2026-05-12 22:40:00,36.042,0.834,222.199,568.609,
2026-05-12 22:45:00,37.946,1.006,256.586,357.201,
2026-05-12 22:50:00,46.477,0.844,355.011,407.295,
2026-05-12 22:55:00,41.178,1.006,231.816,225.485,
2026-05-12 23:00:00,39.296,1.003,210.619,163.148,
2026-05-12 23:05:00,51.369,0.948,324.414,796.599,
2026-05-12 23:10:00,46.446,0.999,321.767,193.821,
2026-05-12 23:15:00,45.126,0.965,320.028,197.194,
2026-05-12 23:20:00,40.915,0.987,209.306,353.318,
2026-05-12 23:25:00,44.672,1.002,308.066,329.961,
2026-05-12 23:30:00,39.518,0.984,216.016,324.024,
2026-05-12 23:35:00,44.84,0.992,325.445,194.985,
2026-05-12 23:40:00,35.196,0.939,116.66,1352.993,
2026-05-12 23:45:00,44.367,0.968,260.534,1159.166,
2026-05-12 23:50:00,37.952,0.971,159.364,357.974,
2026-05-12 23:55:00,39.063,1.002,188.34,1030.073,
2026-05-13 00:00:00,41.915,0.99,194.607,270.317,
2026-05-13 00:05:00,44.486,0.991,258.115,980.554,
2026-05-13 00:10:00,34.688,1.004,113.505,438.907,
2026-05-13 00:20:00,31.379,0.988,193.646,541.233,
2026-05-13 00:25:00,26.262,1.003,110.066,290.182,
2026-05-13 00:30:00,29.271,1.004,111.296,276.778,
2026-05-13 00:35:00,29.893,1.003,157.213,307.318,
2026-05-13 00:40:00,27.483,1.004,94.018,189.182,
2026-05-13 00:45:00,27.712,1.004,107.379,162.217,
2026-05-13 00:50:00,25.805,1.005,81.101,432.153,
2026-05-13 00:55:00,29.743,0.961,178.658,2978.465,
2026-05-13 01:00:00,29.982,0.947,127.639,377.115,
2026-05-13 01:05:00,30.528,0.999,106.36,177.168,
2026-05-13 01:10:00,31.371,1.001,144.565,240.884,
2026-05-13 01:15:00,28.695,0.964,101.928,372.743,
2026-05-13 01:20:00,31.875,0.987,144.095,238.564,
2026-05-13 01:25:00,28.983,0.968,102.252,469.082,
2026-05-13 01:30:00,26.298,1.006,87.056,419.99,
2026-05-13 01:35:00,24.579,0.979,62.934,1181.323,
2026-05-13 01:40:00,27.428,0.986,99.566,757.441,
2026-05-13 01:45:00,24.691,0.982,79.649,783.603,
2026-05-13 01:50:00,22.434,0.958,73.088,376.307,
2026-05-13 01:55:00,26.61,1.008,70.372,1515.204,
2026-05-13 02:00:00,26.793,0.992,79.182,1402.321,
2026-05-13 02:05:00,26.853,1.004,78.079,669.414,
2026-05-13 02:10:00,24.885,0.947,88.658,717.968,
2026-05-13 02:15:00,28.354,1.004,82.676,313.052,
2026-05-13 02:20:00,28.478,0.956,108.053,1449.775,
2026-05-13 02:35:00,46.921,1.005,298.521,639.862,
2026-05-13 02:40:00,56.015,1.007,459.262,710.279,
2026-05-13 02:45:00,59.733,1.002,462.819,532.208,
2026-05-13 02:50:00,57.346,1.004,441.803,890.395,
2026-05-13 02:55:00,59.09,1.008,426.932,836.404,
2026-05-13 03:00:00,60.635,1.004,537.642,865.629,
2026-05-13 03:05:00,56.132,0.976,405.902,564.42,
2026-05-13 03:10:00,52.238,1.004,368.643,473.137,
2026-05-13 03:15:00,60.448,0.957,542.739,412.887,
2026-05-13 03:20:00,52.205,1.001,305.61,953.523,
2026-05-13 03:25:00,55.98,0.926,330.222,2433.856,
2026-05-13 03:30:00,42.347,0.948,187.024,897.416,
2026-05-13 03:35:00,55.606,1.009,450.087,439.136,
2026-05-13 03:40:00,52.061,1.004,345.8,504.748,
2026-05-13 03:45:00,61.733,0.962,293.941,2515.038,
2026-05-13 03:50:00,50.651,0.967,334.699,1164.198,
2026-05-13 03:55:00,37.822,0.988,131.857,270.111,
2026-05-13 04:00:00,40.193,0.938,159.979,1763.596,
2026-05-13 04:05:00,56.206,0.871,439.342,1453.409,
2026-05-13 04:10:00,51.244,0.97,331.227,1450.51,
2026-05-13 04:15:00,51.434,0.989,259.619,1030.365,
2026-05-13 04:20:00,47.071,0.945,294.93,1997.531,
2026-05-13 04:25:00,58.274,0.923,418.701,998.602,
2026-05-13 04:30:00,39.475,1.008,213.644,358.982,
2026-05-13 04:35:00,41.923,0.954,196.104,402.049,
2026-05-13 04:40:00,45.865,0.978,251.841,3322.537,
2026-05-13 04:45:00,34.011,0.955,142.354,275.873,
2026-05-13 04:50:00,41.403,0.938,1006.392,7390.776,
2026-05-13 04:55:00,37.24,0.934,326.951,2948.782,
2026-05-13 05:00:00,34.744,0.903,140.454,1600.036,
2026-05-13 05:05:00,39.939,0.885,191.043,4682.189,
2026-05-13 05:10:00,42.23,0.731,157.308,3299.686,
2026-05-13 05:15:00,65.291,0.75,194.186,2839.602,
2026-05-13 05:20:00,60.629,0.939,508.723,3116.891,
2026-05-13 22:25:00,43.9,0.765,163.493,289.37,
2026-05-13 22:30:00,29.454,0.91,139.738,113.038,
2026-05-13 22:35:00,34.738,1.005,221.513,249.54,
2026-05-13 22:40:00,32.715,0.948,186.712,498.451,
2026-05-13 22:45:00,35.031,0.965,217.098,459.115,
2026-05-13 22:50:00,27.636,0.897,99.752,447.046,
2026-05-13 22:55:00,30.629,1.004,179.314,296.509,
2026-05-13 23:00:00,29.177,1.004,144.062,148.193,
2026-05-13 23:05:00,27.948,0.968,142.71,142.37,
2026-05-13 23:10:00,42.113,0.979,287.555,1940.2,
2026-05-13 23:15:00,45.88,0.95,322.099,333.175,
2026-05-13 23:20:00,45.789,1.004,366.163,186.606,
2026-05-13 23:25:00,46.124,1.0,323.589,205.309,
2026-05-13 23:30:00,41.64,0.991,241.244,118.16,
2026-05-13 23:35:00,46.753,1.004,373.831,321.906,
2026-05-13 23:40:00,46.66,1.007,327.063,431.974,
2026-05-13 23:45:00,42.709,0.947,298.874,994.489,
2026-05-13 23:50:00,46.398,0.899,450.453,4480.975,
2026-05-13 23:55:00,40.378,0.976,157.254,1689.148,
2026-05-14 00:00:00,42.179,0.97,232.708,1000.152,
2026-05-14 00:05:00,40.351,0.907,208.327,1459.604,
2026-05-14 00:10:00,28.122,0.951,122.376,367.524,
2026-05-14 00:15:00,27.903,1.003,106.449,165.92,
2026-05-14 00:20:00,33.352,0.939,143.397,437.348,
2026-05-14 00:25:00,29.799,1.005,113.611,205.716,
2026-05-14 00:30:00,32.777,0.976,106.753,137.126,
2026-05-14 00:35:00,33.054,1.003,156.263,172.706,
2026-05-14 00:40:00,34.514,1.006,163.158,302.351,
2026-05-14 00:45:00,32.539,1.007,153.246,145.525,
2026-05-14 00:50:00,36.919,0.895,146.242,619.821,
2026-05-14 01:00:00,56.061,0.993,421.216,353.811,
2026-05-14 01:05:00,79.288,0.987,724.592,2873.616,
2026-05-14 01:10:00,78.922,1.006,824.026,604.681,
2026-05-14 01:15:00,86.317,0.934,749.612,2408.611,
2026-05-14 01:20:00,84.967,0.952,771.617,663.681,
2026-05-14 01:25:00,75.977,0.946,496.975,3223.537,
2026-05-14 01:30:00,96.18,0.926,1033.927,5193.233,
2026-05-14 01:35:00,84.193,0.971,731.803,2565.095,
2026-05-14 01:40:00,79.088,0.972,679.12,2735.362,
2026-05-14 01:45:00,66.571,0.987,480.848,1436.542,
2026-05-14 01:50:00,55.628,0.978,315.27,590.691,
2026-05-14 01:55:00,48.181,0.97,225.321,686.237,
2026-05-14 02:00:00,48.575,0.97,215.493,993.799,
2026-05-14 02:05:00,51.649,0.985,297.963,2398.021,
2026-05-14 02:10:00,43.401,0.799,218.075,709.972,
2026-05-14 02:15:00,53.973,1.006,445.346,773.13,
2026-05-14 02:20:00,78.219,0.954,754.212,1940.433,
2026-05-14 02:25:00,78.794,0.987,770.836,530.672,
2026-05-14 02:30:00,65.268,1.007,542.446,753.093,
2026-05-14 02:35:00,72.04,1.006,670.423,353.47,
2026-05-14 02:40:00,65.845,0.97,586.286,1098.287,
2026-05-14 02:45:00,69.689,1.003,630.409,649.528,
2026-05-14 02:50:00,61.224,1.007,414.812,670.931,
2026-05-14 02:55:00,54.895,1.004,308.817,651.894,
2026-05-14 03:00:00,56.73,0.996,351.434,182.118,
2026-05-14 03:05:00,53.114,1.005,308.409,274.567,
2026-05-14 03:10:00,49.127,0.933,301.643,1432.43,
2026-05-14 03:15:00,50.832,0.938,372.467,1016.452,
2026-05-14 03:20:00,47.688,0.964,228.002,921.821,
2026-05-14 03:25:00,30.431,1.007,67.889,351.769,
2026-05-14 03:30:00,24.438,0.979,80.762,896.362,
2026-05-14 03:35:00,31.386,0.952,78.096,634.196,
2026-05-14 03:40:00,58.023,1.005,409.232,1651.522,
2026-05-14 03:45:00,58.364,0.975,241.725,2910.127,
2026-05-14 03:50:00,48.809,0.953,154.817,2038.772,
2026-05-14 03:55:00,52.999,0.979,295.625,1176.37,
2026-05-14 04:00:00,48.877,0.976,218.694,509.199,
2026-05-14 04:05:00,46.246,0.958,181.178,492.407,
2026-05-14 04:10:00,60.678,0.983,463.195,1025.497,
2026-05-14 04:15:00,49.054,0.985,259.337,1934.427,
2026-05-14 04:20:00,47.885,0.969,171.137,1117.777,
2026-05-14 04:25:00,52.159,0.983,248.134,935.079,
2026-05-14 04:30:00,46.726,0.934,197.265,585.95,
2026-05-14 04:35:00,62.37,0.956,331.467,1275.048,
2026-05-14 04:40:00,65.613,0.974,553.577,362.272,
2026-05-14 04:45:00,64.362,1.005,458.742,1443.717,
2026-05-14 04:50:00,72.599,0.984,649.119,2195.67,
2026-05-14 04:55:00,72.438,0.962,812.604,1068.332,
2026-05-14 05:00:00,64.733,0.929,230.378,2232.149,
2026-05-14 05:05:00,89.359,0.897,874.478,760.916,
2026-05-14 05:10:00,90.528,0.969,1049.763,1733.196,
2026-05-14 22:15:00,26.16,1.003,122.485,1158.559,
2026-05-14 22:20:00,28.282,0.992,115.807,1599.253,
2026-05-14 22:25:00,25.861,0.725,94.421,1203.209,
2026-05-14 22:30:00,32.142,0.755,148.36,131.102,
2026-05-14 22:35:00,38.807,0.808,160.111,632.496,
2026-05-14 22:40:00,38.46,0.975,210.822,233.234,
2026-05-14 22:45:00,39.733,0.911,210.972,510.276,
2026-05-14 22:50:00,35.977,1.0,201.187,209.503,
2026-05-14 22:55:00,43.972,0.994,353.814,184.455,
2026-05-14 23:00:00,40.663,0.987,310.765,306.262,
2026-05-14 23:05:00,38.917,0.973,288.221,320.743,
2026-05-14 23:10:00,42.759,0.974,303.893,206.51,
2026-05-14 23:15:00,41.367,0.986,251.434,593.737,
2026-05-14 23:20:00,40.195,0.985,257.736,316.026,
2026-05-14 23:25:00,43.625,1.003,338.516,107.738,
2026-05-14 23:30:00,40.264,0.963,261.628,259.554,
2026-05-14 23:35:00,39.824,0.938,141.329,3486.205,
2026-05-14 23:40:00,42.891,0.983,279.56,757.219,
2026-05-14 23:45:00,44.124,0.898,180.569,2102.066,
2026-05-14 23:55:00,40.364,1.006,230.368,295.448,
2026-05-15 00:00:00,43.03,0.977,228.375,496.98,
2026-05-15 00:15:00,73.387,1.005,749.986,124.761,
2026-05-15 00:20:00,47.233,0.908,192.417,1028.126,
2026-05-15 00:25:00,52.979,0.973,278.029,1528.276,
2026-05-15 00:30:00,44.006,1.007,264.154,421.142,
2026-05-15 00:35:00,37.543,0.993,170.952,524.652,
2026-05-15 00:40:00,28.396,1.002,72.611,391.626,
2026-05-15 00:45:00,42.699,0.979,229.452,880.242,
2026-05-15 00:50:00,34.442,1.005,99.967,201.813,
2026-05-15 00:55:00,40.15,0.943,219.18,372.714,
2026-05-15 01:00:00,42.045,0.949,196.232,718.681,
2026-05-15 01:05:00,38.14,0.991,179.578,826.101,
2026-05-15 01:10:00,40.858,1.004,185.657,853.536,
2026-05-15 01:15:00,50.049,1.004,310.944,369.591,
2026-05-15 01:20:00,53.319,1.005,438.832,712.052,
2026-05-15 01:25:00,71.086,0.9,708.71,611.327,
2026-05-15 01:30:00,57.701,0.993,357.991,445.086,
2026-05-15 01:35:00,55.438,1.007,299.953,331.127,
2026-05-15 01:40:00,54.444,1.006,453.956,709.382,
2026-05-15 01:45:00,47.638,0.938,282.523,319.344,
2026-05-15 02:15:00,80.837,1.008,788.019,1323.324,
2026-05-15 02:20:00,72.789,0.975,522.969,814.029,
2026-05-15 02:25:00,68.57,0.961,520.349,696.046,
2026-05-15 02:30:00,31.065,0.952,116.291,593.471,
2026-05-15 02:35:00,26.931,1.003,68.766,246.922,
2026-05-15 02:40:00,48.379,0.989,290.647,1313.89,
2026-05-15 02:45:00,40.789,0.972,145.163,1888.623,
2026-05-15 02:50:00,39.682,0.903,192.623,776.704,
2026-05-15 02:55:00,36.848,0.994,136.211,1485.739,
2026-05-15 03:00:00,41.732,0.927,143.375,1317.877,
2026-05-15 03:05:00,30.484,0.947,101.883,965.344,
2026-05-15 03:10:00,33.64,0.945,124.125,1856.645,
2026-05-15 03:15:00,31.93,1.003,678.647,1954.822,
2026-05-15 03:20:00,28.675,1.007,99.944,525.081,
2026-05-15 03:25:00,26.79,0.776,47.325,324.452,
2026-05-15 03:30:00,35.866,0.932,161.214,940.511,
2026-05-15 03:35:00,43.389,0.909,237.23,1073.129,
2026-05-15 03:40:00,36.913,1.003,171.103,632.973,
2026-05-15 03:45:00,36.303,0.905,144.954,581.281,
2026-05-15 03:50:00,35.487,0.996,124.422,658.534,
2026-05-15 03:55:00,35.57,0.92,160.82,767.738,
2026-05-15 04:00:00,43.953,1.005,326.399,1705.736,
2026-05-15 04:05:00,65.099,0.936,445.092,1861.781,
2026-05-15 04:10:00,74.746,0.983,494.053,1832.084,
2026-05-15 04:15:00,76.753,0.951,513.214,2456.692,
2026-05-15 04:20:00,81.527,0.982,834.464,1049.044,
2026-05-15 04:25:00,71.438,0.983,561.646,982.572,
2026-05-15 04:30:00,70.953,0.909,553.025,2765.496,
2026-05-15 04:35:00,70.328,0.997,593.144,748.285,
2026-05-15 04:40:00,77.261,0.93,647.917,2103.29,
2026-05-15 04:45:00,74.206,0.939,389.243,1138.569,
2026-05-15 04:50:00,79.09,0.799,656.088,2199.771,
2026-05-15 04:55:00,48.534,0.826,366.228,3121.796,
2026-05-15 23:20:00,36.835,0.862,221.553,184.215,
2026-05-15 23:25:00,44.802,0.911,307.313,420.809,
2026-05-15 23:30:00,53.741,0.853,445.015,143.168,
2026-05-15 23:35:00,59.253,0.951,591.688,439.471,
2026-05-15 23:40:00,51.616,1.002,379.351,350.293,
2026-05-15 23:45:00,49.466,1.007,348.174,153.195,
2026-05-15 23:50:00,54.772,0.985,499.463,184.877,
2026-05-15 23:55:00,49.142,0.978,288.044,240.202,
2026-05-16 00:00:00,52.713,0.998,532.27,1043.811,
2026-05-16 00:05:00,54.336,1.007,514.448,309.979,
2026-05-16 00:10:00,52.048,0.987,341.285,594.473,
2026-05-16 00:15:00,46.753,0.943,215.242,625.951,
2026-05-16 00:20:00,54.235,0.988,311.696,1109.214,
2026-05-16 00:25:00,63.315,1.008,568.562,339.682,
2026-05-16 00:30:00,70.194,0.948,570.523,185.265,
2026-05-16 00:35:00,29.536,1.004,111.776,347.215,
2026-05-16 00:40:00,38.064,1.008,134.965,655.555,
2026-05-16 00:45:00,36.086,0.998,213.407,1514.809,
2026-05-16 00:50:00,28.163,1.004,245.346,1124.125,
2026-05-16 00:55:00,31.546,0.981,110.906,2584.711,
2026-05-16 01:00:00,36.955,0.982,169.176,399.571,
2026-05-16 01:05:00,35.024,1.006,208.899,217.832,
2026-05-16 01:10:00,35.18,0.93,198.873,230.457,
2026-05-16 01:15:00,33.335,1.004,133.027,108.39,
2026-05-16 01:20:00,24.379,1.005,92.162,239.825,
2026-05-16 01:25:00,34.469,0.998,185.506,295.58,
2026-05-16 01:30:00,31.191,1.005,153.742,278.536,
2026-05-16 01:35:00,36.25,1.004,190.631,193.514,
2026-05-16 01:40:00,29.711,1.003,121.992,265.707,
2026-05-16 01:45:00,28.982,1.007,134.037,158.297,
2026-05-16 01:50:00,25.894,1.001,103.843,141.997,
2026-05-16 01:55:00,27.698,0.98,101.469,333.634,
2026-05-16 02:00:00,43.701,0.81,303.983,1156.282,
2026-05-16 02:05:00,43.467,0.969,285.763,293.381,
2026-05-16 02:10:00,34.144,0.903,123.416,843.779,
2026-05-16 02:15:00,39.307,0.93,175.412,1191.113,
2026-05-16 02:20:00,36.078,0.982,139.945,615.271,
2026-05-16 02:25:00,40.298,0.966,184.535,773.033,
2026-05-16 02:30:00,36.906,0.946,190.076,330.346,
2026-05-16 02:35:00,37.42,0.936,107.436,2710.361,
2026-05-16 02:40:00,35.185,0.984,144.934,1204.259,
2026-05-16 02:45:00,36.15,0.933,101.364,939.654,
2026-05-16 02:50:00,30.12,0.96,111.866,2126.888,
2026-05-16 02:55:00,22.742,0.999,37.425,265.733,
2026-05-16 03:00:00,25.602,1.004,63.963,399.287,
2026-05-16 03:05:00,26.147,0.989,58.467,546.714,
2026-05-16 03:10:00,27.934,0.959,86.901,333.126,
2026-05-16 03:15:00,27.711,0.975,96.454,1603.34,
2026-05-16 03:20:00,25.919,0.954,74.865,956.477,
2026-05-16 03:25:00,36.602,0.94,138.783,650.929,
2026-05-16 03:30:00,45.592,0.968,278.732,1409.727,
2026-05-16 03:35:00,52.22,1.006,482.297,6755.528,
2026-05-16 03:40:00,49.83,0.952,310.715,641.09,
2026-05-16 03:45:00,37.839,0.961,119.582,615.039,
2026-05-16 03:50:00,37.562,1.001,123.539,466.817,
2026-05-16 03:55:00,57.773,0.974,413.593,856.056,
2026-05-16 04:00:00,33.132,1.006,129.942,309.129,
2026-05-16 04:05:00,44.695,0.95,195.265,1661.672,
2026-05-16 04:10:00,67.441,1.001,411.631,643.332,
2026-05-16 04:15:00,57.403,1.008,384.25,627.691,
2026-05-16 04:20:00,62.816,1.004,464.168,1422.356,
2026-05-16 04:25:00,59.976,1.001,523.941,381.586,
2026-05-16 04:30:00,39.803,0.934,180.313,3126.845,
2026-05-16 04:35:00,40.2,0.996,220.966,2222.85,
2026-05-16 04:40:00,62.057,0.895,329.83,3668.746,
2026-05-16 04:45:00,72.687,0.972,608.877,3320.39,
2026-05-16 04:50:00,62.436,0.861,238.357,2383.268,
2026-05-16 04:55:00,76.679,0.965,901.509,1578.701,
2026-05-16 05:00:00,46.01,0.838,343.944,3086.179,
2026-05-16 22:05:00,33.115,0.947,137.916,1329.09,
2026-05-16 22:10:00,27.751,0.904,93.588,700.788,
2026-05-16 22:15:00,29.873,0.807,60.982,369.967,
2026-05-16 22:20:00,34.729,0.847,179.342,421.002,
2026-05-16 22:25:00,46.989,0.925,242.723,256.562,
2026-05-16 22:30:00,47.814,0.922,375.102,389.656,
2026-05-16 22:35:00,44.479,0.996,278.791,213.919,
2026-05-16 22:40:00,49.471,1.005,340.617,399.156,
2026-05-16 22:45:00,44.804,1.002,299.886,189.464,
2026-05-16 22:50:00,44.393,0.964,274.157,331.192,
2026-05-16 22:55:00,53.018,0.919,386.804,680.014,
2026-05-16 23:00:00,49.056,1.005,382.702,207.99,
2026-05-16 23:05:00,50.957,0.928,288.7,518.559,
2026-05-16 23:10:00,52.461,0.999,416.948,248.625,
2026-05-16 23:15:00,53.772,0.94,362.685,534.355,
2026-05-16 23:20:00,49.918,0.991,348.264,1351.971,
2026-05-16 23:25:00,46.911,0.982,305.861,305.944,
2026-05-16 23:30:00,42.195,0.99,277.88,518.07,
2026-05-16 23:35:00,41.411,1.005,180.651,1094.509,
2026-05-16 23:40:00,36.545,0.962,148.782,256.715,
2026-05-16 23:45:00,38.736,0.963,151.481,1475.405,
2026-05-16 23:50:00,38.936,0.999,147.827,699.656,
2026-05-16 23:55:00,47.499,0.971,239.155,827.36,
2026-05-17 00:00:00,40.488,0.972,267.111,776.2,
2026-05-17 00:05:00,36.976,1.006,215.426,249.121,
2026-05-17 00:10:00,39.189,0.991,197.278,743.512,
2026-05-17 00:15:00,36.284,1.003,205.998,200.752,
2026-05-17 00:20:00,35.057,1.005,165.073,196.623,
2026-05-17 00:25:00,35.274,1.002,182.687,191.615,
2026-05-17 00:30:00,41.731,1.007,179.913,381.172,
2026-05-17 00:35:00,42.656,0.912,186.197,570.064,
2026-05-17 00:40:00,56.666,0.996,416.777,375.47,
2026-05-17 00:45:00,66.041,0.894,496.976,465.895,
2026-05-17 00:50:00,58.449,0.891,149.465,1521.874,
2026-05-17 00:55:00,75.235,0.967,588.929,954.482,
2026-05-17 01:00:00,101.918,0.945,1304.195,1060.756,
2026-05-17 01:05:00,87.096,1.005,778.714,419.121,
2026-05-17 01:10:00,64.459,0.975,429.326,1102.422,
2026-05-17 01:15:00,49.854,0.907,174.055,2144.616,
2026-05-17 01:20:00,39.853,0.976,166.68,790.13,
2026-05-17 01:25:00,46.928,0.727,234.47,1220.688,
2026-05-17 01:35:00,56.02,0.983,437.57,1821.401,
2026-05-17 01:40:00,49.18,0.959,324.581,1541.035,
2026-05-17 01:45:00,48.115,0.961,314.172,909.544,
2026-05-17 01:50:00,44.152,0.899,198.253,1779.663,
2026-05-17 01:55:00,50.31,0.984,343.23,1249.61,
2026-05-17 02:00:00,49.458,0.935,270.071,1803.089,
2026-05-17 02:05:00,45.714,0.895,152.984,892.919,
2026-05-17 02:10:00,26.955,0.972,99.623,2248.279,
2026-05-17 02:15:00,28.996,0.882,74.594,920.896,
2026-05-17 02:20:00,29.818,0.929,105.667,772.173,
2026-05-17 02:25:00,31.699,1.002,144.579,214.837,
2026-05-17 02:30:00,36.85,0.807,134.355,1879.365,
2026-05-17 02:40:00,55.779,0.985,259.436,928.487,
2026-05-17 02:45:00,70.351,1.01,674.236,414.659,
2026-05-17 02:50:00,77.98,1.001,770.037,697.323,
2026-05-17 02:55:00,80.734,1.008,746.601,1485.203,
2026-05-17 03:00:00,67.467,1.003,670.263,234.891,
2026-05-17 03:05:00,81.122,1.007,849.182,775.161,
2026-05-17 03:10:00,68.278,0.965,624.361,961.343,
2026-05-17 03:15:00,60.475,1.005,525.663,2652.448,
2026-05-17 03:20:00,45.431,0.941,243.038,1711.706,
2026-05-17 03:25:00,72.253,0.923,605.05,2147.985,
2026-05-17 03:30:00,57.361,0.982,335.854,2079.447,
2026-05-17 03:35:00,43.335,0.938,146.676,347.023,
2026-05-17 03:40:00,52.311,0.941,355.894,2001.893,
2026-05-17 03:45:00,41.373,0.946,219.373,3196.695,
2026-05-17 03:50:00,52.822,0.915,283.332,1399.007,
2026-05-17 03:55:00,53.384,0.917,253.903,1762.674,
2026-05-17 04:00:00,49.456,0.959,222.704,558.765,
2026-05-17 04:05:00,52.338,0.867,295.86,787.54,
2026-05-17 04:10:00,43.015,0.961,200.574,396.815,
2026-05-17 04:15:00,48.231,0.943,306.222,566.581,
2026-05-17 04:20:00,73.507,0.984,702.942,894.049,
2026-05-17 04:25:00,68.245,0.941,534.068,952.061,
2026-05-17 04:30:00,70.083,0.985,588.22,1611.378,
2026-05-17 04:35:00,67.186,0.975,650.538,887.742,
2026-05-17 04:40:00,67.618,0.976,473.839,804.015,
2026-05-17 04:45:00,74.911,0.977,735.515,2812.212,
2026-05-17 04:50:00,69.811,0.948,405.839,4122.26,
2026-05-17 04:55:00,80.278,0.961,868.741,1561.21,
2026-05-17 05:00:00,65.042,0.763,486.237,2817.541,
2026-05-17 05:05:00,115.464,0.861,697.127,1767.76,
2026-05-17 05:10:00,67.541,0.913,555.949,3010.685,
2026-05-17 22:25:00,35.934,1.001,139.779,857.956,
2026-05-17 22:30:00,35.788,0.861,261.267,232.37,
2026-05-17 22:40:00,38.975,0.917,273.294,344.026,
2026-05-17 22:45:00,38.39,1.002,240.692,244.978,
2026-05-17 22:50:00,32.822,1.004,195.625,290.521,
2026-05-17 22:55:00,35.695,1.005,245.494,91.135,
2026-05-17 23:00:00,39.191,0.981,254.154,161.531,
2026-05-17 23:05:00,42.567,1.002,350.502,227.499,
2026-05-17 23:10:00,41.055,1.002,279.727,246.314,
2026-05-17 23:15:00,36.846,1.005,241.59,159.522,
2026-05-17 23:20:00,40.409,0.832,273.426,222.28,
2026-05-17 23:30:00,36.684,0.971,199.03,317.029,
2026-05-17 23:35:00,35.312,0.98,194.52,268.605,
2026-05-17 23:40:00,39.79,0.991,202.47,808.987,
2026-05-17 23:45:00,38.53,0.981,238.834,859.031,
2026-05-17 23:50:00,45.74,0.984,221.209,728.689,
2026-05-17 23:55:00,34.247,0.964,160.622,742.636,
2026-05-18 00:00:00,29.671,0.942,106.022,383.55,
2026-05-18 00:05:00,25.997,1.006,72.812,275.506,
2026-05-18 00:10:00,23.196,1.005,77.712,161.855,
2026-05-18 00:15:00,25.275,1.003,92.631,260.935,
2026-05-18 00:20:00,25.228,1.006,76.505,212.635,
2026-05-18 00:25:00,27.388,1.004,94.462,457.494,
2026-05-18 00:30:00,28.7,0.992,128.078,412.536,
2026-05-18 00:35:00,37.557,0.946,233.341,708.495,
2026-05-18 00:40:00,28.975,1.006,143.712,190.74,
2026-05-18 00:45:00,36.222,1.006,166.557,262.755,
2026-05-18 00:50:00,33.53,1.004,149.795,214.294,
2026-05-18 00:55:00,38.164,0.937,138.096,1019.883,
2026-05-18 01:00:00,45.393,0.988,223.513,955.402,
2026-05-18 01:05:00,37.677,0.95,210.89,716.898,
2026-05-18 01:10:00,39.123,0.945,153.17,1260.305,
2026-05-18 01:15:00,29.426,0.935,87.857,670.335,
2026-05-18 01:20:00,32.83,0.95,109.421,1016.689,
2026-05-18 01:25:00,25.095,0.711,75.949,390.47,
2026-05-18 01:35:00,54.725,0.995,325.15,671.926,
2026-05-18 01:40:00,34.81,0.974,125.851,1822.146,
2026-05-18 01:45:00,35.334,0.949,91.19,1959.177,
2026-05-18 01:50:00,49.446,0.982,275.787,1869.866,
2026-05-18 01:55:00,49.73,0.978,176.301,888.106,
2026-05-18 02:00:00,46.292,0.901,200.439,812.257,
2026-05-18 02:05:00,53.245,0.922,372.575,841.82,
2026-05-18 02:10:00,44.998,0.962,193.408,450.152,
2026-05-18 02:15:00,42.873,0.921,191.446,451.385,
2026-05-18 02:20:00,45.959,1.004,280.327,798.831,
2026-05-18 02:25:00,35.008,0.954,83.325,407.538,
2026-05-18 02:30:00,44.134,0.998,260.987,541.886,
2026-05-18 02:35:00,54.803,1.004,385.172,252.398,
2026-05-18 02:40:00,64.972,1.004,553.669,752.226,
2026-05-18 02:45:00,63.981,1.004,541.575,310.839,
2026-05-18 02:50:00,61.132,0.961,524.164,557.411,
2026-05-18 02:55:00,33.622,1.006,158.732,287.659,
2026-05-18 03:00:00,31.427,1.003,116.997,318.237,
2026-05-18 03:05:00,35.318,0.996,132.995,301.681,
2026-05-18 03:10:00,31.006,1.007,115.362,327.433,
2026-05-18 03:15:00,32.78,1.005,125.337,455.238,
2026-05-18 03:20:00,34.881,1.004,175.381,242.774,
2026-05-18 03:25:00,34.491,1.002,153.806,265.017,
2026-05-18 03:30:00,36.367,0.956,191.409,226.689,
2026-05-18 03:35:00,42.827,0.926,292.527,608.582,
2026-05-18 03:40:00,36.859,0.965,164.566,2581.317,
2026-05-18 03:45:00,30.156,0.94,102.873,726.531,
2026-05-18 03:50:00,33.312,0.973,106.047,2357.153,
2026-05-18 03:55:00,31.953,1.003,112.494,841.872,
2026-05-18 04:00:00,40.643,0.953,903.73,5150.483,
2026-05-18 04:05:00,35.823,0.896,130.898,1287.673,
2026-05-18 04:15:00,63.251,0.891,555.5,920.706,
2026-05-18 04:20:00,33.162,0.895,117.834,389.044,
2026-05-18 04:25:00,35.674,1.005,155.927,279.713,
2026-05-18 04:30:00,31.951,0.973,129.233,296.717,
2026-05-18 04:35:00,32.296,0.949,128.74,1153.286,
2026-05-18 04:40:00,35.555,0.935,259.555,743.966,
2026-05-18 04:45:00,32.726,0.966,126.633,235.346,
2026-05-18 04:50:00,38.638,0.912,173.021,606.933,
2026-05-18 04:55:00,35.052,1.004,161.577,1044.724,
2026-05-18 05:00:00,79.037,0.759,858.381,4961.005,
2026-05-18 21:45:00,39.505,0.958,222.343,144.814,
2026-05-18 21:50:00,45.11,0.873,343.832,582.383,
2026-05-18 21:55:00,30.325,0.825,96.638,341.473,
2026-05-18 22:00:00,39.626,0.927,293.754,391.561,
2026-05-18 22:05:00,53.921,0.991,445.583,340.086,
2026-05-18 22:10:00,39.483,0.982,220.835,648.99,
2026-05-18 22:15:00,45.047,1.004,298.356,187.967,
2026-05-18 22:20:00,45.656,1.004,312.33,190.496,
2026-05-18 22:25:00,45.829,0.999,265.538,664.159,
2026-05-18 22:30:00,44.126,0.963,257.937,713.939,
2026-05-18 22:35:00,44.449,1.003,288.644,380.996,
2026-05-18 22:40:00,49.034,1.001,310.881,102.548,
2026-05-18 22:45:00,46.568,0.89,278.647,1989.151,
2026-05-18 22:50:00,49.531,1.005,333.292,338.374,
2026-05-18 22:55:00,56.073,0.972,366.185,607.287,
2026-05-18 23:00:00,57.939,0.963,346.113,1046.311,
2026-05-18 23:05:00,64.353,0.981,549.029,633.672,
2026-05-18 23:10:00,58.833,0.98,550.153,1291.258,
2026-05-18 23:15:00,42.33,0.992,193.853,922.019,
2026-05-18 23:20:00,51.971,0.986,241.288,1459.776,
2026-05-18 23:25:00,57.111,0.974,378.457,1466.537,
2026-05-18 23:30:00,59.84,0.954,466.921,762.283,
2026-05-19 00:15:00,47.824,0.879,213.165,735.945,
2026-05-19 00:20:00,45.919,0.985,256.432,852.893,
2026-05-19 00:25:00,36.725,0.789,96.107,539.189,
2026-05-19 00:30:00,57.231,0.833,363.691,1649.824,
2026-05-19 00:35:00,54.528,0.981,341.982,781.008,
2026-05-19 00:40:00,50.084,0.983,297.085,391.228,
2026-05-19 00:45:00,45.541,0.902,162.031,1606.996,
2026-05-19 00:50:00,50.189,0.972,305.001,1195.006,
2026-05-19 00:55:00,40.312,0.965,161.496,729.702,
2026-05-19 01:00:00,46.296,0.996,271.011,303.9,
2026-05-19 01:05:00,38.651,1.008,206.096,242.835,
2026-05-19 01:10:00,38.116,0.979,158.497,537.085,
2026-05-19 01:15:00,24.298,0.973,80.585,359.562,
2026-05-19 01:20:00,27.297,0.98,116.226,351.111,
2026-05-19 01:25:00,23.552,0.983,64.942,1350.522,
2026-05-19 01:30:00,20.275,1.004,50.336,170.578,
2026-05-19 01:35:00,27.337,0.965,71.988,562.763,
2026-05-19 01:40:00,28.244,0.922,45.831,177.41,
2026-05-19 01:45:00,48.093,0.878,248.392,1034.154,
2026-05-19 01:50:00,53.606,0.978,714.755,2578.374,
2026-05-19 01:55:00,30.163,1.004,88.018,918.364,
2026-05-19 02:00:00,26.986,1.003,44.316,1228.068,
2026-05-19 02:05:00,54.257,0.973,368.864,580.737,
2026-05-19 02:10:00,45.374,1.003,262.836,703.274,
2026-05-19 02:15:00,42.51,1.003,231.991,530.769,
2026-05-19 02:20:00,40.913,1.002,234.386,351.661,
2026-05-19 02:25:00,55.674,0.864,339.427,499.102,
2026-05-19 02:30:00,55.42,1.001,392.315,588.005,
2026-05-19 02:35:00,54.533,0.918,371.052,870.124,
2026-05-19 02:40:00,73.592,1.004,585.123,462.327,
2026-05-19 02:45:00,64.243,1.001,512.253,477.593,
2026-05-19 02:50:00,73.245,0.966,494.517,1955.7,
2026-05-19 02:55:00,96.344,0.981,1165.29,999.203,
2026-05-19 03:00:00,83.794,0.975,803.583,1063.931,
2026-05-19 03:05:00,120.268,1.004,1642.225,2272.779,
2026-05-19 03:10:00,79.139,0.986,584.632,807.848,
2026-05-19 03:15:00,79.781,0.945,603.424,1477.825,
2026-05-19 03:20:00,62.257,0.933,582.005,1748.906,
2026-05-19 03:25:00,51.86,0.982,351.788,796.387,
2026-05-19 03:30:00,53.708,0.943,263.748,2427.129,
2026-05-19 03:35:00,36.622,1.007,142.093,325.361,
2026-05-19 03:40:00,47.152,0.97,241.925,1430.042,
2026-05-19 03:45:00,50.578,0.953,198.382,1136.691,
2026-05-19 03:50:00,58.048,0.932,304.761,970.811,
2026-05-19 03:55:00,53.041,0.995,270.655,1054.605,
2026-05-19 04:00:00,47.42,0.941,279.38,552.443,
2026-05-19 04:05:00,36.437,0.907,134.84,1336.173,
2026-05-19 04:10:00,57.243,1.003,355.05,1034.67,
2026-05-19 04:15:00,79.481,0.948,733.495,1602.889,
2026-05-19 04:20:00,83.529,0.903,910.366,1391.229,
2026-05-19 04:25:00,51.673,1.002,333.479,700.882,
2026-05-19 04:30:00,67.573,0.998,693.466,560.083,
2026-05-19 04:35:00,95.002,0.939,967.173,1481.55,
2026-05-19 04:40:00,84.244,1.002,661.949,1267.312,
2026-05-19 04:45:00,75.365,0.965,676.246,615.44,
2026-05-19 04:50:00,97.412,0.975,976.665,1244.497,
2026-05-19 04:55:00,75.309,0.997,629.04,706.49,
2026-05-19 05:00:00,65.365,0.831,545.221,2615.07,
2026-05-19 05:05:00,67.575,0.711,568.692,6229.069,
2026-05-19 22:45:00,34.464,0.913,178.731,748.476,
2026-05-19 22:50:00,35.698,0.978,173.901,480.096,
2026-05-19 22:55:00,41.962,1.006,282.374,389.183,
2026-05-19 23:00:00,36.649,0.956,198.257,225.612,
2026-05-19 23:05:00,45.909,0.976,213.828,793.348,
2026-05-19 23:10:00,52.746,0.981,566.155,1200.057,
2026-05-19 23:15:00,45.813,1.004,284.732,321.059,
2026-05-19 23:20:00,47.267,1.003,303.029,162.461,
2026-05-19 23:25:00,40.52,0.957,204.845,816.119,
2026-05-19 23:30:00,32.463,1.008,147.152,386.332,
2026-05-19 23:35:00,40.656,0.948,167.521,1160.998,
2026-05-19 23:40:00,38.905,1.007,223.705,213.213,
2026-05-19 23:45:00,44.44,0.918,228.561,673.583,
2026-05-19 23:50:00,45.122,0.998,282.861,422.357,
2026-05-19 23:55:00,47.623,0.981,324.527,451.099,
2026-05-20 00:00:00,51.552,0.951,290.507,780.806,
2026-05-20 00:05:00,46.852,0.96,260.589,1268.37,
2026-05-20 00:10:00,42.213,1.006,209.143,596.734,
2026-05-20 00:15:00,47.254,0.984,306.791,1904.003,
2026-05-20 00:20:00,48.053,1.004,319.241,1095.254,
2026-05-20 00:25:00,45.984,0.908,279.575,1261.191,
2026-05-20 00:30:00,26.172,1.004,106.348,281.369,
2026-05-20 00:35:00,29.167,1.006,120.324,262.995,
2026-05-20 00:40:00,32.263,0.992,117.875,215.921,
2026-05-20 00:45:00,32.663,1.006,121.885,132.519,
2026-05-20 00:50:00,33.054,0.999,129.789,282.475,
2026-05-20 00:55:00,30.681,1.005,121.049,187.691,
2026-05-20 01:00:00,33.184,1.001,122.208,176.728,
2026-05-20 01:05:00,37.278,1.004,154.042,309.755,
2026-05-20 01:10:00,36.597,1.009,124.081,378.655,
2026-05-20 01:15:00,35.308,1.004,150.667,504.007,
2026-05-20 01:20:00,32.105,0.773,98.652,718.826,
2026-05-20 01:25:00,27.477,1.0,100.207,75.867,
2026-05-20 01:30:00,32.358,0.978,146.488,323.263,
2026-05-20 01:35:00,44.265,0.941,500.798,1959.79,
2026-05-20 01:40:00,26.974,0.969,120.595,213.746,
2026-05-20 01:45:00,39.194,0.99,171.498,896.072,
2026-05-20 01:50:00,40.714,0.952,189.607,662.392,
2026-05-20 01:55:00,29.584,0.973,102.016,894.614,
2026-05-20 02:00:00,30.169,0.848,93.477,1000.721,
2026-05-20 02:05:00,19.741,0.882,31.806,200.218,
2026-05-20 02:10:00,37.919,0.781,307.639,12978.896,
2026-05-20 02:15:00,52.168,0.986,402.076,998.728,
2026-05-20 02:20:00,62.468,0.978,383.964,1306.968,
2026-05-20 02:25:00,54.205,0.982,427.315,1200.865,
2026-05-20 02:30:00,58.264,1.006,490.187,391.084,
2026-05-20 02:35:00,65.104,0.883,422.633,680.767,
2026-05-20 02:40:00,68.539,1.007,593.937,326.689,
2026-05-20 02:45:00,66.83,0.96,539.011,1410.764,
2026-05-20 02:50:00,34.678,0.89,117.843,532.32,
2026-05-20 02:55:00,33.844,0.928,179.495,387.306,
2026-05-20 03:00:00,33.584,0.784,43.805,304.255,
2026-05-20 03:05:00,29.395,0.949,129.664,1673.896,
2026-05-20 03:10:00,34.821,0.995,308.892,2762.265,
2026-05-20 03:15:00,26.182,0.991,89.308,1005.088,
2026-05-20 03:25:00,59.196,0.963,516.623,419.952,
2026-05-20 03:30:00,48.538,0.944,254.116,554.086,
2026-05-20 03:35:00,27.461,1.005,86.615,405.696,
2026-05-20 03:40:00,34.275,0.945,117.57,868.912,
2026-05-20 03:45:00,43.628,0.971,302.117,852.428,
2026-05-20 03:50:00,34.818,0.987,129.601,295.974,
2026-05-20 03:55:00,37.468,0.927,175.004,480.503,
2026-05-20 04:00:00,42.762,0.962,193.858,892.785,
2026-05-20 04:05:00,56.679,0.906,269.033,2820.601,
2026-05-20 04:10:00,59.561,1.004,540.782,270.154,
2026-05-20 04:15:00,62.363,0.857,510.106,318.416,
2026-05-20 04:20:00,65.117,1.006,564.029,527.701,
2026-05-20 04:25:00,47.436,0.989,275.239,490.232,
2026-05-20 04:30:00,49.164,1.003,350.796,390.725,
2026-05-20 04:35:00,46.515,0.988,300.199,292.629,
2026-05-20 04:40:00,34.839,0.887,127.705,1084.18,
2026-05-20 04:45:00,37.631,0.938,110.473,1031.882,
2026-05-20 05:00:00,69.896,0.883,975.333,1926.254,
2026-05-20 05:05:00,34.538,0.884,150.641,754.278,
2026-05-20 05:10:00,53.347,0.846,382.215,3170.507,
2026-05-20 05:15:00,58.513,0.706,386.735,3878.662,
2026-05-20 23:55:00,34.264,0.828,200.221,900.289,
2026-05-21 00:00:00,38.975,0.885,408.221,356.126,
2026-05-21 00:05:00,32.384,0.77,249.382,585.408,
2026-05-21 00:10:00,35.509,0.95,224.864,1302.467,
2026-05-21 00:15:00,34.665,0.825,148.05,763.395,
2026-05-21 00:20:00,36.364,0.859,290.787,498.139,
2026-05-21 00:25:00,34.425,0.968,311.335,506.238,
2026-05-21 00:35:00,28.327,0.949,113.053,664.364,
2026-05-21 00:40:00,42.394,0.98,295.005,183.479,
2026-05-21 00:45:00,39.379,1.008,206.82,223.762,
2026-05-21 00:50:00,39.586,0.953,194.425,592.922,
2026-05-21 00:55:00,39.412,1.003,191.556,247.733,
2026-05-21 01:00:00,37.692,0.96,187.087,365.171,
2026-05-21 01:05:00,44.878,1.003,301.279,208.931,
2026-05-21 01:10:00,44.186,1.005,225.691,178.449,
2026-05-21 01:15:00,41.059,0.995,215.066,115.034,
2026-05-21 01:20:00,45.493,1.004,271.974,307.216,
2026-05-21 01:25:00,43.119,1.007,253.915,294.066,
2026-05-21 01:30:00,43.403,1.004,224.452,625.167,
2026-05-21 01:35:00,40.473,0.91,191.023,652.036,
2026-05-21 01:40:00,44.87,0.984,281.109,2653.64,
2026-05-21 01:45:00,42.298,1.001,197.76,389.498,
2026-05-21 01:50:00,40.766,0.923,149.592,1292.833,
2026-05-21 01:55:00,41.546,1.004,166.928,766.464,
2026-05-21 02:00:00,43.885,0.969,190.65,641.273,
2026-05-21 02:05:00,38.894,0.95,136.599,914.183,
2026-05-21 02:10:00,31.482,0.977,93.129,615.118,
2026-05-21 02:15:00,37.333,0.974,109.823,323.046,
2026-05-21 02:20:00,36.983,0.969,184.193,405.24,
2026-05-21 02:25:00,54.736,1.004,334.099,703.725,
2026-05-21 02:30:00,46.529,0.99,230.271,449.304,
2026-05-21 02:35:00,47.149,1.001,295.892,204.969,
2026-05-21 02:40:00,43.899,1.008,244.386,532.956,
2026-05-21 02:45:00,50.141,0.987,368.044,1178.843,
2026-05-21 02:50:00,50.474,1.004,329.896,339.694,
2026-05-21 02:55:00,49.647,1.003,255.372,403.725,
2026-05-21 03:00:00,45.882,0.92,235.23,433.815,
2026-05-21 03:05:00,46.734,0.982,303.553,1247.789,
2026-05-21 03:10:00,49.25,0.952,239.829,1929.14,
2026-05-21 03:15:00,55.594,0.924,243.246,1144.929,
2026-05-21 03:20:00,57.566,0.996,470.024,743.95,
2026-05-21 03:25:00,50.232,0.948,251.111,553.129,
2026-05-21 03:30:00,44.21,0.981,209.315,727.175,
2026-05-21 03:35:00,46.721,0.984,197.006,640.139,
2026-05-21 03:40:00,51.315,1.008,246.559,1642.698,
2026-05-21 03:45:00,53.047,0.932,307.89,1577.642,
2026-05-21 03:50:00,55.581,0.988,326.217,1843.766,
2026-05-21 03:55:00,47.393,0.936,265.503,1514.164,
2026-05-21 04:00:00,57.519,0.969,352.746,1222.148,
2026-05-21 04:05:00,53.951,0.953,273.185,1959.865,
2026-05-21 04:10:00,53.031,0.986,382.836,814.055,
2026-05-21 04:15:00,54.37,0.959,216.136,1443.164,
2026-05-21 04:20:00,71.841,0.984,539.833,2173.839,
2026-05-21 04:40:00,38.439,0.92,280.633,3466.64,
2026-05-21 04:45:00,37.459,0.944,234.854,1345.464,
2026-05-21 04:50:00,44.166,0.861,224.917,2238.43,
2026-05-21 04:55:00,47.293,0.904,239.936,1291.177,
2026-05-21 05:00:00,64.709,0.958,354.263,4937.314,
2026-05-21 05:05:00,70.205,0.856,427.576,2633.358,
2026-05-21 05:15:00,29.96,0.822,124.613,606.409,
2026-05-21 05:20:00,38.576,0.92,182.095,1361.381,
2026-05-21 21:30:00,26.95,0.905,115.693,410.869,
2026-05-21 21:35:00,29.204,1.005,120.618,157.841,
2026-05-21 21:40:00,35.353,0.973,174.709,223.267,
2026-05-21 21:45:00,34.474,1.001,140.362,111.129,
2026-05-21 21:50:00,39.102,1.006,186.631,160.425,
2026-05-21 21:55:00,37.248,0.997,193.762,108.334,
2026-05-21 22:00:00,41.478,0.984,217.46,170.642,
2026-05-21 22:05:00,38.599,1.004,187.548,131.15,
2026-05-21 22:10:00,37.074,0.999,173.658,165.008,
2026-05-21 22:15:00,40.775,1.005,207.458,247.409,
2026-05-21 22:20:00,42.831,1.006,221.245,241.493,
2026-05-21 22:25:00,36.517,0.958,153.024,188.902,
2026-05-21 22:30:00,31.786,1.003,147.547,888.965,
2026-05-21 22:35:00,30.804,1.002,114.53,632.132,
2026-05-21 22:40:00,29.267,0.935,77.89,606.882,
2026-05-21 22:45:00,24.346,0.979,67.4,208.023,
2026-05-21 22:50:00,36.0,1.004,145.087,706.004,
2026-05-21 22:55:00,36.612,0.975,140.637,505.611,
2026-05-21 23:00:00,47.302,1.002,267.866,640.95,
2026-05-21 23:05:00,54.152,0.998,345.192,1191.705,
2026-05-21 23:10:00,42.55,0.997,255.37,400.805,
2026-05-21 23:15:00,45.514,1.007,237.32,450.038,
2026-05-21 23:20:00,46.528,1.003,275.085,248.398,
2026-05-21 23:25:00,42.543,1.006,201.919,208.3,
2026-05-21 23:30:00,42.364,1.0,173.885,271.26,
2026-05-21 23:35:00,43.707,1.001,257.058,304.656,
2026-05-21 23:40:00,39.759,0.999,204.055,242.636,
2026-05-21 23:45:00,39.084,0.859,120.996,2028.027,
2026-05-21 23:50:00,23.458,1.003,73.666,109.422,
2026-05-21 23:55:00,23.194,1.003,63.938,158.032,
2026-05-22 00:00:00,26.247,0.926,73.745,301.108,
2026-05-22 00:05:00,34.59,1.002,149.011,87.832,
2026-05-22 00:10:00,26.833,0.936,91.687,346.442,
2026-05-22 00:15:00,26.503,0.948,90.384,501.574,
2026-05-22 00:20:00,27.985,0.933,106.538,187.615,
2026-05-22 00:25:00,24.239,0.987,59.178,633.626,
2026-05-22 00:30:00,18.167,0.969,32.434,152.828,
2026-05-22 00:35:00,32.8,0.978,215.031,879.158,
2026-05-22 00:40:00,27.332,0.98,119.252,1124.742,
2026-05-22 00:45:00,17.247,0.976,43.71,455.611,
2026-05-22 00:50:00,31.254,0.997,123.602,838.902,
2026-05-22 00:55:00,40.462,0.964,251.377,1126.878,
2026-05-22 01:00:00,42.545,0.954,202.058,2017.096,
2026-05-22 01:05:00,29.256,0.973,110.377,405.128,
2026-05-22 01:10:00,35.855,0.984,219.575,323.403,
2026-05-22 01:15:00,50.617,0.98,392.691,856.335,
2026-05-22 01:20:00,51.521,1.004,309.019,357.357,
2026-05-22 01:25:00,55.99,1.003,414.319,202.294,
2026-05-22 01:30:00,51.394,0.925,273.575,880.154,
2026-05-22 01:35:00,41.166,1.005,147.847,170.643,
2026-05-22 01:40:00,44.951,0.995,261.318,186.408,
2026-05-22 01:45:00,42.528,1.005,231.507,244.281,
2026-05-22 01:50:00,44.15,0.981,263.712,345.517,
2026-05-22 01:55:00,50.471,0.99,320.801,259.758,
2026-05-22 02:00:00,36.779,1.001,192.25,397.567,
2026-05-22 02:05:00,36.588,0.904,209.832,382.478,
2026-05-22 02:10:00,30.144,1.003,121.253,283.399,
2026-05-22 02:15:00,24.044,0.99,80.878,143.168,
2026-05-22 02:20:00,26.623,1.002,122.37,221.87,
2026-05-22 02:25:00,24.599,0.978,121.668,1045.818,
2026-05-22 02:30:00,20.757,1.006,58.042,482.458,
2026-05-22 02:35:00,19.303,0.945,48.56,745.713,
2026-05-22 02:40:00,23.609,0.997,94.485,626.889,
2026-05-22 02:55:00,25.369,0.997,66.562,552.581,
2026-05-22 03:00:00,23.528,0.956,65.628,154.698,
2026-05-22 03:05:00,44.014,0.949,207.865,951.868,
2026-05-22 03:10:00,32.573,0.982,81.383,471.046,
2026-05-22 03:15:00,35.995,0.991,157.119,664.99,
2026-05-22 03:20:00,39.148,1.008,185.629,649.782,
2026-05-22 03:25:00,33.933,0.965,169.44,166.87,
2026-05-22 03:35:00,50.239,0.931,436.354,206.843,
2026-05-22 03:40:00,45.915,1.005,341.118,182.27,
2026-05-22 03:45:00,48.589,1.003,301.211,204.278,
2026-05-22 03:50:00,42.589,0.956,173.749,678.204,
2026-05-22 03:55:00,44.051,0.996,254.629,190.311,
2026-05-22 04:00:00,45.997,1.003,290.118,460.781,
2026-05-22 04:05:00,41.584,1.007,229.304,249.844,
2026-05-22 04:10:00,39.087,0.966,235.587,1067.396,
2026-05-22 04:15:00,42.709,0.996,247.07,395.807,
2026-05-22 04:20:00,39.375,0.977,251.073,1110.129,
2026-05-22 04:25:00,42.353,0.934,181.288,2293.963,
2026-05-22 04:30:00,34.277,0.929,147.072,376.637,
2026-05-22 04:35:00,38.579,0.917,151.447,839.236,
2026-05-22 04:40:00,25.428,0.931,109.61,120.213,
2026-05-22 04:45:00,30.266,0.981,149.376,530.446,
2026-05-22 04:50:00,25.549,1.0,81.993,1203.416,
2026-05-22 05:15:00,29.083,0.97,133.465,155.618,
2026-05-22 05:20:00,27.923,0.992,132.073,473.414,
2026-05-22 05:25:00,29.474,0.983,122.42,1459.642,
2026-05-22 05:30:00,29.259,0.967,134.845,1299.277,
2026-05-22 05:35:00,27.722,0.919,114.251,1635.534,
2026-05-22 05:40:00,20.193,1.003,58.369,115.961,
2026-05-22 05:45:00,18.524,0.978,70.423,370.585,
2026-05-22 05:50:00,33.481,0.982,148.955,220.437,
2026-05-22 05:55:00,16.68,1.002,26.86,636.562,
2026-05-22 06:00:00,20.151,0.953,44.963,199.854,
2026-05-22 06:05:00,26.35,0.968,118.405,608.762,
2026-05-22 06:10:00,59.464,1.006,530.073,396.121,
2026-05-22 06:15:00,49.323,0.952,249.505,852.459,
2026-05-22 06:30:00,39.187,0.816,203.115,525.641,
2026-05-22 06:35:00,31.665,0.895,149.656,1984.648,
2026-05-22 06:40:00,27.927,0.807,162.714,1963.489,
2026-05-22 06:45:00,27.532,0.856,122.903,1188.052,
2026-05-22 06:50:00,29.745,0.986,138.623,1943.014,
2026-05-22 06:55:00,32.297,0.943,160.624,1124.262,
2026-05-22 07:00:00,32.626,0.906,158.307,1795.344,
2026-05-22 07:05:00,27.642,0.839,304.277,271.844,
2026-05-22 07:10:00,29.666,0.777,121.435,650.304,
2026-05-22 07:15:00,24.441,0.915,112.042,421.18,
2026-05-22 07:20:00,34.926,0.937,568.264,580.675,
2026-05-22 07:25:00,22.845,0.867,325.597,1396.445,
2026-05-22 07:40:00,30.493,1.004,155.781,943.932,
2026-05-22 07:45:00,46.94,1.003,347.224,313.086,
2026-05-22 07:50:00,31.633,1.001,259.495,623.807,
2026-05-22 07:55:00,36.075,0.989,415.273,206.215,
2026-05-22 08:00:00,24.364,0.928,168.516,478.519,
2026-05-22 22:00:00,23.508,0.907,105.7,685.55,
2026-05-22 22:05:00,26.303,0.841,69.528,192.733,
2026-05-22 22:10:00,32.832,0.921,120.339,170.329,
2026-05-22 22:15:00,35.957,1.007,216.563,121.404,
2026-05-22 22:20:00,33.238,0.999,191.222,113.628,
2026-05-22 22:25:00,32.834,1.005,188.248,147.541,
2026-05-22 22:30:00,31.19,0.998,148.46,99.28,
2026-05-22 22:35:00,35.746,1.004,224.066,308.394,
2026-05-22 22:40:00,31.562,1.007,173.101,176.08,
2026-05-22 22:45:00,33.084,0.97,156.018,331.228,
2026-05-22 22:50:00,30.512,0.963,139.952,218.39,
2026-05-22 22:55:00,31.442,1.007,115.642,190.336,
2026-05-22 23:00:00,35.244,1.002,163.821,214.75,
2026-05-22 23:05:00,34.681,0.979,141.649,912.848,
2026-05-22 23:10:00,30.419,0.998,118.312,778.709,
2026-05-22 23:15:00,35.049,0.973,145.437,186.144,
2026-05-22 23:20:00,31.31,1.0,105.651,453.64,
2026-05-22 23:25:00,28.284,0.955,50.6,414.098,
2026-05-22 23:30:00,29.064,0.967,105.691,372.905,
2026-05-22 23:35:00,36.537,0.93,196.49,741.572,
2026-05-22 23:40:00,36.879,0.965,170.412,265.505,
2026-05-22 23:45:00,49.261,0.981,320.378,1264.0,
2026-05-22 23:50:00,37.179,1.004,175.149,149.529,
2026-05-22 23:55:00,38.941,1.006,181.728,174.178,
2026-05-23 00:00:00,38.088,1.0,159.325,201.274,
2026-05-23 00:05:00,37.231,1.001,176.998,156.258,
2026-05-23 00:10:00,38.952,1.007,199.262,308.305,
2026-05-23 00:15:00,38.407,1.003,162.928,133.84,
2026-05-23 00:20:00,36.536,1.002,185.837,145.753,
2026-05-23 00:25:00,41.499,0.918,122.238,879.682,
2026-05-23 00:30:00,51.517,0.901,297.417,1578.684,
2026-05-23 00:35:00,38.849,0.991,195.341,541.27,
2026-05-23 00:40:00,25.725,0.968,91.037,414.732,
2026-05-23 00:45:00,41.303,0.964,221.592,1076.578,
2026-05-23 00:50:00,43.041,0.984,212.043,836.755,
2026-05-23 00:55:00,45.002,1.005,307.351,882.376,
2026-05-23 01:00:00,27.458,0.979,68.428,217.98,
2026-05-23 01:05:00,24.825,1.002,95.481,283.308,
2026-05-23 01:10:00,24.238,1.002,87.413,178.316,
2026-05-23 01:15:00,34.47,1.007,149.038,162.717,
2026-05-23 01:20:00,28.211,1.001,125.49,230.232,
2026-05-23 01:25:00,31.541,0.995,156.864,208.872,
2026-05-23 01:30:00,35.794,0.954,220.047,812.226,
2026-05-23 01:35:00,33.044,1.004,171.661,180.014,
2026-05-23 01:40:00,34.768,1.005,166.849,195.565,
2026-05-23 01:45:00,30.07,0.978,125.912,347.172,
2026-05-23 01:50:00,24.712,0.997,95.883,120.582,
2026-05-23 01:55:00,29.104,0.936,121.012,753.708,
2026-05-23 02:00:00,26.13,0.974,94.792,577.925,
2026-05-23 02:05:00,31.019,0.803,78.749,1083.399,
2026-05-23 02:10:00,36.643,1.002,196.723,444.686,
2026-05-23 02:15:00,46.045,0.959,210.745,482.011,
2026-05-23 02:20:00,55.287,0.996,443.13,177.477,
2026-05-23 02:25:00,49.294,0.991,373.673,671.629,
2026-05-23 02:30:00,40.2,0.94,199.417,617.45,
2026-05-23 02:35:00,28.965,0.972,116.833,929.606,
2026-05-23 02:40:00,27.987,0.987,95.658,447.754,
2026-05-23 02:45:00,21.366,0.992,56.541,250.874,
2026-05-23 02:50:00,25.368,0.949,82.035,723.382,
2026-05-23 02:55:00,22.609,0.947,44.083,615.867,
2026-05-23 03:00:00,62.774,0.99,783.197,79.445,
2026-05-23 03:05:00,72.601,0.986,897.985,133.973,
2026-05-23 03:10:00,76.609,0.904,856.981,169.376,
2026-05-23 03:15:00,33.539,0.922,157.157,1108.752,
2026-05-23 03:20:00,26.29,0.917,121.763,136.585,
2026-05-23 03:35:00,36.427,1.003,190.833,414.442,
2026-05-23 03:40:00,37.99,1.002,196.541,655.805,
2026-05-23 03:45:00,35.878,0.979,217.292,520.622,
2026-05-23 03:50:00,29.099,0.997,119.109,497.719,
2026-05-23 03:55:00,29.174,0.954,99.449,1982.819,
2026-05-23 04:00:00,30.935,0.981,187.258,965.207,
2026-05-23 04:05:00,31.737,0.944,140.613,1398.095,
2026-05-23 04:10:00,28.534,0.939,103.848,1336.332,
2026-05-23 04:15:00,27.163,0.949,85.377,804.272,
2026-05-23 04:20:00,23.95,0.962,88.522,1208.96,
2026-05-23 04:25:00,24.462,0.967,101.58,977.487,
2026-05-23 04:30:00,12.351,1.005,27.364,343.235,
2026-05-23 04:35:00,10.641,0.94,16.951,108.568,
2026-05-23 04:40:00,24.371,0.963,116.483,2770.923,
2026-05-23 04:45:00,18.621,0.978,55.471,1714.468,
2026-05-23 04:50:00,15.763,1.001,45.598,341.561,
2026-05-23 04:55:00,17.741,0.98,47.776,159.707,
2026-05-23 05:00:00,27.725,0.929,89.663,397.096,
2026-05-23 05:05:00,21.352,0.978,59.216,340.323,
2026-05-23 05:10:00,22.235,0.98,74.4,1042.392,
2026-05-23 05:15:00,23.211,0.99,73.516,397.41,
2026-05-23 05:20:00,26.936,0.957,119.234,1596.161,
2026-05-23 05:35:00,26.651,1.004,116.524,258.413,
2026-05-23 05:40:00,24.884,0.995,109.742,206.879,
2026-05-23 05:45:00,25.132,1.005,117.973,143.482,
2026-05-23 05:50:00,22.832,1.003,105.699,90.827,
2026-05-23 05:55:00,27.632,0.89,163.573,572.999,
2026-05-23 06:00:00,42.142,0.981,241.65,2372.797,
2026-05-23 06:05:00,43.324,0.95,221.021,3619.937,
2026-05-23 06:10:00,42.237,0.969,255.375,6039.015,
2026-05-23 06:15:00,35.767,0.977,146.952,3070.886,
2026-05-23 06:20:00,38.593,0.865,284.053,1006.56,
2026-05-23 22:30:00,24.596,0.889,62.93,2726.504,
2026-05-23 22:35:00,32.424,0.924,151.187,298.409,
2026-05-23 22:40:00,36.34,1.006,200.964,117.543,
2026-05-23 22:45:00,40.871,0.998,267.349,575.467,
2026-05-23 22:50:00,36.133,1.004,187.784,136.284,
2026-05-23 22:55:00,38.357,1.003,231.398,207.486,
2026-05-23 23:00:00,34.328,0.979,146.24,271.552,
2026-05-23 23:05:00,28.204,1.001,114.498,236.592,
2026-05-23 23:10:00,30.788,1.002,126.378,224.391,
2026-05-23 23:15:00,28.966,1.008,100.541,195.137,
2026-05-23 23:20:00,27.438,0.999,105.495,203.132,
2026-05-23 23:25:00,33.591,0.955,141.174,279.749,
2026-05-23 23:30:00,32.959,1.004,136.526,493.726,
2026-05-23 23:35:00,37.797,1.002,176.074,80.555,
2026-05-23 23:40:00,37.373,1.004,221.496,573.176,
2026-05-23 23:45:00,36.653,1.006,161.846,157.741,
2026-05-23 23:50:00,36.52,0.996,132.523,150.774,
2026-05-23 23:55:00,31.363,0.938,125.173,705.849,
2026-05-24 00:00:00,36.482,0.982,174.285,1331.378,
2026-05-24 00:05:00,26.077,1.008,77.095,426.767,
2026-05-24 00:10:00,25.39,1.001,48.63,664.748,
2026-05-24 00:15:00,39.594,0.969,168.359,625.895,
2026-05-24 00:20:00,47.442,0.962,250.302,500.235,
2026-05-24 00:25:00,39.966,1.002,139.034,519.951,
2026-05-24 00:30:00,53.604,0.947,334.272,686.976,
2026-05-24 00:35:00,43.858,1.003,253.674,229.728,
2026-05-24 00:40:00,43.814,0.978,245.168,289.126,
2026-05-24 00:45:00,54.172,1.006,362.395,308.036,
2026-05-24 00:50:00,47.064,1.001,293.568,208.377,
2026-05-24 00:55:00,46.491,1.004,276.661,163.231,
2026-05-24 01:00:00,50.199,0.913,308.051,440.234,
2026-05-24 01:05:00,49.055,0.98,264.372,368.498,
2026-05-24 01:10:00,48.7,0.991,304.317,302.848,
2026-05-24 01:15:00,49.566,1.003,299.083,213.044,
2026-05-24 01:20:00,51.539,1.006,329.656,354.144,
2026-05-24 01:25:00,45.189,0.98,238.672,342.166,
2026-05-24 01:30:00,47.694,1.004,292.549,336.885,
2026-05-24 01:35:00,47.994,0.944,302.93,279.752,
2026-05-24 01:40:00,49.241,0.993,293.724,940.114,
2026-05-24 01:45:00,45.649,1.005,215.457,618.47,
2026-05-24 01:50:00,50.035,0.958,246.948,934.391,
2026-05-24 01:55:00,51.736,0.939,325.043,448.281,
2026-05-24 02:00:00,52.39,0.901,308.94,1701.712,
2026-05-24 02:05:00,44.814,0.917,255.878,1208.12,
2026-05-24 02:10:00,40.819,0.966,176.775,1373.353,
2026-05-24 02:15:00,35.648,0.954,119.334,661.371,
2026-05-24 02:20:00,42.404,0.925,238.492,3220.998,
2026-05-24 02:25:00,40.542,0.86,207.989,379.91,
2026-05-24 02:30:00,33.238,0.961,146.162,713.585,
2026-05-24 02:35:00,46.575,0.953,404.696,423.832,
2026-05-24 02:40:00,50.352,0.737,334.509,671.497,
2026-05-24 02:55:00,32.741,0.981,146.549,278.56,
2026-05-24 03:00:00,30.068,1.003,145.743,94.944,
2026-05-24 03:05:00,39.34,0.983,241.054,260.028,
2026-05-24 03:10:00,28.532,1.005,116.79,266.028,
2026-05-24 03:15:00,29.508,1.005,107.811,381.278,
2026-05-24 03:20:00,27.304,1.007,98.304,184.521,
2026-05-24 03:25:00,24.672,1.003,81.66,168.898,
2026-05-24 03:30:00,26.3,1.0,116.782,92.18,
2026-05-24 03:35:00,26.49,0.954,85.559,339.848,
2026-05-24 03:40:00,40.84,1.004,246.917,567.937,
2026-05-24 03:45:00,32.414,0.976,153.228,681.915,
2026-05-24 03:50:00,34.796,0.947,174.159,835.397,
2026-05-24 03:55:00,31.025,0.936,147.606,433.638,
2026-05-24 04:00:00,23.777,0.964,54.502,965.693,
2026-05-24 04:05:00,20.392,0.953,57.133,392.869,
2026-05-24 04:10:00,24.188,0.927,107.647,1128.034,
2026-05-24 04:15:00,31.779,1.005,170.594,388.392,
2026-05-24 04:20:00,36.202,0.969,235.173,321.631,
2026-05-24 04:25:00,36.695,0.938,183.868,754.798,
2026-05-24 04:30:00,43.445,0.967,213.501,873.588,
2026-05-24 04:35:00,51.397,0.967,330.151,1058.016,
2026-05-24 04:40:00,45.61,0.932,324.173,1001.351,
2026-05-24 04:45:00,42.489,0.995,241.707,1465.7,
2026-05-24 04:50:00,40.677,0.853,173.027,3276.462,
2026-05-24 04:55:00,34.883,0.936,142.166,1114.722,
2026-05-24 05:00:00,41.213,0.925,289.365,403.205,
2026-05-24 05:05:00,29.886,0.99,68.783,399.73,
2026-05-24 05:10:00,34.448,0.966,132.415,427.439,
2026-05-24 05:15:00,33.385,0.953,151.118,181.433,
2026-05-24 05:20:00,44.755,0.828,213.885,853.822,
2026-05-24 05:25:00,61.088,0.788,439.285,888.037,
2026-05-24 23:00:00,20.441,0.773,67.023,430.293,
2026-05-24 23:05:00,22.529,0.822,41.428,346.538,
2026-05-24 23:10:00,26.477,0.924,83.784,74.947,
2026-05-24 23:15:00,20.582,1.004,68.894,299.33,
2026-05-24 23:20:00,19.562,1.001,76.562,58.216,
2026-05-24 23:25:00,17.51,1.004,54.262,80.89,
2026-05-24 23:30:00,19.499,0.996,63.213,59.496,
2026-05-24 23:35:00,19.021,1.003,58.2,100.926,
2026-05-24 23:40:00,18.25,1.002,50.603,130.338,
2026-05-24 23:45:00,20.95,1.001,82.385,67.648,
2026-05-24 23:50:00,21.181,0.934,72.193,103.631,
2026-05-24 23:55:00,18.83,0.989,56.172,258.598,
2026-05-25 00:00:00,14.418,0.999,31.972,92.075,
2026-05-25 00:05:00,14.904,1.003,40.284,198.206,
2026-05-25 00:10:00,18.105,0.953,58.687,763.573,
2026-05-25 00:15:00,15.853,0.991,35.278,211.504,
2026-05-25 00:20:00,20.814,0.981,44.812,292.103,
2026-05-25 00:25:00,18.626,0.907,53.73,1287.143,
2026-05-25 00:30:00,22.624,0.94,59.967,1316.869,
2026-05-25 00:35:00,19.076,1.003,62.55,136.133,
2026-05-25 00:40:00,16.967,0.966,46.935,77.303,
2026-05-25 00:45:00,24.633,0.918,82.972,476.173,
2026-05-25 00:50:00,21.786,1.006,74.826,135.05,
2026-05-25 00:55:00,18.1,0.987,54.636,393.259,
2026-05-25 01:00:00,20.514,0.908,41.196,1753.293,
2026-05-25 01:05:00,24.485,1.0,93.324,256.054,
2026-05-25 01:10:00,25.932,0.977,84.178,292.501,
2026-05-25 01:15:00,21.51,0.96,57.161,240.815,
2026-05-25 01:20:00,26.67,0.98,126.094,181.005,
2026-05-25 01:25:00,23.033,1.006,83.194,167.35,
2026-05-25 01:35:00,34.63,0.872,125.972,877.707,
2026-05-25 01:40:00,23.139,0.957,76.733,186.314,
2026-05-25 01:45:00,18.411,0.98,48.758,166.248,
2026-05-25 01:50:00,19.908,0.952,72.965,714.793,
2026-05-25 01:55:00,25.361,0.879,40.042,770.654,
2026-05-25 02:00:00,19.156,0.963,43.188,462.312,
2026-05-25 02:05:00,16.762,0.957,49.786,544.272,
2026-05-25 02:10:00,17.724,0.959,36.115,345.193,
2026-05-25 02:15:00,16.138,0.962,42.808,380.498,
2026-05-25 02:20:00,24.472,0.955,93.492,323.618,
2026-05-25 02:25:00,22.35,0.959,55.471,237.76,
2026-05-25 02:30:00,20.562,0.975,73.384,139.533,
2026-05-25 02:35:00,22.993,0.987,80.534,513.899,
2026-05-25 02:40:00,24.862,0.907,253.983,879.632,
2026-05-25 02:45:00,32.207,0.999,179.451,290.848,
2026-05-25 02:50:00,25.488,0.971,84.541,139.347,
2026-05-25 02:55:00,27.714,0.944,123.45,393.821,
2026-05-25 03:00:00,24.791,0.962,71.985,156.246,
2026-05-25 03:05:00,19.838,1.005,58.177,98.542,
2026-05-25 03:10:00,22.529,1.005,67.461,158.355,
2026-05-25 03:20:00,22.412,0.844,52.246,549.508,
2026-05-25 03:25:00,25.407,0.894,74.232,708.468,
2026-05-25 03:30:00,30.821,0.94,159.8,1548.226,
2026-05-25 03:35:00,16.999,0.987,41.674,575.456,
2026-05-25 03:40:00,18.473,0.9,20.722,817.859,
2026-05-25 03:45:00,12.877,0.998,22.861,186.875,
2026-05-25 03:50:00,16.5,0.938,41.972,530.32,
2026-05-25 03:55:00,14.544,1.004,26.084,180.879,
2026-05-25 04:00:00,16.791,0.945,35.215,395.441,
2026-05-25 04:05:00,18.362,0.964,45.153,326.312,
2026-05-25 04:10:00,17.436,0.987,39.671,209.308,
2026-05-25 04:15:00,20.436,0.969,85.413,844.017,
2026-05-25 04:20:00,19.289,0.966,112.366,780.044,
2026-05-25 04:25:00,16.538,0.978,44.45,154.762,
2026-05-25 04:30:00,20.639,0.981,90.993,211.264,
2026-05-25 04:35:00,18.28,1.004,85.879,118.684,
2026-05-25 04:40:00,17.94,0.986,67.475,836.378,
2026-05-25 04:45:00,19.866,0.94,84.849,568.131,
2026-05-25 04:50:00,19.989,0.987,61.978,878.954,
2026-05-25 04:55:00,18.554,0.994,58.359,595.861,
2026-05-25 05:00:00,24.827,0.897,108.387,1493.416,
2026-05-25 05:05:00,24.137,0.916,65.467,457.947,
2026-05-25 05:10:00,22.99,0.987,97.755,1415.479,
2026-05-25 05:15:00,20.616,0.989,67.332,660.466,
2026-05-25 05:20:00,17.129,1.0,41.804,439.498,
2026-05-25 05:25:00,17.078,0.987,41.626,226.398,
2026-05-25 05:30:00,11.031,1.004,10.926,179.473,
2026-05-25 05:35:00,16.806,0.916,21.345,397.867,
2026-05-25 05:40:00,16.758,0.998,47.22,328.505,
2026-05-25 06:05:00,18.723,0.812,53.648,236.862,
2026-05-25 06:10:00,23.741,0.985,85.573,997.401,
2026-05-25 06:15:00,32.181,1.002,185.782,547.561,
2026-05-25 06:20:00,30.993,0.984,162.846,193.524,
2026-05-25 06:25:00,20.738,0.986,77.046,146.625,
2026-05-25 06:30:00,27.169,0.959,145.094,844.637,
2026-05-25 06:35:00,25.939,0.937,95.263,1199.138,
2026-05-25 06:40:00,29.915,0.863,102.57,1763.776,
2026-05-25 06:45:00,25.224,0.923,114.553,1572.372,
2026-05-25 06:50:00,25.593,0.981,87.845,1743.506,
2026-05-25 06:55:00,21.516,0.813,200.541,2134.451,
2026-05-25 23:40:00,20.96,0.895,94.921,396.453,
2026-05-25 23:45:00,18.678,0.759,66.553,346.066,
2026-05-25 23:50:00,24.106,0.971,106.72,95.243,
2026-05-25 23:55:00,28.439,0.932,128.42,226.401,
2026-05-26 00:00:00,27.629,0.961,109.394,554.021,
2026-05-26 00:05:00,29.574,0.969,115.752,128.418,
2026-05-26 00:10:00,27.782,1.004,109.751,162.368,
2026-05-26 00:15:00,27.518,0.995,105.592,57.189,
2026-05-26 00:20:00,27.09,1.006,132.946,120.707,
2026-05-26 00:25:00,23.57,1.003,67.65,142.933,
2026-05-26 00:30:00,24.829,1.001,83.203,141.123,
2026-05-26 00:35:00,25.823,1.005,88.658,99.379,
2026-05-26 00:40:00,30.006,1.004,114.411,115.116,
2026-05-26 00:45:00,30.177,0.931,163.916,1620.307,
2026-05-26 00:50:00,27.291,0.983,108.476,198.983,
2026-05-26 00:55:00,30.783,0.987,143.585,1159.059,
2026-05-26 01:00:00,27.827,1.002,73.714,311.52,
2026-05-26 01:05:00,23.095,0.967,49.161,736.992,
2026-05-26 01:10:00,27.131,0.969,108.163,580.949,
2026-05-26 01:15:00,27.293,0.992,108.507,337.196,
2026-05-26 01:20:00,24.331,1.0,99.413,135.542,
2026-05-26 01:25:00,21.487,0.956,103.422,321.324,
2026-05-26 01:30:00,23.288,1.005,84.005,173.781,
2026-05-26 01:35:00,22.604,0.962,72.934,71.65,
2026-05-26 01:40:00,23.346,0.979,84.998,141.316,
2026-05-26 01:45:00,21.113,0.952,58.37,187.474,
2026-05-26 01:50:00,38.582,1.002,176.554,332.594,
2026-05-26 01:55:00,34.374,0.97,146.402,138.979,
2026-05-26 02:00:00,39.355,1.002,179.568,171.965,
2026-05-26 02:05:00,25.153,1.006,110.424,173.646,
2026-05-26 02:10:00,28.729,1.003,123.133,179.532,
2026-05-26 02:15:00,34.219,0.898,140.308,2422.599,
2026-05-26 02:20:00,29.731,0.967,105.98,1217.439,
2026-05-26 02:25:00,30.114,0.966,134.453,914.847,
2026-05-26 02:30:00,36.305,0.967,153.065,694.352,
2026-05-26 02:35:00,31.962,0.946,101.694,1049.481,
2026-05-26 02:40:00,33.636,0.969,177.595,292.856,
2026-05-26 02:45:00,32.965,0.974,182.681,442.156,
2026-05-26 02:50:00,30.358,0.948,84.481,931.666,
2026-05-26 02:55:00,31.985,0.942,156.674,2385.214,
2026-05-26 03:00:00,44.384,0.967,222.803,1203.215,
2026-05-26 03:05:00,40.032,0.859,165.792,995.798,
2026-05-26 03:10:00,54.544,0.892,385.407,1156.035,
2026-05-26 03:15:00,51.139,0.946,359.104,644.35,
2026-05-26 03:20:00,52.545,0.881,373.601,1320.395,
2026-05-26 03:25:00,52.825,0.752,425.229,1810.508,
2026-05-26 03:30:00,35.909,0.748,120.796,445.44,
2026-05-26 03:35:00,34.346,1.003,138.03,704.465,
2026-05-26 03:40:00,44.467,0.989,252.868,812.538,
2026-05-26 03:45:00,40.674,0.953,249.507,1095.679,
2026-05-26 03:50:00,44.796,0.8,222.454,1580.472,
2026-05-26 03:55:00,39.919,0.973,209.79,1277.526,
2026-05-26 04:00:00,29.086,0.998,56.79,1008.446,
2026-05-26 04:05:00,29.551,0.925,146.433,1111.295,
2026-05-26 04:10:00,39.77,0.966,161.317,1143.784,
2026-05-26 04:15:00,41.729,0.999,172.184,2326.617,
2026-05-26 04:20:00,29.703,0.945,144.478,690.178,
2026-05-26 04:25:00,20.867,0.958,38.683,536.784,
2026-05-26 04:30:00,24.0,0.994,54.244,342.158,
2026-05-26 04:35:00,22.586,0.976,203.055,2528.929,
2026-05-26 04:40:00,25.564,0.97,148.412,879.565,
2026-05-26 04:45:00,35.762,0.914,227.63,697.455,
2026-05-26 04:50:00,33.005,1.004,146.984,512.742,
2026-05-26 04:55:00,30.601,0.97,122.134,737.415,
2026-05-26 05:00:00,51.552,0.938,520.905,2404.444,
2026-05-26 05:05:00,32.114,0.968,133.828,476.337,
2026-05-26 05:10:00,38.67,0.97,247.971,2349.685,
2026-05-26 05:15:00,38.021,0.944,191.476,1318.373,
2026-05-26 05:20:00,29.15,0.961,77.417,1566.785,
2026-05-26 05:25:00,29.025,0.929,207.58,1064.044,
2026-05-26 05:30:00,28.707,0.89,138.012,273.423,
2026-05-26 05:35:00,32.861,0.848,108.18,686.436,
2026-05-26 05:40:00,32.808,0.971,181.297,1004.056,
2026-05-26 05:45:00,39.576,0.925,240.491,1020.349,
2026-05-26 05:50:00,49.141,0.919,343.559,738.404,
2026-05-28 00:00:00,23.1,0.939,72.3,950.2,
2026-05-28 00:05:00,20.8,0.856,93.6,359.7,
2026-05-28 00:10:00,21.5,0.909,60.7,272.3,
2026-05-28 00:15:00,24.6,0.935,129.6,471.0,
2026-05-28 00:20:00,26.0,0.973,119.9,141.3,
2026-05-28 00:25:00,24.4,0.952,103.2,110.4,
2026-05-28 00:30:00,24.5,0.961,76.3,173.2,
2026-05-28 00:35:00,36.3,0.937,428.9,1897.8,
2026-05-28 00:40:00,35.8,0.891,211.7,815.9,
2026-05-28 00:45:00,39.0,0.889,298.9,320.6,
2026-05-28 00:50:00,36.8,0.97,182.6,546.9,
2026-05-28 00:55:00,38.4,0.945,272.4,209.7,
2026-05-28 01:00:00,35.8,0.967,409.4,1077.4,
2026-05-28 01:05:00,33.3,0.846,541.0,1391.7,
2026-05-28 01:10:00,28.8,0.867,86.3,399.0,
2026-05-28 01:15:00,25.8,0.915,44.9,382.8,
2026-05-28 01:20:00,38.5,0.794,193.0,413.5,
2026-05-28 01:25:00,37.4,0.93,147.1,290.2,
2026-05-28 01:30:00,42.9,0.919,446.4,418.4,
2026-05-28 01:35:00,45.4,0.962,394.9,423.3,
2026-05-28 01:40:00,45.0,0.935,258.2,1391.7,
2026-05-28 01:45:00,34.5,0.86,354.0,1049.4,
2026-05-28 01:50:00,45.0,0.854,431.2,937.4,
2026-05-28 01:55:00,41.1,0.938,204.0,746.9,
2026-05-28 02:00:00,45.8,0.891,668.0,3654.6,
2026-05-28 02:05:00,48.8,0.885,171.5,598.8,
2026-05-28 02:10:00,29.4,0.908,280.1,1704.6,
2026-05-28 02:15:00,19.6,0.851,77.0,257.1,
2026-05-28 02:20:00,21.7,0.966,147.1,3850.8,
2026-05-28 02:25:00,26.7,0.898,308.1,4264.7,
2026-05-28 02:30:00,35.9,0.916,424.1,1279.4,
2026-05-28 02:35:00,36.7,0.94,258.7,1982.0,
2026-05-28 02:40:00,30.9,0.88,394.1,3073.7,
2026-05-28 02:45:00,40.6,0.891,334.5,1446.2,
2026-05-28 02:50:00,24.2,0.921,117.0,875.8,
2026-05-28 02:55:00,41.6,0.929,1690.9,1656.2,
2026-05-28 03:00:00,40.2,0.903,448.7,432.9,
2026-05-28 03:05:00,29.1,0.925,171.0,685.6,
2026-05-28 03:10:00,39.6,0.922,474.4,279.5,
2026-05-28 03:15:00,42.0,0.972,371.0,242.0,
2026-05-28 03:20:00,28.8,0.961,252.2,267.1,
2026-05-28 03:25:00,34.9,0.927,119.9,1258.7,
2026-05-28 03:30:00,30.9,0.899,133.6,633.6,
2026-05-28 03:35:00,41.2,0.935,230.0,943.8,
2026-05-28 03:55:00,29.7,0.855,226.6,1837.2,
2026-05-28 04:00:00,22.6,0.321,105.6,419.6,
2026-05-28 04:05:00,18.8,0.012,49.8,181.8,
2026-05-28 04:10:00,19.3,0.398,75.9,374.8,
2026-05-28 04:15:00,24.3,0.927,111.2,887.0,
2026-05-28 04:20:00,18.6,0.941,117.0,899.8,
2026-05-28 04:25:00,25.1,0.854,157.4,1126.3,
2026-05-28 04:30:00,24.4,0.895,39.2,173.3,
2026-05-28 04:40:00,20.2,0.839,78.5,829.9,
2026-05-28 04:45:00,19.6,0.903,53.3,495.5,
2026-05-28 04:50:00,24.3,0.854,102.7,631.7,
2026-05-28 04:55:00,25.3,0.851,132.3,1754.7,
2026-05-28 05:00:00,46.1,0.313,410.5,1500.3,
2026-05-28 05:05:00,40.6,0.903,972.1,4029.2,
2026-05-28 05:10:00,37.4,0.864,248.8,2086.7,
2026-05-28 05:15:00,55.0,0.9,142.6,955.6,
2026-05-28 22:25:00,15.9,0.329,44.2,169.7,
2026-05-28 22:30:00,22.5,0.91,73.7,99.3,
2026-05-28 22:35:00,23.1,0.925,82.4,116.2,
2026-05-28 22:40:00,24.2,0.884,132.0,149.3,
2026-05-28 22:45:00,23.6,0.971,142.2,138.4,
2026-05-28 22:50:00,26.0,0.945,187.3,100.6,
2026-05-28 22:55:00,26.1,0.963,123.8,86.1,
2026-05-28 23:00:00,27.0,0.966,319.9,234.4,
2026-05-28 23:05:00,25.5,0.967,116.6,183.5,
2026-05-28 23:10:00,26.5,0.974,119.4,125.9,
2026-05-28 23:25:00,23.5,0.963,108.1,164.5,
2026-05-28 23:30:00,20.6,0.576,67.0,361.8,
2026-05-28 23:35:00,21.7,0.407,96.2,344.6,
2026-05-28 23:40:00,23.1,0.941,55.3,243.5,
2026-05-28 23:45:00,16.4,0.943,51.5,1055.3,
2026-05-28 23:50:00,21.8,0.882,99.2,475.3,
2026-05-28 23:55:00,15.2,0.92,71.0,187.2,
2026-05-29 00:00:00,22.8,0.899,45.8,482.1,
2026-05-29 00:05:00,26.4,0.902,217.8,178.7,
2026-05-29 00:10:00,25.9,0.926,120.6,141.1,
2026-05-29 00:15:00,32.1,0.863,273.3,172.3,
2026-05-29 00:20:00,28.2,0.956,124.6,181.5,
2026-05-29 00:25:00,31.2,0.96,150.8,93.9,
2026-05-29 00:30:00,30.6,0.964,170.7,184.7,
2026-05-29 00:35:00,33.8,0.972,147.8,855.2,
2026-05-29 00:40:00,33.1,0.976,216.8,237.6,
2026-05-29 00:45:00,39.1,0.976,481.2,4492.0,
2026-05-29 00:50:00,40.6,0.892,322.5,278.6,
2026-05-29 00:55:00,35.7,0.949,512.5,1697.9,
2026-05-29 01:00:00,41.8,0.91,384.5,1862.9,
2026-05-29 01:05:00,39.5,0.978,326.3,1180.5,
2026-05-29 01:10:00,20.4,0.903,57.9,353.4,
2026-05-29 01:15:00,17.8,0.926,52.0,670.8,
2026-05-29 01:20:00,25.5,0.953,52.0,286.9,
2026-05-29 01:25:00,21.6,0.937,55.8,455.8,
2026-05-29 01:30:00,21.2,0.843,127.2,703.4,
2026-05-29 01:35:00,21.9,0.921,95.1,766.4,
2026-05-29 01:40:00,24.7,0.863,108.2,512.2,
2026-05-29 01:45:00,29.9,0.929,118.0,454.2,
2026-05-29 01:50:00,26.2,0.917,302.9,760.7,
2026-05-29 01:55:00,30.1,0.915,118.9,565.5,
2026-05-29 02:00:00,25.2,0.943,118.3,311.8,
2026-05-29 02:05:00,25.5,0.934,147.1,287.8,
2026-05-29 02:10:00,26.2,0.94,147.6,205.3,
2026-05-29 02:15:00,27.4,0.972,325.4,1001.9,
2026-05-29 02:20:00,22.5,0.964,110.6,443.6,
2026-05-29 02:25:00,30.8,0.919,172.7,459.1,
2026-05-29 02:30:00,32.1,0.934,181.5,193.9,
2026-05-29 02:35:00,26.2,0.934,89.5,213.4,
2026-05-29 02:40:00,29.8,0.975,132.3,237.9,
2026-05-29 02:45:00,31.6,0.967,183.8,247.1,
2026-05-29 02:50:00,33.8,0.927,170.5,104.7,
2026-05-29 03:00:00,34.4,0.955,120.1,614.4,
2026-05-29 03:05:00,43.0,0.96,226.0,665.1,
2026-05-29 03:10:00,39.5,0.972,325.1,1242.6,
2026-05-29 03:15:00,36.9,0.53,136.6,841.1,
2026-05-29 03:20:00,32.6,0.84,219.8,802.2,
2026-05-29 03:25:00,29.7,0.95,115.4,651.1,
2026-05-29 03:30:00,32.6,0.862,185.6,1237.7,
2026-05-29 03:35:00,28.1,0.919,389.6,917.0,
2026-05-29 03:40:00,21.6,0.855,46.1,392.4,
2026-05-29 03:45:00,20.6,0.929,114.0,1483.3,
2026-05-29 03:50:00,34.4,0.9,220.7,673.6,
2026-05-29 03:55:00,36.8,0.842,413.4,536.0,
2026-05-29 04:00:00,40.2,0.852,521.2,519.2,
2026-05-29 04:05:00,47.1,0.842,352.2,1717.3,
2026-05-29 04:10:00,45.1,0.897,642.4,1142.4,
2026-05-29 04:15:00,40.1,0.933,170.6,584.1,
2026-05-29 04:20:00,40.9,0.946,191.9,4333.4,
2026-05-29 04:25:00,41.1,0.948,331.1,2511.4,
2026-05-29 04:30:00,47.4,0.953,339.2,1904.7,
2026-05-29 04:35:00,40.4,0.93,234.9,1281.1,
2026-05-29 04:40:00,45.4,0.899,372.8,2054.3,
2026-05-29 04:45:00,36.4,0.881,114.7,1341.0,
2026-05-29 04:50:00,36.5,0.928,64.0,399.1,
2026-05-29 04:55:00,41.6,0.925,141.0,824.6,
2026-05-29 05:00:00,41.2,0.912,227.3,714.6,
2026-05-29 05:05:00,52.3,0.925,219.8,1042.9,
